Pallet: "pallet_transaction_storage", Extrinsic: "store", Lowest values: [], Highest values: [], Steps: 50, Repeat: 20
l,extrinsic_time_ns,storage_root_time_ns,reads,repeat_reads,writes,repeat_writes,proof_size_bytes
1,40174,1506,0,0,0,0,0
1,34972,1388,0,0,0,0,0
1,34642,1352,0,0,0,0,0
1,34110,1356,0,0,0,0,0
1,34027,1332,0,0,0,0,0
1,33601,1315,0,0,0,0,0
1,33852,1309,0,0,0,0,0
1,34143,1310,0,0,0,0,0
1,34012,1301,0,0,0,0,0
1,33489,1351,0,0,0,0,0
1,33677,1302,0,0,0,0,0
1,33794,1291,0,0,0,0,0
1,34128,1371,0,0,0,0,0
1,34386,1338,0,0,0,0,0
1,33928,1333,0,0,0,0,0
1,33888,1321,0,0,0,0,0
1,33914,1380,0,0,0,0,0
1,35617,1341,0,0,0,0,0
1,34006,1322,0,0,0,0,0
1,33503,1349,0,0,0,0,0
167773,1049780,1665,0,0,0,0,0
167773,873668,1501,0,0,0,0,0
167773,862011,1460,0,0,0,0,0
167773,864295,1477,0,0,0,0,0
167773,875516,1559,0,0,0,0,0
167773,866014,1428,0,0,0,0,0
167773,867310,1539,0,0,0,0,0
167773,899956,1535,0,0,0,0,0
167773,865635,1525,0,0,0,0,0
167773,866549,1436,0,0,0,0,0
167773,865086,1522,0,0,0,0,0
167773,911626,1530,0,0,0,0,0
167773,865385,1461,0,0,0,0,0
167773,865543,1456,0,0,0,0,0
167773,866844,1521,0,0,0,0,0
167773,904528,1503,0,0,0,0,0
167773,894197,1513,0,0,0,0,0
167773,868410,1437,0,0,0,0,0
167773,866412,1487,0,0,0,0,0
167773,904739,1581,0,0,0,0,0
335545,1991414,1735,0,0,0,0,0
335545,1792447,1493,0,0,0,0,0
335545,1717679,1536,0,0,0,0,0
335545,1727754,1471,0,0,0,0,0
335545,1690960,1464,0,0,0,0,0
335545,1728845,1516,0,0,0,0,0
335545,1688100,1484,0,0,0,0,0
335545,1726658,1467,0,0,0,0,0
335545,1691224,1470,0,0,0,0,0
335545,1723421,1437,0,0,0,0,0
335545,1689972,1515,0,0,0,0,0
335545,1726870,1453,0,0,0,0,0
335545,1689800,1459,0,0,0,0,0
335545,1719451,1497,0,0,0,0,0
335545,1689634,1450,0,0,0,0,0
335545,1721410,1513,0,0,0,0,0
335545,1689637,1418,0,0,0,0,0
335545,1697886,1473,0,0,0,0,0
335545,1690431,1451,0,0,0,0,0
335545,1694652,1485,0,0,0,0,0
503317,3003849,1924,0,0,0,0,0
503317,2517370,1602,0,0,0,0,0
503317,2512389,1539,0,0,0,0,0
503317,2475225,1504,0,0,0,0,0
503317,2520414,1537,0,0,0,0,0
503317,2515873,1533,0,0,0,0,0
503317,2473952,1548,0,0,0,0,0
503317,2483599,1524,0,0,0,0,0
503317,2507173,1549,0,0,0,0,0
503317,2526848,1564,0,0,0,0,0
503317,2473895,1590,0,0,0,0,0
503317,2505958,1552,0,0,0,0,0
503317,2477081,1559,0,0,0,0,0
503317,2477961,1470,0,0,0,0,0
503317,2533725,1535,0,0,0,0,0
503317,2483635,1535,0,0,0,0,0
503317,2470178,4639,0,0,0,0,0
503317,2475603,1527,0,0,0,0,0
503317,2478826,1496,0,0,0,0,0
503317,2478957,1545,0,0,0,0,0
671089,4003715,1920,0,0,0,0,0
671089,3355614,1532,0,0,0,0,0
671089,3346334,1569,0,0,0,0,0
671089,3350038,1502,0,0,0,0,0
671089,3348222,1519,0,0,0,0,0
671089,3313121,1607,0,0,0,0,0
671089,3353918,1555,0,0,0,0,0
671089,3322216,1576,0,0,0,0,0
671089,3310098,1595,0,0,0,0,0
671089,3401683,1524,0,0,0,0,0
671089,3315300,1552,0,0,0,0,0
671089,3313930,1569,0,0,0,0,0
671089,3357536,1539,0,0,0,0,0
671089,3302376,1511,0,0,0,0,0
671089,3370720,1509,0,0,0,0,0
671089,3315554,1518,0,0,0,0,0
671089,3337729,1511,0,0,0,0,0
671089,3315819,1522,0,0,0,0,0
671089,3312220,1522,0,0,0,0,0
671089,3316739,1567,0,0,0,0,0
838861,5102317,2036,0,0,0,0,0
838861,4202259,1592,0,0,0,0,0
838861,4193017,1604,0,0,0,0,0
838861,4233867,1653,0,0,0,0,0
838861,4195835,1669,0,0,0,0,0
838861,4162842,1559,0,0,0,0,0
838861,4162559,1580,0,0,0,0,0
838861,4163536,1567,0,0,0,0,0
838861,4156381,1532,0,0,0,0,0
838861,4229813,1707,0,0,0,0,0
838861,4292114,1591,0,0,0,0,0
838861,4243592,1711,0,0,0,0,0
838861,4169816,1610,0,0,0,0,0
838861,4168688,1614,0,0,0,0,0
838861,4201277,1494,0,0,0,0,0
838861,4285851,1689,0,0,0,0,0
838861,4195404,1646,0,0,0,0,0
838861,4171248,1620,0,0,0,0,0
838861,4158696,1616,0,0,0,0,0
838861,4173911,1589,0,0,0,0,0
1006633,6152359,2330,0,0,0,0,0
1006633,5095593,1751,0,0,0,0,0
1006633,5105717,1926,0,0,0,0,0
1006633,5097527,1729,0,0,0,0,0
1006633,5069642,1769,0,0,0,0,0
1006633,5171690,1699,0,0,0,0,0
1006633,5033501,1733,0,0,0,0,0
1006633,5052061,1814,0,0,0,0,0
1006633,5083130,1852,0,0,0,0,0
1006633,5046078,1798,0,0,0,0,0
1006633,5053630,1879,0,0,0,0,0
1006633,5016857,1947,0,0,0,0,0
1006633,5017002,1775,0,0,0,0,0
1006633,5020072,1739,0,0,0,0,0
1006633,5014617,1740,0,0,0,0,0
1006633,5064297,1720,0,0,0,0,0
1006633,5013034,1860,0,0,0,0,0
1006633,5029190,1838,0,0,0,0,0
1006633,5020257,1736,0,0,0,0,0
1006633,5018449,1788,0,0,0,0,0
1174405,7250034,2142,0,0,0,0,0
1174405,6172800,1888,0,0,0,0,0
1174405,6074694,1874,0,0,0,0,0
1174405,6088662,1926,0,0,0,0,0
1174405,6136808,1807,0,0,0,0,0
1174405,6122479,1830,0,0,0,0,0
1174405,6058008,1719,0,0,0,0,0
1174405,6127106,1985,0,0,0,0,0
1174405,6091055,1923,0,0,0,0,0
1174405,6134722,1795,0,0,0,0,0
1174405,6045600,1784,0,0,0,0,0
1174405,6049960,1991,0,0,0,0,0
1174405,6113379,1859,0,0,0,0,0
1174405,6048749,1857,0,0,0,0,0
1174405,5999812,2087,0,0,0,0,0
1174405,6029752,1930,0,0,0,0,0
1174405,6046044,1823,0,0,0,0,0
1174405,6060873,1905,0,0,0,0,0
1174405,6007701,1954,0,0,0,0,0
1174405,6079885,1836,0,0,0,0,0
1342177,8313494,2037,0,0,0,0,0
1342177,6993472,1824,0,0,0,0,0
1342177,6902898,1689,0,0,0,0,0
1342177,6947665,1953,0,0,0,0,0
1342177,6910566,1844,0,0,0,0,0
1342177,6892361,2541,0,0,0,0,0
1342177,6898761,1715,0,0,0,0,0
1342177,6941313,1828,0,0,0,0,0
1342177,7048782,1836,0,0,0,0,0
1342177,6987583,1864,0,0,0,0,0
1342177,7052453,1967,0,0,0,0,0
1342177,6881587,2071,0,0,0,0,0
1342177,6841626,1799,0,0,0,0,0
1342177,6853023,1842,0,0,0,0,0
1342177,6851830,1740,0,0,0,0,0
1342177,6888370,1809,0,0,0,0,0
1342177,6921864,1782,0,0,0,0,0
1342177,6881059,1798,0,0,0,0,0
1342177,6854807,2134,0,0,0,0,0
1342177,6965748,1679,0,0,0,0,0
1509949,9463768,2174,0,0,0,0,0
1509949,8054370,2259,0,0,0,0,0
1509949,7857742,2132,0,0,0,0,0
1509949,7878207,1791,0,0,0,0,0
1509949,7823164,2090,0,0,0,0,0
1509949,7846797,1782,0,0,0,0,0
1509949,7769744,1900,0,0,0,0,0
1509949,7806901,1828,0,0,0,0,0
1509949,7787288,1870,0,0,0,0,0
1509949,7816512,1898,0,0,0,0,0
1509949,7743009,1884,0,0,0,0,0
1509949,7797863,1929,0,0,0,0,0
1509949,7796139,1928,0,0,0,0,0
1509949,7852045,1999,0,0,0,0,0
1509949,7764221,2010,0,0,0,0,0
1509949,7922513,1786,0,0,0,0,0
1509949,7811751,1794,0,0,0,0,0
1509949,7799831,1974,0,0,0,0,0
1509949,7753879,1806,0,0,0,0,0
1509949,7800195,1796,0,0,0,0,0
1677721,10370383,2150,0,0,0,0,0
1677721,8868906,1930,0,0,0,0,0
1677721,8791224,1884,0,0,0,0,0
1677721,8834061,1878,0,0,0,0,0
1677721,8697500,2235,0,0,0,0,0
1677721,8862178,2285,0,0,0,0,0
1677721,8700559,2286,0,0,0,0,0
1677721,8735890,2096,0,0,0,0,0
1677721,8686959,1979,0,0,0,0,0
1677721,8769705,2341,0,0,0,0,0
1677721,8757273,2322,0,0,0,0,0
1677721,8754078,1786,0,0,0,0,0
1677721,8824297,2176,0,0,0,0,0
1677721,8883926,2137,0,0,0,0,0
1677721,8737166,2024,0,0,0,0,0
1677721,8904350,2076,0,0,0,0,0
1677721,8689946,1889,0,0,0,0,0
1677721,8778984,1996,0,0,0,0,0
1677721,8688466,2250,0,0,0,0,0
1677721,8727970,2469,0,0,0,0,0
1845493,11485194,2115,0,0,0,0,0
1845493,9864615,2085,0,0,0,0,0
1845493,9636371,2452,0,0,0,0,0
1845493,9688888,2104,0,0,0,0,0
1845493,9621867,1973,0,0,0,0,0
1845493,9720112,2216,0,0,0,0,0
1845493,9657605,2055,0,0,0,0,0
1845493,9680136,2148,0,0,0,0,0
1845493,9632465,2056,0,0,0,0,0
1845493,9958789,2018,0,0,0,0,0
1845493,9636374,2027,0,0,0,0,0
1845493,9816950,2327,0,0,0,0,0
1845493,9602663,2005,0,0,0,0,0
1845493,9671186,2205,0,0,0,0,0
1845493,9651966,2109,0,0,0,0,0
1845493,9656727,2451,0,0,0,0,0
1845493,9660384,2245,0,0,0,0,0
1845493,9739689,2079,0,0,0,0,0
1845493,9696088,2042,0,0,0,0,0
1845493,9746538,1961,0,0,0,0,0
2013265,12456930,2217,0,0,0,0,0
2013265,10698768,1980,0,0,0,0,0
2013265,10706855,2043,0,0,0,0,0
2013265,10672504,2249,0,0,0,0,0
2013265,10670290,2036,0,0,0,0,0
2013265,10626976,1842,0,0,0,0,0
2013265,10528320,1928,0,0,0,0,0
2013265,10593121,1941,0,0,0,0,0
2013265,10619940,1994,0,0,0,0,0
2013265,10615801,2286,0,0,0,0,0
2013265,10546086,2074,0,0,0,0,0
2013265,10663894,1959,0,0,0,0,0
2013265,10547095,2107,0,0,0,0,0
2013265,10644926,1947,0,0,0,0,0
2013265,10538610,1864,0,0,0,0,0
2013265,10614064,2565,0,0,0,0,0
2013265,10537598,2010,0,0,0,0,0
2013265,10637921,2143,0,0,0,0,0
2013265,10536871,2078,0,0,0,0,0
2013265,11009611,2204,0,0,0,0,0
2181037,13561143,2597,0,0,0,0,0
2181037,11776692,2021,0,0,0,0,0
2181037,11495654,1834,0,0,0,0,0
2181037,11636104,2324,0,0,0,0,0
2181037,11506510,2070,0,0,0,0,0
2181037,11721005,2125,0,0,0,0,0
2181037,11572909,1926,0,0,0,0,0
2181037,11674831,2035,0,0,0,0,0
2181037,11552432,2481,0,0,0,0,0
2181037,11966805,2400,0,0,0,0,0
2181037,11621951,2020,0,0,0,0,0
2181037,11668722,1898,0,0,0,0,0
2181037,11519430,2223,0,0,0,0,0
2181037,11612941,1927,0,0,0,0,0
2181037,11493734,2165,0,0,0,0,0
2181037,11587276,2062,0,0,0,0,0
2181037,11581549,2295,0,0,0,0,0
2181037,11766337,2114,0,0,0,0,0
2181037,11667861,1955,0,0,0,0,0
2181037,11680872,2492,0,0,0,0,0
2348809,14539061,2212,0,0,0,0,0
2348809,12532914,2063,0,0,0,0,0
2348809,12361473,2037,0,0,0,0,0
2348809,12450477,2096,0,0,0,0,0
2348809,12494340,2108,0,0,0,0,0
2348809,12394918,1939,0,0,0,0,0
2348809,12445161,2064,0,0,0,0,0
2348809,12481784,2250,0,0,0,0,0
2348809,12334745,2178,0,0,0,0,0
2348809,12441630,2024,0,0,0,0,0
2348809,12374910,2523,0,0,0,0,0
2348809,12427878,2119,0,0,0,0,0
2348809,12394250,1974,0,0,0,0,0
2348809,12585323,1986,0,0,0,0,0
2348809,12344113,2357,0,0,0,0,0
2348809,12454076,2015,0,0,0,0,0
2348809,12336553,2110,0,0,0,0,0
2348809,12481735,2078,0,0,0,0,0
2348809,12370695,1975,0,0,0,0,0
2348809,12593372,2154,0,0,0,0,0
2516581,15641277,2405,0,0,0,0,0
2516581,13485762,2069,0,0,0,0,0
2516581,13300227,2028,0,0,0,0,0
2516581,13433914,1871,0,0,0,0,0
2516581,13558970,2276,0,0,0,0,0
2516581,13492823,2354,0,0,0,0,0
2516581,13477035,2181,0,0,0,0,0
2516581,13444752,2098,0,0,0,0,0
2516581,13257396,2295,0,0,0,0,0
2516581,13417467,2504,0,0,0,0,0
2516581,13260045,2113,0,0,0,0,0
2516581,13483768,2050,0,0,0,0,0
2516581,13238399,2064,0,0,0,0,0
2516581,13446116,2191,0,0,0,0,0
2516581,13239599,2443,0,0,0,0,0
2516581,13393501,2451,0,0,0,0,0
2516581,13264941,2319,0,0,0,0,0
2516581,13357747,2200,0,0,0,0,0
2516581,13361012,2097,0,0,0,0,0
2516581,13445105,2219,0,0,0,0,0
2684353,16710236,2066,0,0,0,0,0
2684353,14377826,2077,0,0,0,0,0
2684353,14300933,2160,0,0,0,0,0
2684353,14421035,2458,0,0,0,0,0
2684353,14133047,2209,0,0,0,0,0
2684353,14312968,2115,0,0,0,0,0
2684353,14098842,2099,0,0,0,0,0
2684353,14352839,2205,0,0,0,0,0
2684353,14178618,1955,0,0,0,0,0
2684353,14352680,2094,0,0,0,0,0
2684353,14289158,2025,0,0,0,0,0
2684353,14240363,2042,0,0,0,0,0
2684353,14165575,1986,0,0,0,0,0
2684353,14239034,2017,0,0,0,0,0
2684353,14209660,1985,0,0,0,0,0
2684353,14394960,2000,0,0,0,0,0
2684353,14234458,2414,0,0,0,0,0
2684353,14271382,2182,0,0,0,0,0
2684353,14169010,2065,0,0,0,0,0
2684353,14332322,2140,0,0,0,0,0
2852125,17569205,2162,0,0,0,0,0
2852125,15234191,2422,0,0,0,0,0
2852125,15149825,2081,0,0,0,0,0
2852125,15144962,2039,0,0,0,0,0
2852125,15109943,1976,0,0,0,0,0
2852125,15219910,2321,0,0,0,0,0
2852125,14973690,1999,0,0,0,0,0
2852125,15089757,2421,0,0,0,0,0
2852125,14992491,2038,0,0,0,0,0
2852125,15075651,1867,0,0,0,0,0
2852125,15057133,2189,0,0,0,0,0
2852125,15240786,2129,0,0,0,0,0
2852125,14923214,2566,0,0,0,0,0
2852125,15196739,1905,0,0,0,0,0
2852125,14990988,2298,0,0,0,0,0
2852125,15190741,2038,0,0,0,0,0
2852125,15276986,2069,0,0,0,0,0
2852125,15322524,2027,0,0,0,0,0
2852125,14998812,2056,0,0,0,0,0
2852125,15116940,2044,0,0,0,0,0
3019897,18650902,1981,0,0,0,0,0
3019897,16077231,1963,0,0,0,0,0
3019897,15839965,2524,0,0,0,0,0
3019897,16291194,2101,0,0,0,0,0
3019897,15952847,2152,0,0,0,0,0
3019897,16112169,1988,0,0,0,0,0
3019897,15866288,2437,0,0,0,0,0
3019897,16140138,1903,0,0,0,0,0
3019897,15847335,2093,0,0,0,0,0
3019897,16042897,2021,0,0,0,0,0
3019897,15951339,2291,0,0,0,0,0
3019897,16171978,2160,0,0,0,0,0
3019897,15895719,2145,0,0,0,0,0
3019897,16108170,1979,0,0,0,0,0
3019897,16018300,1915,0,0,0,0,0
3019897,16330569,2406,0,0,0,0,0
3019897,15898598,1918,0,0,0,0,0
3019897,16101531,1939,0,0,0,0,0
3019897,15847393,2183,0,0,0,0,0
3019897,16075882,1978,0,0,0,0,0
3187669,19870209,2168,0,0,0,0,0
3187669,17040001,2171,0,0,0,0,0
3187669,16746659,2192,0,0,0,0,0
3187669,17005115,2144,0,0,0,0,0
3187669,16793293,2170,0,0,0,0,0
3187669,17076744,2150,0,0,0,0,0
3187669,16784834,1963,0,0,0,0,0
3187669,16970807,2143,0,0,0,0,0
3187669,16807611,2011,0,0,0,0,0
3187669,16978661,2041,0,0,0,0,0
3187669,16952012,1975,0,0,0,0,0
3187669,17040272,2149,0,0,0,0,0
3187669,16801506,2039,0,0,0,0,0
3187669,16924200,2910,0,0,0,0,0
3187669,16807999,2093,0,0,0,0,0
3187669,16986953,1917,0,0,0,0,0
3187669,17119893,2225,0,0,0,0,0
3187669,17094377,2152,0,0,0,0,0
3187669,16713114,2622,0,0,0,0,0
3187669,16886482,2683,0,0,0,0,0
3355441,20819417,2189,0,0,0,0,0
3355441,17967197,2218,0,0,0,0,0
3355441,17686514,2078,0,0,0,0,0
3355441,17857681,2147,0,0,0,0,0
3355441,17651108,1992,0,0,0,0,0
3355441,17973198,2080,0,0,0,0,0
3355441,17736848,2129,0,0,0,0,0
3355441,17811111,2149,0,0,0,0,0
3355441,17687752,2254,0,0,0,0,0
3355441,17879748,2154,0,0,0,0,0
3355441,17733390,2055,0,0,0,0,0
3355441,18060706,2313,0,0,0,0,0
3355441,17737287,2058,0,0,0,0,0
3355441,17799239,2117,0,0,0,0,0
3355441,17684922,2573,0,0,0,0,0
3355441,17828622,2000,0,0,0,0,0
3355441,17736615,2329,0,0,0,0,0
3355441,17855703,2032,0,0,0,0,0
3355441,17638898,2087,0,0,0,0,0
3355441,17811918,2056,0,0,0,0,0
3523213,21738426,2135,0,0,0,0,0
3523213,18876303,2071,0,0,0,0,0
3523213,18688506,2004,0,0,0,0,0
3523213,18867147,2365,0,0,0,0,0
3523213,18824246,1991,0,0,0,0,0
3523213,18729073,1974,0,0,0,0,0
3523213,18517142,1899,0,0,0,0,0
3523213,18726713,1955,0,0,0,0,0
3523213,18605757,1985,0,0,0,0,0
3523213,19050744,2156,0,0,0,0,0
3523213,18601962,2225,0,0,0,0,0
3523213,18701311,2258,0,0,0,0,0
3523213,18528249,2075,0,0,0,0,0
3523213,18811935,2000,0,0,0,0,0
3523213,18509473,2255,0,0,0,0,0
3523213,18725698,1968,0,0,0,0,0
3523213,18495278,2050,0,0,0,0,0
3523213,18757866,1971,0,0,0,0,0
3523213,18613391,2143,0,0,0,0,0
3523213,18949148,2036,0,0,0,0,0
3690985,22980037,2178,0,0,0,0,0
3690985,19683340,2085,0,0,0,0,0
3690985,19408214,2080,0,0,0,0,0
3690985,19597850,2150,0,0,0,0,0
3690985,19384502,2164,0,0,0,0,0
3690985,19770887,2091,0,0,0,0,0
3690985,19483955,2307,0,0,0,0,0
3690985,19580146,2374,0,0,0,0,0
3690985,19417765,2104,0,0,0,0,0
3690985,19611379,2137,0,0,0,0,0
3690985,19687343,2101,0,0,0,0,0
3690985,19659990,2007,0,0,0,0,0
3690985,19400227,2165,0,0,0,0,0
3690985,19647231,1960,0,0,0,0,0
3690985,19434637,1945,0,0,0,0,0
3690985,19733405,2184,0,0,0,0,0
3690985,19451890,2095,0,0,0,0,0
3690985,19579480,2042,0,0,0,0,0
3690985,19450610,1939,0,0,0,0,0
3690985,19896962,2116,0,0,0,0,0
3858757,24019187,2167,0,0,0,0,0
3858757,20557210,2025,0,0,0,0,0
3858757,20287473,2257,0,0,0,0,0
3858757,20444881,2337,0,0,0,0,0
3858757,20503466,2152,0,0,0,0,0
3858757,20537617,2060,0,0,0,0,0
3858757,20386300,2350,0,0,0,0,0
3858757,20513288,2045,0,0,0,0,0
3858757,20335446,2045,0,0,0,0,0
3858757,20587311,2049,0,0,0,0,0
3858757,20283291,1956,0,0,0,0,0
3858757,20590718,2035,0,0,0,0,0
3858757,20288358,2061,0,0,0,0,0
3858757,20724805,2048,0,0,0,0,0
3858757,20352910,2056,0,0,0,0,0
3858757,20562939,2424,0,0,0,0,0
3858757,20220970,2216,0,0,0,0,0
3858757,20589276,2279,0,0,0,0,0
3858757,20340966,2041,0,0,0,0,0
3858757,20477790,2303,0,0,0,0,0
4026529,24828276,2117,0,0,0,0,0
4026529,21435854,2067,0,0,0,0,0
4026529,21262279,2029,0,0,0,0,0
4026529,21423627,2421,0,0,0,0,0
4026529,21220496,2334,0,0,0,0,0
4026529,21489827,2106,0,0,0,0,0
4026529,21365776,1999,0,0,0,0,0
4026529,21440975,2153,0,0,0,0,0
4026529,21203627,2381,0,0,0,0,0
4026529,21418617,2373,0,0,0,0,0
4026529,21210284,2078,0,0,0,0,0
4026529,21417642,2099,0,0,0,0,0
4026529,21102045,2155,0,0,0,0,0
4026529,21438133,2241,0,0,0,0,0
4026529,21264359,2189,0,0,0,0,0
4026529,21541144,2071,0,0,0,0,0
4026529,21262994,2036,0,0,0,0,0
4026529,21402681,2177,0,0,0,0,0
4026529,21264495,2010,0,0,0,0,0
4026529,21781374,2204,0,0,0,0,0
4194301,25737689,1992,0,0,0,0,0
4194301,22271847,1985,0,0,0,0,0
4194301,22061022,2003,0,0,0,0,0
4194301,22220434,1962,0,0,0,0,0
4194301,21964287,2105,0,0,0,0,0
4194301,22309208,1940,0,0,0,0,0
4194301,22231973,2252,0,0,0,0,0
4194301,22290460,2064,0,0,0,0,0
4194301,21974477,2467,0,0,0,0,0
4194301,22281413,2428,0,0,0,0,0
4194301,22079588,2061,0,0,0,0,0
4194301,22232932,1995,0,0,0,0,0
4194301,21975115,2179,0,0,0,0,0
4194301,22226500,2028,0,0,0,0,0
4194301,22139970,2022,0,0,0,0,0
4194301,22490350,2158,0,0,0,0,0
4194301,22036156,2157,0,0,0,0,0
4194301,22220692,2129,0,0,0,0,0
4194301,22090294,1981,0,0,0,0,0
4194301,22289268,2055,0,0,0,0,0
4362073,27024331,2481,0,0,0,0,0
4362073,23249460,2088,0,0,0,0,0
4362073,22923307,2047,0,0,0,0,0
4362073,23123515,2096,0,0,0,0,0
4362073,23019836,2105,0,0,0,0,0
4362073,23300867,2302,0,0,0,0,0
4362073,22996593,2017,0,0,0,0,0
4362073,23242169,2461,0,0,0,0,0
4362073,22996385,2260,0,0,0,0,0
4362073,23299281,2000,0,0,0,0,0
4362073,22966136,2143,0,0,0,0,0
4362073,23212811,2096,0,0,0,0,0
4362073,22978615,2783,0,0,0,0,0
4362073,23260348,2220,0,0,0,0,0
4362073,22945558,2252,0,0,0,0,0
4362073,23075999,2552,0,0,0,0,0
4362073,22987082,2145,0,0,0,0,0
4362073,23406385,2106,0,0,0,0,0
4362073,22900096,2003,0,0,0,0,0
4362073,23102480,2307,0,0,0,0,0
4529845,27939389,2058,0,0,0,0,0
4529845,24327789,2297,0,0,0,0,0
4529845,23965475,2480,0,0,0,0,0
4529845,24102363,2074,0,0,0,0,0
4529845,23873513,2212,0,0,0,0,0
4529845,24206289,2144,0,0,0,0,0
4529845,23869246,2065,0,0,0,0,0
4529845,24076216,2221,0,0,0,0,0
4529845,23865951,2270,0,0,0,0,0
4529845,24205172,2101,0,0,0,0,0
4529845,24172743,2114,0,0,0,0,0
4529845,24127466,1952,0,0,0,0,0
4529845,23902684,2025,0,0,0,0,0
4529845,24299499,2205,0,0,0,0,0
4529845,24192078,2044,0,0,0,0,0
4529845,24271241,2275,0,0,0,0,0
4529845,23868186,2189,0,0,0,0,0
4529845,24180700,2067,0,0,0,0,0
4529845,23899115,2053,0,0,0,0,0
4529845,24112052,1961,0,0,0,0,0
4697617,28969527,2126,0,0,0,0,0
4697617,25128776,2197,0,0,0,0,0
4697617,24789297,1959,0,0,0,0,0
4697617,24968636,2032,0,0,0,0,0
4697617,24702932,2035,0,0,0,0,0
4697617,25222841,2085,0,0,0,0,0
4697617,24723163,2017,0,0,0,0,0
4697617,24950833,2448,0,0,0,0,0
4697617,24992876,2154,0,0,0,0,0
4697617,25026501,2027,0,0,0,0,0
4697617,24759721,2035,0,0,0,0,0
4697617,24926632,1920,0,0,0,0,0
4697617,24778279,2281,0,0,0,0,0
4697617,25061608,2252,0,0,0,0,0
4697617,24793346,2035,0,0,0,0,0
4697617,24979636,2016,0,0,0,0,0
4697617,24853851,2101,0,0,0,0,0
4697617,25128769,2349,0,0,0,0,0
4697617,24689757,1881,0,0,0,0,0
4697617,25138543,2314,0,0,0,0,0
4865389,30150878,2044,0,0,0,0,0
4865389,25994381,1942,0,0,0,0,0
4865389,25637888,2041,0,0,0,0,0
4865389,25919417,2208,0,0,0,0,0
4865389,25636589,2175,0,0,0,0,0
4865389,25880257,2181,0,0,0,0,0
4865389,25728377,2004,0,0,0,0,0
4865389,26117566,1994,0,0,0,0,0
4865389,25613541,2021,0,0,0,0,0
4865389,25924717,2161,0,0,0,0,0
4865389,25757276,1992,0,0,0,0,0
4865389,25947409,1969,0,0,0,0,0
4865389,25565049,2046,0,0,0,0,0
4865389,25992061,2203,0,0,0,0,0
4865389,25645378,2062,0,0,0,0,0
4865389,25981792,1932,0,0,0,0,0
4865389,25654059,2055,0,0,0,0,0
4865389,26097570,1959,0,0,0,0,0
4865389,25609111,2313,0,0,0,0,0
4865389,25914358,1992,0,0,0,0,0
5033161,31122075,2550,0,0,0,0,0
5033161,26820352,2031,0,0,0,0,0
5033161,26521980,1956,0,0,0,0,0
5033161,27074366,2072,0,0,0,0,0
5033161,26565942,2066,0,0,0,0,0
5033161,26762615,2077,0,0,0,0,0
5033161,26593935,2192,0,0,0,0,0
5033161,26846654,2049,0,0,0,0,0
5033161,26459272,2468,0,0,0,0,0
5033161,26952988,2048,0,0,0,0,0
5033161,26797365,2204,0,0,0,0,0
5033161,26874783,2058,0,0,0,0,0
5033161,26526466,2088,0,0,0,0,0
5033161,26832589,2330,0,0,0,0,0
5033161,26589604,2028,0,0,0,0,0
5033161,26936060,2060,0,0,0,0,0
5033161,26531270,2586,0,0,0,0,0
5033161,27077412,2051,0,0,0,0,0
5033161,26597089,2078,0,0,0,0,0
5033161,26844745,2070,0,0,0,0,0
5200933,32108226,2093,0,0,0,0,0
5200933,27942482,2015,0,0,0,0,0
5200933,27651301,2046,0,0,0,0,0
5200933,27720683,2095,0,0,0,0,0
5200933,27378641,1985,0,0,0,0,0
5200933,27701970,2219,0,0,0,0,0
5200933,27716915,2074,0,0,0,0,0
5200933,27774388,2038,0,0,0,0,0
5200933,27477469,2029,0,0,0,0,0
5200933,27942136,2115,0,0,0,0,0
5200933,27320790,1924,0,0,0,0,0
5200933,27718152,1980,0,0,0,0,0
5200933,27679459,1965,0,0,0,0,0
5200933,27689183,2112,0,0,0,0,0
5200933,27383026,2143,0,0,0,0,0
5200933,27822504,2074,0,0,0,0,0
5200933,27555759,2134,0,0,0,0,0
5200933,27741915,1976,0,0,0,0,0
5200933,27513699,1893,0,0,0,0,0
5200933,27825492,1998,0,0,0,0,0
5368705,33269804,2119,0,0,0,0,0
5368705,28597485,2114,0,0,0,0,0
5368705,28524526,2009,0,0,0,0,0
5368705,28850755,2341,0,0,0,0,0
5368705,28298158,2663,0,0,0,0,0
5368705,28616778,16793,0,0,0,0,0
5368705,28583005,2193,0,0,0,0,0
5368705,28738513,2045,0,0,0,0,0
5368705,28266977,2330,0,0,0,0,0
5368705,28730972,2192,0,0,0,0,0
5368705,28332633,2095,0,0,0,0,0
5368705,28540460,2239,0,0,0,0,0
5368705,28382039,2093,0,0,0,0,0
5368705,29004656,1988,0,0,0,0,0
5368705,28534216,2439,0,0,0,0,0
5368705,28607997,2173,0,0,0,0,0
5368705,28363923,2079,0,0,0,0,0
5368705,28625826,2080,0,0,0,0,0
5368705,28324219,2181,0,0,0,0,0
5368705,28831255,2112,0,0,0,0,0
5536477,34168874,2030,0,0,0,0,0
5536477,29467309,2001,0,0,0,0,0
5536477,29309377,1987,0,0,0,0,0
5536477,29695216,1944,0,0,0,0,0
5536477,29195249,1911,0,0,0,0,0
5536477,29585996,2080,0,0,0,0,0
5536477,29155412,2060,0,0,0,0,0
5536477,29491592,2263,0,0,0,0,0
5536477,29217400,2211,0,0,0,0,0
5536477,29523277,2608,0,0,0,0,0
5536477,29288551,1966,0,0,0,0,0
5536477,29522722,2469,0,0,0,0,0
5536477,29534092,2150,0,0,0,0,0
5536477,29494912,1919,0,0,0,0,0
5536477,29300282,2339,0,0,0,0,0
5536477,29587369,2528,0,0,0,0,0
5536477,29238409,2046,0,0,0,0,0
5536477,29485116,2068,0,0,0,0,0
5536477,29369357,2044,0,0,0,0,0
5536477,29940197,2067,0,0,0,0,0
5704249,35421306,2176,0,0,0,0,0
5704249,30431648,2131,0,0,0,0,0
5704249,30060010,2098,0,0,0,0,0
5704249,30713981,2134,0,0,0,0,0
5704249,30161188,2430,0,0,0,0,0
5704249,30398902,2032,0,0,0,0,0
5704249,30124399,2045,0,0,0,0,0
5704249,30667408,2026,0,0,0,0,0
5704249,30087142,1917,0,0,0,0,0
5704249,30452791,2058,0,0,0,0,0
5704249,30162443,2071,0,0,0,0,0
5704249,30370324,2109,0,0,0,0,0
5704249,30048440,1930,0,0,0,0,0
5704249,30777415,1877,0,0,0,0,0
5704249,29978931,2062,0,0,0,0,0
5704249,30450179,2042,0,0,0,0,0
5704249,30254594,2285,0,0,0,0,0
5704249,30445068,2124,0,0,0,0,0
5704249,30102046,2044,0,0,0,0,0
5704249,30521298,2050,0,0,0,0,0
5872021,36355581,2130,0,0,0,0,0
5872021,31472463,2077,0,0,0,0,0
5872021,31007526,2427,0,0,0,0,0
5872021,31354732,2679,0,0,0,0,0
5872021,31440385,2105,0,0,0,0,0
5872021,31294806,2012,0,0,0,0,0
5872021,31045074,1946,0,0,0,0,0
5872021,31422502,2249,0,0,0,0,0
5872021,30888538,2097,0,0,0,0,0
5872021,31378850,2091,0,0,0,0,0
5872021,31046618,2274,0,0,0,0,0
5872021,31302561,2430,0,0,0,0,0
5872021,30991718,2098,0,0,0,0,0
5872021,31511808,1947,0,0,0,0,0
5872021,30967471,1960,0,0,0,0,0
5872021,31251887,2004,0,0,0,0,0
5872021,31053250,1998,0,0,0,0,0
5872021,31214122,2142,0,0,0,0,0
5872021,30939196,2011,0,0,0,0,0
5872021,31336956,1939,0,0,0,0,0
6039793,37720555,2109,0,0,0,0,0
6039793,32210682,1970,0,0,0,0,0
6039793,31849146,2330,0,0,0,0,0
6039793,32499627,2042,0,0,0,0,0
6039793,31805465,2133,0,0,0,0,0
6039793,32394132,2499,0,0,0,0,0
6039793,31908916,2133,0,0,0,0,0
6039793,32202015,2608,0,0,0,0,0
6039793,32053679,2037,0,0,0,0,0
6039793,32261106,2055,0,0,0,0,0
6039793,31847685,2263,0,0,0,0,0
6039793,32300862,2144,0,0,0,0,0
6039793,31939817,1994,0,0,0,0,0
6039793,32138791,2069,0,0,0,0,0
6039793,31908456,2053,0,0,0,0,0
6039793,32198284,2048,0,0,0,0,0
6039793,31930302,2087,0,0,0,0,0
6039793,32343558,2166,0,0,0,0,0
6039793,31927477,2335,0,0,0,0,0
6039793,32125759,2137,0,0,0,0,0
6207565,38611511,2067,0,0,0,0,0
6207565,33117418,2259,0,0,0,0,0
6207565,32769111,2211,0,0,0,0,0
6207565,33408092,2091,0,0,0,0,0
6207565,33030172,2256,0,0,0,0,0
6207565,33329657,1954,0,0,0,0,0
6207565,33155692,2042,0,0,0,0,0
6207565,33112187,2031,0,0,0,0,0
6207565,32850096,1925,0,0,0,0,0
6207565,33259082,2085,0,0,0,0,0
6207565,32769166,2434,0,0,0,0,0
6207565,33236389,1855,0,0,0,0,0
6207565,32920902,2078,0,0,0,0,0
6207565,33126763,1938,0,0,0,0,0
6207565,32922714,2292,0,0,0,0,0
6207565,33128798,2076,0,0,0,0,0
6207565,32767544,2240,0,0,0,0,0
6207565,33286569,2581,0,0,0,0,0
6207565,32839510,1970,0,0,0,0,0
6207565,33188397,2023,0,0,0,0,0
6375337,40014022,2093,0,0,0,0,0
6375337,34413220,1953,0,0,0,0,0
6375337,34178534,2096,0,0,0,0,0
6375337,34396360,2108,0,0,0,0,0
6375337,34204017,2032,0,0,0,0,0
6375337,34396061,2430,0,0,0,0,0
6375337,34093185,2048,0,0,0,0,0
6375337,34390229,2195,0,0,0,0,0
6375337,34241365,2507,0,0,0,0,0
6375337,34339902,2278,0,0,0,0,0
6375337,33840439,1987,0,0,0,0,0
6375337,34282131,2033,0,0,0,0,0
6375337,33959137,1880,0,0,0,0,0
6375337,34463148,2396,0,0,0,0,0
6375337,34047514,2312,0,0,0,0,0
6375337,34345463,2025,0,0,0,0,0
6375337,34102857,1986,0,0,0,0,0
6375337,34528118,2084,0,0,0,0,0
6375337,34025129,2157,0,0,0,0,0
6375337,34597768,2035,0,0,0,0,0
6543109,41144359,2144,0,0,0,0,0
6543109,35253176,2061,0,0,0,0,0
6543109,34781251,2585,0,0,0,0,0
6543109,35337629,2015,0,0,0,0,0
6543109,34898033,2477,0,0,0,0,0
6543109,35328594,1981,0,0,0,0,0
6543109,35021357,2076,0,0,0,0,0
6543109,35300708,1975,0,0,0,0,0
6543109,34959675,2299,0,0,0,0,0
6543109,35265337,2010,0,0,0,0,0
6543109,34851123,2054,0,0,0,0,0
6543109,35385290,2088,0,0,0,0,0
6543109,34879884,2160,0,0,0,0,0
6543109,35204358,2091,0,0,0,0,0
6543109,34870019,1951,0,0,0,0,0
6543109,35292913,1990,0,0,0,0,0
6543109,35083263,2306,0,0,0,0,0
6543109,35191089,2163,0,0,0,0,0
6543109,34904062,1979,0,0,0,0,0
6543109,35327444,2018,0,0,0,0,0
6710881,41888958,2298,0,0,0,0,0
6710881,36181437,2247,0,0,0,0,0
6710881,35988392,2207,0,0,0,0,0
6710881,36328587,2184,0,0,0,0,0
6710881,35718474,2130,0,0,0,0,0
6710881,36213632,1996,0,0,0,0,0
6710881,35776082,1976,0,0,0,0,0
6710881,36162773,1978,0,0,0,0,0
6710881,35960176,2005,0,0,0,0,0
6710881,36129259,1963,0,0,0,0,0
6710881,35905154,2600,0,0,0,0,0
6710881,36291520,1863,0,0,0,0,0
6710881,35720659,1970,0,0,0,0,0
6710881,36382128,2087,0,0,0,0,0
6710881,35709987,2084,0,0,0,0,0
6710881,36296327,2046,0,0,0,0,0
6710881,36060414,2026,0,0,0,0,0
6710881,36169651,2056,0,0,0,0,0
6710881,35927305,2098,0,0,0,0,0
6710881,36115390,2045,0,0,0,0,0
6878653,42742125,2052,0,0,0,0,0
6878653,37189053,1868,0,0,0,0,0
6878653,36806324,1964,0,0,0,0,0
6878653,37009606,1907,0,0,0,0,0
6878653,36789795,1984,0,0,0,0,0
6878653,37078249,2048,0,0,0,0,0
6878653,36653977,2175,0,0,0,0,0
6878653,37183196,2560,0,0,0,0,0
6878653,36585274,2538,0,0,0,0,0
6878653,37220041,1926,0,0,0,0,0
6878653,36611650,2296,0,0,0,0,0
6878653,37229405,1963,0,0,0,0,0
6878653,36680171,2086,0,0,0,0,0
6878653,37037528,2252,0,0,0,0,0
6878653,36843139,2074,0,0,0,0,0
6878653,37124512,2032,0,0,0,0,0
6878653,37169641,2168,0,0,0,0,0
6878653,37135224,1884,0,0,0,0,0
6878653,36651638,1954,0,0,0,0,0
6878653,37312966,2265,0,0,0,0,0
7046425,43871693,2403,0,0,0,0,0
7046425,38060708,1905,0,0,0,0,0
7046425,38043611,1975,0,0,0,0,0
7046425,37939149,2246,0,0,0,0,0
7046425,37852914,2010,0,0,0,0,0
7046425,38172191,2055,0,0,0,0,0
7046425,37575005,2374,0,0,0,0,0
7046425,38063208,1988,0,0,0,0,0
7046425,37724471,2457,0,0,0,0,0
7046425,38291820,2047,0,0,0,0,0
7046425,37640865,1963,0,0,0,0,0
7046425,38368474,2141,0,0,0,0,0
7046425,37784688,2017,0,0,0,0,0
7046425,37869882,2218,0,0,0,0,0
7046425,37770077,2166,0,0,0,0,0
7046425,38022530,2116,0,0,0,0,0
7046425,37640160,2297,0,0,0,0,0
7046425,37956178,2153,0,0,0,0,0
7046425,37575537,1989,0,0,0,0,0
7046425,37996147,2005,0,0,0,0,0
7214197,44895588,2408,0,0,0,0,0
7214197,38977002,1971,0,0,0,0,0
7214197,38426055,2046,0,0,0,0,0
7214197,39023153,2034,0,0,0,0,0
7214197,38658371,2410,0,0,0,0,0
7214197,39099291,1941,0,0,0,0,0
7214197,38799688,2130,0,0,0,0,0
7214197,39190835,2584,0,0,0,0,0
7214197,38729521,2032,0,0,0,0,0
7214197,39120832,2275,0,0,0,0,0
7214197,38695731,2349,0,0,0,0,0
7214197,39174971,2209,0,0,0,0,0
7214197,38572782,1921,0,0,0,0,0
7214197,39052200,2332,0,0,0,0,0
7214197,38500426,2312,0,0,0,0,0
7214197,39041007,2130,0,0,0,0,0
7214197,38549001,2066,0,0,0,0,0
7214197,38815917,2003,0,0,0,0,0
7214197,38536005,1923,0,0,0,0,0
7214197,38873291,2156,0,0,0,0,0
7381969,46288579,2108,0,0,0,0,0
7381969,39914917,1962,0,0,0,0,0
7381969,39494285,2014,0,0,0,0,0
7381969,39847114,1979,0,0,0,0,0
7381969,39456934,2053,0,0,0,0,0
7381969,39862234,2010,0,0,0,0,0
7381969,39691000,2093,0,0,0,0,0
7381969,39840118,2644,0,0,0,0,0
7381969,39463454,2095,0,0,0,0,0
7381969,39799100,1987,0,0,0,0,0
7381969,39528169,2276,0,0,0,0,0
7381969,40003750,2107,0,0,0,0,0
7381969,39630641,2009,0,0,0,0,0
7381969,40096533,2102,0,0,0,0,0
7381969,39705212,1935,0,0,0,0,0
7381969,39925349,2073,0,0,0,0,0
7381969,39433224,2415,0,0,0,0,0
7381969,40083785,2064,0,0,0,0,0
7381969,39415884,2126,0,0,0,0,0
7381969,40093974,1994,0,0,0,0,0
7549741,47172713,1980,0,0,0,0,0
7549741,40735416,2404,0,0,0,0,0
7549741,40506568,2082,0,0,0,0,0
7549741,40807297,2020,0,0,0,0,0
7549741,40315149,2003,0,0,0,0,0
7549741,40714810,2073,0,0,0,0,0
7549741,40340789,2119,0,0,0,0,0
7549741,41013343,2390,0,0,0,0,0
7549741,40338085,2593,0,0,0,0,0
7549741,40977414,2360,0,0,0,0,0
7549741,40372084,2059,0,0,0,0,0
7549741,40700517,2098,0,0,0,0,0
7549741,40192863,2266,0,0,0,0,0
7549741,40740701,2582,0,0,0,0,0
7549741,40274371,2031,0,0,0,0,0
7549741,40765194,2091,0,0,0,0,0
7549741,40507110,2134,0,0,0,0,0
7549741,40854483,2057,0,0,0,0,0
7549741,40280138,2281,0,0,0,0,0
7549741,40747392,2212,0,0,0,0,0
7717513,48131316,2041,0,0,0,0,0
7717513,41584286,1968,0,0,0,0,0
7717513,41272225,2144,0,0,0,0,0
7717513,41640575,2260,0,0,0,0,0
7717513,41180861,2178,0,0,0,0,0
7717513,41678515,1953,0,0,0,0,0
7717513,41175184,2373,0,0,0,0,0
7717513,41589430,2191,0,0,0,0,0
7717513,41146410,2371,0,0,0,0,0
7717513,41592141,2449,0,0,0,0,0
7717513,41294402,2464,0,0,0,0,0
7717513,41766585,2016,0,0,0,0,0
7717513,41193677,2072,0,0,0,0,0
7717513,42151835,2270,0,0,0,0,0
7717513,41093223,2212,0,0,0,0,0
7717513,41584048,2413,0,0,0,0,0
7717513,41179885,1951,0,0,0,0,0
7717513,41808916,2093,0,0,0,0,0
7717513,41619382,1955,0,0,0,0,0
7717513,41781081,2075,0,0,0,0,0
7885285,49503160,2086,0,0,0,0,0
7885285,43151978,2073,0,0,0,0,0
7885285,42219633,2586,0,0,0,0,0
7885285,42644316,2138,0,0,0,0,0
7885285,42111541,2127,0,0,0,0,0
7885285,42547536,2257,0,0,0,0,0
7885285,42223632,2591,0,0,0,0,0
7885285,42698363,2081,0,0,0,0,0
7885285,42329013,2322,0,0,0,0,0
7885285,42995646,1967,0,0,0,0,0
7885285,42355034,2017,0,0,0,0,0
7885285,42662324,2090,0,0,0,0,0
7885285,42186204,2472,0,0,0,0,0
7885285,42672952,2141,0,0,0,0,0
7885285,42163961,2059,0,0,0,0,0
7885285,42709245,1901,0,0,0,0,0
7885285,41960719,2067,0,0,0,0,0
7885285,42517582,2067,0,0,0,0,0
7885285,42168988,2241,0,0,0,0,0
7885285,42718246,2023,0,0,0,0,0
8053057,50453356,2145,0,0,0,0,0
8053057,43621201,2475,0,0,0,0,0
8053057,43033443,2008,0,0,0,0,0
8053057,43545342,2119,0,0,0,0,0
8053057,43006350,1971,0,0,0,0,0
8053057,43664542,2135,0,0,0,0,0
8053057,43072337,2047,0,0,0,0,0
8053057,43482720,2456,0,0,0,0,0
8053057,43096646,2068,0,0,0,0,0
8053057,43840495,2129,0,0,0,0,0
8053057,43098115,2002,0,0,0,0,0
8053057,43561293,2079,0,0,0,0,0
8053057,43073083,2130,0,0,0,0,0
8053057,43820572,2088,0,0,0,0,0
8053057,43151812,2098,0,0,0,0,0
8053057,43546191,2223,0,0,0,0,0
8053057,43081033,2085,0,0,0,0,0
8053057,43466982,2378,0,0,0,0,0
8053057,43067288,2198,0,0,0,0,0
8053057,43486974,2414,0,0,0,0,0
8220829,51132149,2300,0,0,0,0,0
8220829,44705978,2054,0,0,0,0,0
8220829,44076441,2157,0,0,0,0,0
8220829,44324674,2094,0,0,0,0,0
8220829,44424559,2078,0,0,0,0,0
8220829,44431822,1987,0,0,0,0,0
8220829,44018459,2527,0,0,0,0,0
8220829,44550624,2627,0,0,0,0,0
8220829,44028807,2055,0,0,0,0,0
8220829,44529424,2377,0,0,0,0,0
8220829,43938386,2055,0,0,0,0,0
8220829,44322211,2050,0,0,0,0,0
8220829,44087143,2052,0,0,0,0,0
8220829,44321229,2011,0,0,0,0,0
8220829,43947110,2067,0,0,0,0,0
8220829,44421765,1966,0,0,0,0,0
8220829,44216998,2235,0,0,0,0,0
8220829,44397233,2804,0,0,0,0,0
8220829,43940905,2054,0,0,0,0,0
8220829,44411312,2078,0,0,0,0,0
8388601,52278486,2061,0,0,0,0,0
8388601,45625279,2111,0,0,0,0,0
8388601,44939579,2096,0,0,0,0,0
8388601,45605520,2028,0,0,0,0,0
8388601,44914494,1931,0,0,0,0,0
8388601,45355065,2091,0,0,0,0,0
8388601,44792919,2123,0,0,0,0,0
8388601,45632220,2176,0,0,0,0,0
8388601,44806135,2067,0,0,0,0,0
8388601,45517766,2028,0,0,0,0,0
8388601,44984090,2070,0,0,0,0,0
8388601,45731759,2128,0,0,0,0,0
8388601,44842723,2036,0,0,0,0,0
8388601,45270334,2130,0,0,0,0,0
8388601,44833598,2373,0,0,0,0,0
8388601,45614651,2034,0,0,0,0,0
8388601,44965703,2101,0,0,0,0,0
8388601,45348481,2092,0,0,0,0,0
8388601,44865089,2089,0,0,0,0,0
8388601,45649120,2114,0,0,0,0,0

Raw Storage Info
========
Storage: TransactionStorage MaxTransactionSize (r:1 w:0)
Storage: TransactionStorage ByteFee (r:1 w:0)
Storage: TransactionStorage EntryFee (r:1 w:0)
Storage: unknown [0x3a65787472696e7369635f696e646578] (r:1 w:0)
Storage: TransactionStorage BlockTransactions (r:1 w:1)
Storage: TransactionStorage MaxBlockTransactions (r:1 w:0)

Median Slopes Analysis
========
-- Extrinsic Time --

Model:
Time ~=        0
    + l    0.005
              µs

Reads = 6 + (0 * l)
Writes = 1 + (0 * l)

Min Squares Analysis
========
-- Extrinsic Time --

Data points distribution:
    l   mean µs  sigma µs       %
    1        34     0.098    0.2%
167773       871     8.352    0.9%
335545      1707     14.65    0.8%
503317      2492     15.21    0.6%
671089      3332     15.64    0.4%
838861      4190     18.45    0.4%
1006633      5047     20.31    0.4%
1174405      6078      24.2    0.3%
1342177      6915     26.73    0.3%
1509949      7815     19.04    0.2%
1677721      8771     34.63    0.3%
1845493      9682     27.83    0.2%
2013265     10620     33.79    0.3%
2181037     11630     39.18    0.3%
2348809     12430     34.71    0.2%
2516581     13400     51.24    0.3%
2684353     14270     44.66    0.3%
2852125     15130     51.99    0.3%
3019897     16030     72.02    0.4%
3187669     16930     75.45    0.4%
3355441     17790     48.01    0.2%
3523213     18710     68.29    0.3%
3690985     19570     80.61    0.4%
3858757     20460     78.62    0.3%
4026529     21360     71.63    0.3%
4194301     22190     67.51    0.3%
4362073     23100     98.49    0.4%
4529845     24100     94.71    0.3%
4697617     24930     88.92    0.3%
4865389     25830     119.9    0.4%
5033161     26750       110    0.4%
5200933     27690     56.39    0.2%
5368705     28570      85.4    0.2%
5536477     29440     84.67    0.2%
5704249     30320     127.9    0.4%
5872021     31220     125.8    0.4%
6039793     32090     121.1    0.3%
6207565     33090     99.76    0.3%
6375337     34280     97.66    0.2%
6543109     35140     137.6    0.3%
6710881     36090     95.91    0.2%
6878653     37010     143.8    0.3%
7046425     37920     99.97    0.2%
7214197     38860     141.4    0.3%
7381969     39770     123.8    0.3%
7549741     40610     156.5    0.3%
7717513     41500     168.6    0.4%
7885285     42480     179.6    0.4%
8053057     43350     202.6    0.4%
8220829     44300     124.8    0.2%
8388601     45250     266.9    0.5%

Quality and confidence:
param     error
l             0

Model:
Time ~=        0
    + l    0.005
              µs

Reads = 6 + (0 * l)
Writes = 1 + (0 * l)

Pallet: "pallet_transaction_storage", Extrinsic: "renew", Lowest values: [], Highest values: [], Steps: 50, Repeat: 20
extrinsic_time_ns,storage_root_time_ns,reads,repeat_reads,writes,repeat_writes,proof_size_bytes
49583,2037,0,0,0,0,0
40575,2040,0,0,0,0,0
40727,2076,0,0,0,0,0
56487,2196,0,0,0,0,0
41216,2064,0,0,0,0,0
41320,2256,0,0,0,0,0
40829,2077,0,0,0,0,0
40837,2091,0,0,0,0,0
40380,1983,0,0,0,0,0
40626,1999,0,0,0,0,0
40908,2011,0,0,0,0,0
40911,2368,0,0,0,0,0
41935,1889,0,0,0,0,0
40649,1998,0,0,0,0,0
41592,2281,0,0,0,0,0
41173,2114,0,0,0,0,0
45903,2019,0,0,0,0,0
41267,2160,0,0,0,0,0
41419,2085,0,0,0,0,0
40790,2108,0,0,0,0,0

Raw Storage Info
========
Storage: TransactionStorage Transactions (r:1 w:0)
Storage: TransactionStorage ByteFee (r:1 w:0)
Storage: TransactionStorage EntryFee (r:1 w:0)
Storage: unknown [0x3a65787472696e7369635f696e646578] (r:1 w:0)
Storage: TransactionStorage BlockTransactions (r:1 w:1)
Storage: TransactionStorage MaxBlockTransactions (r:1 w:0)

Median Slopes Analysis
========
-- Extrinsic Time --

Model:
Time ~=    41.17
              µs

Reads = 6
Writes = 1

Min Squares Analysis
========
-- Extrinsic Time --

Model:
Time ~=    41.17
              µs

Reads = 6
Writes = 1

Pallet: "pallet_transaction_storage", Extrinsic: "check_proof_max", Lowest values: [], Highest values: [], Steps: 50, Repeat: 20
extrinsic_time_ns,storage_root_time_ns,reads,repeat_reads,writes,repeat_writes,proof_size_bytes
137026,1981,0,0,0,0,0
140551,2368,0,0,0,0,0
139198,2072,0,0,0,0,0
139572,2404,0,0,0,0,0
139858,2125,0,0,0,0,0
143674,2062,0,0,0,0,0
139723,2099,0,0,0,0,0
137562,2115,0,0,0,0,0
136574,2122,0,0,0,0,0
138302,2090,0,0,0,0,0
139817,2110,0,0,0,0,0
137853,2099,0,0,0,0,0
139796,2099,0,0,0,0,0
141223,2344,0,0,0,0,0
140416,2051,0,0,0,0,0
139609,2139,0,0,0,0,0
139535,2092,0,0,0,0,0
142393,2762,0,0,0,0,0
139281,2078,0,0,0,0,0
141623,2073,0,0,0,0,0

Raw Storage Info
========
Storage: TransactionStorage ProofChecked (r:1 w:1)
Storage: TransactionStorage StoragePeriod (r:1 w:0)
Storage: TransactionStorage ChunkCount (r:1 w:0)
Storage: System ParentHash (r:1 w:0)
Storage: TransactionStorage Transactions (r:1 w:0)

Median Slopes Analysis
========
-- Extrinsic Time --

Model:
Time ~=    139.7
              µs

Reads = 5
Writes = 1

Min Squares Analysis
========
-- Extrinsic Time --

Model:
Time ~=    139.7
              µs

Reads = 5
Writes = 1

