Pallet: "pallet_utility", Extrinsic: "batch", Lowest values: [], Highest values: [], Steps: 50, Repeat: 20
c,extrinsic_time_ns,storage_root_time_ns,reads,repeat_reads,writes,repeat_writes,proof_size_bytes
0,10743,1392,0,0,0,0,0
0,8572,1282,0,0,0,0,0
0,8530,1225,0,0,0,0,0
0,8412,1184,0,0,0,0,0
0,8350,1201,0,0,0,0,0
0,8129,1155,0,0,0,0,0
0,8086,1161,0,0,0,0,0
0,9625,1216,0,0,0,0,0
0,8061,1225,0,0,0,0,0
0,7983,1164,0,0,0,0,0
0,7930,1184,0,0,0,0,0
0,7986,1173,0,0,0,0,0
0,8061,1121,0,0,0,0,0
0,7933,1148,0,0,0,0,0
0,7914,1147,0,0,0,0,0
0,7990,1152,0,0,0,0,0
0,7902,1170,0,0,0,0,0
0,9558,1183,0,0,0,0,0
0,8054,1163,0,0,0,0,0
0,7843,1133,0,0,0,0,0
20,62976,1422,0,0,0,0,0
20,58809,1254,0,0,0,0,0
20,58331,1197,0,0,0,0,0
20,57035,1197,0,0,0,0,0
20,56822,1182,0,0,0,0,0
20,56717,1167,0,0,0,0,0
20,56939,1176,0,0,0,0,0
20,58606,1218,0,0,0,0,0
20,57312,1252,0,0,0,0,0
20,58510,1163,0,0,0,0,0
20,57179,1199,0,0,0,0,0
20,58514,1207,0,0,0,0,0
20,59831,1219,0,0,0,0,0
20,59349,1278,0,0,0,0,0
20,57754,1206,0,0,0,0,0
20,58235,1189,0,0,0,0,0
20,59585,1201,0,0,0,0,0
20,61454,1260,0,0,0,0,0
20,58329,1200,0,0,0,0,0
20,59247,1222,0,0,0,0,0
40,111818,1413,0,0,0,0,0
40,107262,1311,0,0,0,0,0
40,109362,1263,0,0,0,0,0
40,106096,1282,0,0,0,0,0
40,109423,1257,0,0,0,0,0
40,106194,1252,0,0,0,0,0
40,106942,1265,0,0,0,0,0
40,106600,1236,0,0,0,0,0
40,109463,1266,0,0,0,0,0
40,109157,1267,0,0,0,0,0
40,109298,1250,0,0,0,0,0
40,105868,1264,0,0,0,0,0
40,108908,1258,0,0,0,0,0
40,109176,1207,0,0,0,0,0
40,109393,1237,0,0,0,0,0
40,109224,1225,0,0,0,0,0
40,109138,1253,0,0,0,0,0
40,107980,1264,0,0,0,0,0
40,106142,1213,0,0,0,0,0
40,109057,1190,0,0,0,0,0
60,153594,1415,0,0,0,0,0
60,153482,1304,0,0,0,0,0
60,150895,1235,0,0,0,0,0
60,149544,1251,0,0,0,0,0
60,149203,1180,0,0,0,0,0
60,149167,1171,0,0,0,0,0
60,149397,1175,0,0,0,0,0
60,149694,1167,0,0,0,0,0
60,149763,1202,0,0,0,0,0
60,153866,1186,0,0,0,0,0
60,153454,1151,0,0,0,0,0
60,153221,1181,0,0,0,0,0
60,190127,1299,0,0,0,0,0
60,154140,1215,0,0,0,0,0
60,150271,1226,0,0,0,0,0
60,162956,1221,0,0,0,0,0
60,153228,1186,0,0,0,0,0
60,179594,1282,0,0,0,0,0
60,154120,1230,0,0,0,0,0
60,153581,1212,0,0,0,0,0
80,207339,1429,0,0,0,0,0
80,207336,1296,0,0,0,0,0
80,207485,1282,0,0,0,0,0
80,206758,1248,0,0,0,0,0
80,207250,1237,0,0,0,0,0
80,218751,1205,0,0,0,0,0
80,202881,1248,0,0,0,0,0
80,197927,1134,0,0,0,0,0
80,202704,1244,0,0,0,0,0
80,197164,1246,0,0,0,0,0
80,202813,1227,0,0,0,0,0
80,197170,1217,0,0,0,0,0
80,239651,1289,0,0,0,0,0
80,197442,1166,0,0,0,0,0
80,202744,1220,0,0,0,0,0
80,196966,1226,0,0,0,0,0
80,203067,1235,0,0,0,0,0
80,202805,1248,0,0,0,0,0
80,202156,1158,0,0,0,0,0
80,202722,1212,0,0,0,0,0
100,261056,1466,0,0,0,0,0
100,259215,1372,0,0,0,0,0
100,256870,1286,0,0,0,0,0
100,257130,1309,0,0,0,0,0
100,249760,1257,0,0,0,0,0
100,260177,1355,0,0,0,0,0
100,256657,1340,0,0,0,0,0
100,256823,1321,0,0,0,0,0
100,256398,1269,0,0,0,0,0
100,249582,1295,0,0,0,0,0
100,255486,1227,0,0,0,0,0
100,255255,1246,0,0,0,0,0
100,255744,1271,0,0,0,0,0
100,250899,1225,0,0,0,0,0
100,243564,1193,0,0,0,0,0
100,243830,1230,0,0,0,0,0
100,242731,1230,0,0,0,0,0
100,251439,1287,0,0,0,0,0
100,287038,1319,0,0,0,0,0
100,244479,1313,0,0,0,0,0
120,309408,1460,0,0,0,0,0
120,304612,1295,0,0,0,0,0
120,305017,1322,0,0,0,0,0
120,305742,1300,0,0,0,0,0
120,305022,1313,0,0,0,0,0
120,303592,1283,0,0,0,0,0
120,297744,1337,0,0,0,0,0
120,296313,1389,0,0,0,0,0
120,304245,1310,0,0,0,0,0
120,305547,1346,0,0,0,0,0
120,304038,1233,0,0,0,0,0
120,305163,1313,0,0,0,0,0
120,308913,1292,0,0,0,0,0
120,297750,1230,0,0,0,0,0
120,297114,1265,0,0,0,0,0
120,299055,1312,0,0,0,0,0
120,297776,1221,0,0,0,0,0
120,330524,1310,0,0,0,0,0
120,298327,1307,0,0,0,0,0
120,297954,1292,0,0,0,0,0
140,352097,1432,0,0,0,0,0
140,379606,1330,0,0,0,0,0
140,348260,1313,0,0,0,0,0
140,347246,1246,0,0,0,0,0
140,346912,1266,0,0,0,0,0
140,347429,1210,0,0,0,0,0
140,347203,1191,0,0,0,0,0
140,346588,1242,0,0,0,0,0
140,337826,1204,0,0,0,0,0
140,347225,1265,0,0,0,0,0
140,374089,1334,0,0,0,0,0
140,347833,1272,0,0,0,0,0
140,338556,1284,0,0,0,0,0
140,348169,1266,0,0,0,0,0
140,347645,1312,0,0,0,0,0
140,347529,1259,0,0,0,0,0
140,348873,1262,0,0,0,0,0
140,347448,1225,0,0,0,0,0
140,346872,1267,0,0,0,0,0
140,337058,1254,0,0,0,0,0
160,389538,1416,0,0,0,0,0
160,427221,1386,0,0,0,0,0
160,386030,1324,0,0,0,0,0
160,397158,1301,0,0,0,0,0
160,385646,1253,0,0,0,0,0
160,396413,1304,0,0,0,0,0
160,396317,1273,0,0,0,0,0
160,395756,1231,0,0,0,0,0
160,396857,1279,0,0,0,0,0
160,395823,1267,0,0,0,0,0
160,429595,1322,0,0,0,0,0
160,386513,1300,0,0,0,0,0
160,415824,1269,0,0,0,0,0
160,397873,1216,0,0,0,0,0
160,413282,1242,0,0,0,0,0
160,396362,1254,0,0,0,0,0
160,395879,1215,0,0,0,0,0
160,396566,1300,0,0,0,0,0
160,426979,1313,0,0,0,0,0
160,394196,1233,0,0,0,0,0
180,461388,1380,0,0,0,0,0
180,441515,1278,0,0,0,0,0
180,430148,1288,0,0,0,0,0
180,429564,1239,0,0,0,0,0
180,427545,1228,0,0,0,0,0
180,472585,1300,0,0,0,0,0
180,429127,1227,0,0,0,0,0
180,435182,1234,0,0,0,0,0
180,437878,1230,0,0,0,0,0
180,441297,1248,0,0,0,0,0
180,456363,1239,0,0,0,0,0
180,441582,1236,0,0,0,0,0
180,441225,1227,0,0,0,0,0
180,471011,1353,0,0,0,0,0
180,429086,1308,0,0,0,0,0
180,441567,1240,0,0,0,0,0
180,441032,1276,0,0,0,0,0
180,440518,1305,0,0,0,0,0
180,442350,1233,0,0,0,0,0
180,440118,1244,0,0,0,0,0
200,491650,1397,0,0,0,0,0
200,493739,1363,0,0,0,0,0
200,493321,1303,0,0,0,0,0
200,494306,1340,0,0,0,0,0
200,493892,1298,0,0,0,0,0
200,517643,1372,0,0,0,0,0
200,493577,1239,0,0,0,0,0
200,493202,1252,0,0,0,0,0
200,493405,1244,0,0,0,0,0
200,493586,1326,0,0,0,0,0
200,492454,1336,0,0,0,0,0
200,493772,1287,0,0,0,0,0
200,520467,1314,0,0,0,0,0
200,495010,1268,0,0,0,0,0
200,493634,1249,0,0,0,0,0
200,493835,1264,0,0,0,0,0
200,480545,1307,0,0,0,0,0
200,492701,1263,0,0,0,0,0
200,492748,1306,0,0,0,0,0
200,522531,1329,0,0,0,0,0
220,553175,1438,0,0,0,0,0
220,570014,1358,0,0,0,0,0
220,525250,1312,0,0,0,0,0
220,538987,1359,0,0,0,0,0
220,553281,1319,0,0,0,0,0
220,567256,1246,0,0,0,0,0
220,540560,1303,0,0,0,0,0
220,544251,1378,0,0,0,0,0
220,526128,1270,0,0,0,0,0
220,539171,1221,0,0,0,0,0
220,539619,1297,0,0,0,0,0
220,525315,1220,0,0,0,0,0
220,539711,1268,0,0,0,0,0
220,538892,1269,0,0,0,0,0
220,564189,1233,0,0,0,0,0
220,525043,1283,0,0,0,0,0
220,540421,1299,0,0,0,0,0
220,537595,1279,0,0,0,0,0
220,541344,1290,0,0,0,0,0
220,541308,1273,0,0,0,0,0
240,590027,1392,0,0,0,0,0
240,613036,1328,0,0,0,0,0
240,600633,1323,0,0,0,0,0
240,587019,1284,0,0,0,0,0
240,586497,1259,0,0,0,0,0
240,584186,1228,0,0,0,0,0
240,570312,1294,0,0,0,0,0
240,618746,1362,0,0,0,0,0
240,569523,1255,0,0,0,0,0
240,587262,1266,0,0,0,0,0
240,569992,1225,0,0,0,0,0
240,586081,1299,0,0,0,0,0
240,585682,1268,0,0,0,0,0
240,618104,1295,0,0,0,0,0
240,570197,1227,0,0,0,0,0
240,584036,1291,0,0,0,0,0
240,585972,1237,0,0,0,0,0
240,585819,1241,0,0,0,0,0
240,571192,1236,0,0,0,0,0
240,624821,1371,0,0,0,0,0
260,624726,1443,0,0,0,0,0
260,640410,1381,0,0,0,0,0
260,619731,1388,0,0,0,0,0
260,680665,1454,0,0,0,0,0
260,622075,1267,0,0,0,0,0
260,640667,1299,0,0,0,0,0
260,622542,1328,0,0,0,0,0
260,639797,1304,0,0,0,0,0
260,620142,1269,0,0,0,0,0
260,666853,1309,0,0,0,0,0
260,621782,1240,0,0,0,0,0
260,620789,1342,0,0,0,0,0
260,641110,1296,0,0,0,0,0
260,639073,1305,0,0,0,0,0
260,622902,1289,0,0,0,0,0
260,663563,1301,0,0,0,0,0
260,621624,1277,0,0,0,0,0
260,640249,1320,0,0,0,0,0
260,640840,1269,0,0,0,0,0
260,637604,1293,0,0,0,0,0
280,732640,1446,0,0,0,0,0
280,693458,1308,0,0,0,0,0
280,665205,1320,0,0,0,0,0
280,704939,1296,0,0,0,0,0
280,685119,1306,0,0,0,0,0
280,666511,1310,0,0,0,0,0
280,664222,1243,0,0,0,0,0
280,683697,1238,0,0,0,0,0
280,713691,1326,0,0,0,0,0
280,682744,1268,0,0,0,0,0
280,684472,1286,0,0,0,0,0
280,665609,1286,0,0,0,0,0
280,664592,1239,0,0,0,0,0
280,699373,1319,0,0,0,0,0
280,683763,1327,0,0,0,0,0
280,684490,1338,0,0,0,0,0
280,664384,1278,0,0,0,0,0
280,684131,1351,0,0,0,0,0
280,665852,1287,0,0,0,0,0
280,726576,1406,0,0,0,0,0
300,751339,1504,0,0,0,0,0
300,730223,1339,0,0,0,0,0
300,740977,1299,0,0,0,0,0
300,730479,1309,0,0,0,0,0
300,719653,21515,0,0,0,0,0
300,709848,1281,0,0,0,0,0
300,707974,1268,0,0,0,0,0
300,706714,1247,0,0,0,0,0
300,737857,1286,0,0,0,0,0
300,709263,21571,0,0,0,0,0
300,751917,1260,0,0,0,0,0
300,708894,1202,0,0,0,0,0
300,729011,1212,0,0,0,0,0
300,730751,1232,0,0,0,0,0
300,761584,1280,0,0,0,0,0
300,730286,1311,0,0,0,0,0
300,727316,1234,0,0,0,0,0
300,727844,1279,0,0,0,0,0
300,708453,1220,0,0,0,0,0
300,766264,1334,0,0,0,0,0
320,784889,1452,0,0,0,0,0
320,774657,1401,0,0,0,0,0
320,775470,1336,0,0,0,0,0
320,752626,1309,0,0,0,0,0
320,789186,1319,0,0,0,0,0
320,775572,1327,0,0,0,0,0
320,754143,1330,0,0,0,0,0
320,775365,1259,0,0,0,0,0
320,820477,1351,0,0,0,0,0
320,752785,1335,0,0,0,0,0
320,774337,1344,0,0,0,0,0
320,750837,1285,0,0,0,0,0
320,776374,1284,0,0,0,0,0
320,802754,1313,0,0,0,0,0
320,775281,1325,0,0,0,0,0
320,773075,1326,0,0,0,0,0
320,750347,1312,0,0,0,0,0
320,774819,1277,0,0,0,0,0
320,804568,1403,0,0,0,0,0
320,776630,1303,0,0,0,0,0
340,836407,1400,0,0,0,0,0
340,846651,1310,0,0,0,0,0
340,829776,1332,0,0,0,0,0
340,805431,1253,0,0,0,0,0
340,827506,1278,0,0,0,0,0
340,851230,1352,0,0,0,0,0
340,804325,1246,0,0,0,0,0
340,807314,1281,0,0,0,0,0
340,806605,1253,0,0,0,0,0
340,805122,1230,0,0,0,0,0
340,843005,1300,0,0,0,0,0
340,816166,1313,0,0,0,0,0
340,827557,1257,0,0,0,0,0
340,830303,1315,0,0,0,0,0
340,849599,1358,0,0,0,0,0
340,827497,1209,0,0,0,0,0
340,809784,1190,0,0,0,0,0
340,830827,1271,0,0,0,0,0
340,861207,1257,0,0,0,0,0
340,842888,1220,0,0,0,0,0
360,911166,1537,0,0,0,0,0
360,876599,1343,0,0,0,0,0
360,876570,1313,0,0,0,0,0
360,870581,1252,0,0,0,0,0
360,888209,1293,0,0,0,0,0
360,876513,1318,0,0,0,0,0
360,871632,1285,0,0,0,0,0
360,847053,1252,0,0,0,0,0
360,869772,1230,0,0,0,0,0
360,905971,1322,0,0,0,0,0
360,873681,1289,0,0,0,0,0
360,876550,1341,0,0,0,0,0
360,875490,1308,0,0,0,0,0
360,888446,1285,0,0,0,0,0
360,847860,1254,0,0,0,0,0
360,874630,1302,0,0,0,0,0
360,843761,1213,0,0,0,0,0
360,899953,1276,0,0,0,0,0
360,846896,1304,0,0,0,0,0
360,847539,1283,0,0,0,0,0
380,900854,1430,0,0,0,0,0
380,919282,1363,0,0,0,0,0
380,939706,1291,0,0,0,0,0
380,896084,1360,0,0,0,0,0
380,922264,1361,0,0,0,0,0
380,920961,1324,0,0,0,0,0
380,960371,1330,0,0,0,0,0
380,952132,1246,0,0,0,0,0
380,917483,1285,0,0,0,0,0
380,896456,1289,0,0,0,0,0
380,935450,1351,0,0,0,0,0
380,919008,1298,0,0,0,0,0
380,920086,1342,0,0,0,0,0
380,919048,1338,0,0,0,0,0
380,931238,1313,0,0,0,0,0
380,891681,1273,0,0,0,0,0
380,917850,1366,0,0,0,0,0
380,919136,1292,0,0,0,0,0
380,933006,1309,0,0,0,0,0
380,910934,1285,0,0,0,0,0
400,967575,1419,0,0,0,0,0
400,998629,1355,0,0,0,0,0
400,976606,1325,0,0,0,0,0
400,978774,1275,0,0,0,0,0
400,949175,1348,0,0,0,0,0
400,985013,1314,0,0,0,0,0
400,943968,1299,0,0,0,0,0
400,943545,1228,0,0,0,0,0
400,1000662,1384,0,0,0,0,0
400,979233,1303,0,0,0,0,0
400,944177,1255,0,0,0,0,0
400,944991,1350,0,0,0,0,0
400,983385,1363,0,0,0,0,0
400,973741,1306,0,0,0,0,0
400,970957,1239,0,0,0,0,0
400,945016,1265,0,0,0,0,0
400,1000556,1311,0,0,0,0,0
400,983469,1300,0,0,0,0,0
400,945356,1212,0,0,0,0,0
400,973058,1353,0,0,0,0,0
420,992426,1459,0,0,0,0,0
420,985280,1340,0,0,0,0,0
420,1048900,1300,0,0,0,0,0
420,985078,1315,0,0,0,0,0
420,1001255,1302,0,0,0,0,0
420,1009995,1244,0,0,0,0,0
420,1035573,1327,0,0,0,0,0
420,1043214,1349,0,0,0,0,0
420,1012348,1295,0,0,0,0,0
420,1013724,1296,0,0,0,0,0
420,1009921,1288,0,0,0,0,0
420,1002698,1282,0,0,0,0,0
420,1016648,1322,0,0,0,0,0
420,1042814,1272,0,0,0,0,0
420,982486,1280,0,0,0,0,0
420,988814,1298,0,0,0,0,0
420,987714,1258,0,0,0,0,0
420,1021220,1346,0,0,0,0,0
420,1017660,1302,0,0,0,0,0
420,1013738,1298,0,0,0,0,0
440,1034841,1371,0,0,0,0,0
440,1054022,1316,0,0,0,0,0
440,1069860,1239,0,0,0,0,0
440,1063109,1272,0,0,0,0,0
440,1064831,1279,0,0,0,0,0
440,1086443,1275,0,0,0,0,0
440,1028026,1218,0,0,0,0,0
440,1131215,1326,0,0,0,0,0
440,1051184,1305,0,0,0,0,0
440,1068185,1356,0,0,0,0,0
440,1031627,1370,0,0,0,0,0
440,1029145,1313,0,0,0,0,0
440,1085239,1329,0,0,0,0,0
440,1059089,1267,0,0,0,0,0
440,1060068,1300,0,0,0,0,0
440,1058390,1313,0,0,0,0,0
440,1067713,1311,0,0,0,0,0
440,1060534,1334,0,0,0,0,0
440,1059310,1291,0,0,0,0,0
440,1067203,1290,0,0,0,0,0
460,1140018,1442,0,0,0,0,0
460,1090111,1358,0,0,0,0,0
460,1118973,1320,0,0,0,0,0
460,1122915,1292,0,0,0,0,0
460,1117098,1370,0,0,0,0,0
460,1117860,1287,0,0,0,0,0
460,1138088,1235,0,0,0,0,0
460,1114296,1273,0,0,0,0,0
460,1116774,1302,0,0,0,0,0
460,1122151,1269,0,0,0,0,0
460,1129004,1377,0,0,0,0,0
460,1107643,1369,0,0,0,0,0
460,1141553,1299,0,0,0,0,0
460,1146390,1311,0,0,0,0,0
460,1128323,1248,0,0,0,0,0
460,1112365,1267,0,0,0,0,0
460,1156183,1282,0,0,0,0,0
460,1116984,1301,0,0,0,0,0
460,1114969,1297,0,0,0,0,0
460,1142384,1307,0,0,0,0,0
480,1127369,1433,0,0,0,0,0
480,1121165,1299,0,0,0,0,0
480,1170295,1314,0,0,0,0,0
480,1154540,1224,0,0,0,0,0
480,1157374,1296,0,0,0,0,0
480,1174161,1300,0,0,0,0,0
480,1149518,1256,0,0,0,0,0
480,1120855,1236,0,0,0,0,0
480,1187959,1298,0,0,0,0,0
480,1155908,1265,0,0,0,0,0
480,1155709,1289,0,0,0,0,0
480,1156995,1270,0,0,0,0,0
480,1160558,1258,0,0,0,0,0
480,1154382,1238,0,0,0,0,0
480,1155566,1221,0,0,0,0,0
480,1169213,1225,0,0,0,0,0
480,1124013,1290,0,0,0,0,0
480,1155418,1260,0,0,0,0,0
480,1157289,1274,0,0,0,0,0
480,1158472,1242,0,0,0,0,0
500,1206734,1446,0,0,0,0,0
500,1204605,1374,0,0,0,0,0
500,1199934,1404,0,0,0,0,0
500,1213234,1363,0,0,0,0,0
500,1198243,1398,0,0,0,0,0
500,1195047,1317,0,0,0,0,0
500,1216493,1339,0,0,0,0,0
500,1169044,1361,0,0,0,0,0
500,1167784,1261,0,0,0,0,0
500,1226991,1327,0,0,0,0,0
500,1202684,1274,0,0,0,0,0
500,1165533,1271,0,0,0,0,0
500,1206329,1257,0,0,0,0,0
500,1198827,1301,0,0,0,0,0
500,1203085,1245,0,0,0,0,0
500,1235229,1252,0,0,0,0,0
500,1204689,1322,0,0,0,0,0
500,1200437,1339,0,0,0,0,0
500,1237138,1343,0,0,0,0,0
500,1207610,1277,0,0,0,0,0
520,1238220,1454,0,0,0,0,0
520,1235049,1402,0,0,0,0,0
520,1272262,1300,0,0,0,0,0
520,1278350,1326,0,0,0,0,0
520,1264615,1205,0,0,0,0,0
520,1276808,1249,0,0,0,0,0
520,1267434,1284,0,0,0,0,0
520,1266278,1275,0,0,0,0,0
520,1277262,1273,0,0,0,0,0
520,1269262,1284,0,0,0,0,0
520,1268811,1238,0,0,0,0,0
520,1270608,1232,0,0,0,0,0
520,1232106,1280,0,0,0,0,0
520,1273745,1310,0,0,0,0,0
520,1299835,1241,0,0,0,0,0
520,1264735,1260,0,0,0,0,0
520,1228109,1182,0,0,0,0,0
520,1296991,1329,0,0,0,0,0
520,1257151,1275,0,0,0,0,0
520,1287471,1223,0,0,0,0,0
540,1267264,1452,0,0,0,0,0
540,1298539,1430,0,0,0,0,0
540,1297267,1296,0,0,0,0,0
540,1288740,1313,0,0,0,0,0
540,1300077,1247,0,0,0,0,0
540,1312927,1312,0,0,0,0,0
540,1260686,1348,0,0,0,0,0
540,1260843,1267,0,0,0,0,0
540,1306854,1354,0,0,0,0,0
540,1300326,1340,0,0,0,0,0
540,1302477,1329,0,0,0,0,0
540,1302694,1268,0,0,0,0,0
540,1302076,1319,0,0,0,0,0
540,1264712,1325,0,0,0,0,0
540,1294938,1354,0,0,0,0,0
540,1302987,1340,0,0,0,0,0
540,1338817,1321,0,0,0,0,0
540,1299642,1313,0,0,0,0,0
540,1293787,1316,0,0,0,0,0
540,1321999,1322,0,0,0,0,0
560,1356758,1462,0,0,0,0,0
560,1375569,1368,0,0,0,0,0
560,1309841,1375,0,0,0,0,0
560,1308518,1348,0,0,0,0,0
560,1361541,1389,0,0,0,0,0
560,1367046,1319,0,0,0,0,0
560,1348280,1331,0,0,0,0,0
560,1352691,1266,0,0,0,0,0
560,1350352,1246,0,0,0,0,0
560,1351969,1307,0,0,0,0,0
560,1345602,1300,0,0,0,0,0
560,1345258,1289,0,0,0,0,0
560,1370260,1246,0,0,0,0,0
560,1348185,1290,0,0,0,0,0
560,1349565,1266,0,0,0,0,0
560,1355093,1306,0,0,0,0,0
560,1306620,1242,0,0,0,0,0
560,1309052,1320,0,0,0,0,0
560,1377618,1233,0,0,0,0,0
560,1310875,1315,0,0,0,0,0
580,1380965,1477,0,0,0,0,0
580,1369730,1373,0,0,0,0,0
580,1407384,1371,0,0,0,0,0
580,1411357,1342,0,0,0,0,0
580,1436608,1348,0,0,0,0,0
580,1433439,1307,0,0,0,0,0
580,1452689,1300,0,0,0,0,0
580,1411242,1288,0,0,0,0,0
580,1368112,1318,0,0,0,0,0
580,1405749,1285,0,0,0,0,0
580,1408439,1276,0,0,0,0,0
580,1411881,1290,0,0,0,0,0
580,1403761,1337,0,0,0,0,0
580,1369324,1279,0,0,0,0,0
580,1371506,1239,0,0,0,0,0
580,1416003,1380,0,0,0,0,0
580,1409977,1323,0,0,0,0,0
580,1437707,1333,0,0,0,0,0
580,1421247,1311,0,0,0,0,0
580,1409974,1353,0,0,0,0,0
600,1412537,1374,0,0,0,0,0
600,1441873,1312,0,0,0,0,0
600,1435813,1279,0,0,0,0,0
600,1468309,1380,0,0,0,0,0
600,1441306,1279,0,0,0,0,0
600,1404141,1292,0,0,0,0,0
600,1448087,1288,0,0,0,0,0
600,1443307,1295,0,0,0,0,0
600,1424841,1356,0,0,0,0,0
600,1440697,1327,0,0,0,0,0
600,1439136,1272,0,0,0,0,0
600,1456785,1258,0,0,0,0,0
600,1438968,1260,0,0,0,0,0
600,1442819,1220,0,0,0,0,0
600,1436562,1295,0,0,0,0,0
600,1442361,1296,0,0,0,0,0
600,1439308,1231,0,0,0,0,0
600,1445120,1241,0,0,0,0,0
600,1455583,1298,0,0,0,0,0
600,1442463,1313,0,0,0,0,0
620,1493822,1430,0,0,0,0,0
620,1503898,1273,0,0,0,0,0
620,1493988,1281,0,0,0,0,0
620,1493294,1322,0,0,0,0,0
620,1491622,1232,0,0,0,0,0
620,1447292,1327,0,0,0,0,0
620,1498757,1281,0,0,0,0,0
620,1445724,1315,0,0,0,0,0
620,1442194,1331,0,0,0,0,0
620,1499247,1305,0,0,0,0,0
620,1450167,1317,0,0,0,0,0
620,1488506,1317,0,0,0,0,0
620,1487515,1356,0,0,0,0,0
620,1446848,1310,0,0,0,0,0
620,1514970,1270,0,0,0,0,0
620,1487499,1333,0,0,0,0,0
620,1505228,1349,0,0,0,0,0
620,1447088,1265,0,0,0,0,0
620,1491402,1270,0,0,0,0,0
620,1478484,1275,0,0,0,0,0
640,1570321,1517,0,0,0,0,0
640,1524790,1361,0,0,0,0,0
640,1495772,1311,0,0,0,0,0
640,1537043,1252,0,0,0,0,0
640,1498086,1209,0,0,0,0,0
640,1556873,1370,0,0,0,0,0
640,1553500,1292,0,0,0,0,0
640,1543157,1269,0,0,0,0,0
640,1577167,1337,0,0,0,0,0
640,1535363,1298,0,0,0,0,0
640,1553287,1310,0,0,0,0,0
640,1537770,1329,0,0,0,0,0
640,1569188,1361,0,0,0,0,0
640,1526757,1270,0,0,0,0,0
640,1495619,1310,0,0,0,0,0
640,1533705,1357,0,0,0,0,0
640,1549990,1327,0,0,0,0,0
640,1559589,1305,0,0,0,0,0
640,1536581,1299,0,0,0,0,0
640,1497685,1286,0,0,0,0,0
660,1555390,1360,0,0,0,0,0
660,1555601,1332,0,0,0,0,0
660,1588053,1240,0,0,0,0,0
660,1599225,1301,0,0,0,0,0
660,1592542,1278,0,0,0,0,0
660,1572112,1224,0,0,0,0,0
660,1585234,1267,0,0,0,0,0
660,1589348,1313,0,0,0,0,0
660,1575959,1251,0,0,0,0,0
660,1587008,1312,0,0,0,0,0
660,1599225,1347,0,0,0,0,0
660,1599764,1284,0,0,0,0,0
660,1625022,1321,0,0,0,0,0
660,1581507,1320,0,0,0,0,0
660,1537988,1305,0,0,0,0,0
660,1577825,1332,0,0,0,0,0
660,1589423,1280,0,0,0,0,0
660,1604721,1261,0,0,0,0,0
660,1588668,1243,0,0,0,0,0
660,1579146,1243,0,0,0,0,0
680,1644902,1482,0,0,0,0,0
680,1633718,1373,0,0,0,0,0
680,1623755,1356,0,0,0,0,0
680,1630414,1342,0,0,0,0,0
680,1663517,1487,0,0,0,0,0
680,1584210,1307,0,0,0,0,0
680,1587915,1306,0,0,0,0,0
680,1630092,1328,0,0,0,0,0
680,1633010,1346,0,0,0,0,0
680,1641672,1373,0,0,0,0,0
680,1622422,1234,0,0,0,0,0
680,1621268,1367,0,0,0,0,0
680,1632145,1318,0,0,0,0,0
680,1627900,1282,0,0,0,0,0
680,1634427,1338,0,0,0,0,0
680,1584746,1314,0,0,0,0,0
680,1621948,1265,0,0,0,0,0
680,1632925,1303,0,0,0,0,0
680,1649846,1287,0,0,0,0,0
680,1635579,1242,0,0,0,0,0
700,1726198,1430,0,0,0,0,0
700,1672006,1303,0,0,0,0,0
700,1728180,1385,0,0,0,0,0
700,1685708,1288,0,0,0,0,0
700,1722323,1338,0,0,0,0,0
700,1684574,1292,0,0,0,0,0
700,1684703,1275,0,0,0,0,0
700,1675226,1333,0,0,0,0,0
700,1665152,1268,0,0,0,0,0
700,1672831,1311,0,0,0,0,0
700,1650279,1218,0,0,0,0,0
700,1696624,1292,0,0,0,0,0
700,1682448,1278,0,0,0,0,0
700,1710649,1268,0,0,0,0,0
700,1647515,1213,0,0,0,0,0
700,1674132,1222,0,0,0,0,0
700,1688644,1280,0,0,0,0,0
700,1686592,1270,0,0,0,0,0
700,1692326,1293,0,0,0,0,0
700,1691439,1266,0,0,0,0,0
720,1738608,1431,0,0,0,0,0
720,1731840,1421,0,0,0,0,0
720,1723106,1373,0,0,0,0,0
720,1732943,1215,0,0,0,0,0
720,1720521,1322,0,0,0,0,0
720,1732636,1329,0,0,0,0,0
720,1734573,1376,0,0,0,0,0
720,1747828,1313,0,0,0,0,0
720,1736693,1297,0,0,0,0,0
720,1740429,1244,0,0,0,0,0
720,1748838,1330,0,0,0,0,0
720,1739390,1298,0,0,0,0,0
720,1755662,1259,0,0,0,0,0
720,1732320,1252,0,0,0,0,0
720,1767889,1332,0,0,0,0,0
720,1739347,1242,0,0,0,0,0
720,1734973,1236,0,0,0,0,0
720,1739094,1259,0,0,0,0,0
720,1715281,1202,0,0,0,0,0
720,1697308,1245,0,0,0,0,0
740,1766199,1521,0,0,0,0,0
740,1770925,1407,0,0,0,0,0
740,1800865,1319,0,0,0,0,0
740,1777261,1338,0,0,0,0,0
740,1772525,1396,0,0,0,0,0
740,1723499,1314,0,0,0,0,0
740,1778570,1369,0,0,0,0,0
740,1721079,1260,0,0,0,0,0
740,1786830,1359,0,0,0,0,0
740,1784148,1334,0,0,0,0,0
740,1794131,1321,0,0,0,0,0
740,1775584,1427,0,0,0,0,0
740,1759725,1409,0,0,0,0,0
740,1723426,1269,0,0,0,0,0
740,1761826,1295,0,0,0,0,0
740,1776261,1375,0,0,0,0,0
740,1782367,1387,0,0,0,0,0
740,1726215,1403,0,0,0,0,0
740,1777270,1313,0,0,0,0,0
740,1780622,1351,0,0,0,0,0
760,1779322,1455,0,0,0,0,0
760,1830883,1293,0,0,0,0,0
760,1821287,1286,0,0,0,0,0
760,1840235,1318,0,0,0,0,0
760,1825575,1278,0,0,0,0,0
760,1840169,1300,0,0,0,0,0
760,1797330,1285,0,0,0,0,0
760,1847583,1344,0,0,0,0,0
760,1820438,1316,0,0,0,0,0
760,1807603,1302,0,0,0,0,0
760,1827918,1263,0,0,0,0,0
760,1811090,1449,0,0,0,0,0
760,1824843,1359,0,0,0,0,0
760,1804860,1323,0,0,0,0,0
760,1810762,1284,0,0,0,0,0
760,1811857,1351,0,0,0,0,0
760,1870450,1332,0,0,0,0,0
760,1778964,1487,0,0,0,0,0
760,1775645,1298,0,0,0,0,0
760,1766883,1299,0,0,0,0,0
780,1877716,1420,0,0,0,0,0
780,1817967,1422,0,0,0,0,0
780,1876395,1284,0,0,0,0,0
780,1868383,1440,0,0,0,0,0
780,1819335,1303,0,0,0,0,0
780,1871861,1330,0,0,0,0,0
780,1813834,1209,0,0,0,0,0
780,1871257,1271,0,0,0,0,0
780,1833795,1335,0,0,0,0,0
780,1871895,1355,0,0,0,0,0
780,1850856,1291,0,0,0,0,0
780,1874009,1287,0,0,0,0,0
780,1883146,1418,0,0,0,0,0
780,1872160,1284,0,0,0,0,0
780,1860913,1298,0,0,0,0,0
780,1818616,1208,0,0,0,0,0
780,1820541,1233,0,0,0,0,0
780,1869227,1331,0,0,0,0,0
780,1880852,1352,0,0,0,0,0
780,1874984,1291,0,0,0,0,0
800,1866770,1373,0,0,0,0,0
800,1907946,1300,0,0,0,0,0
800,1918403,1264,0,0,0,0,0
800,1901743,1346,0,0,0,0,0
800,1921634,1266,0,0,0,0,0
800,1897421,1260,0,0,0,0,0
800,1864986,1271,0,0,0,0,0
800,1903721,1272,0,0,0,0,0
800,1923344,1304,0,0,0,0,0
800,1875960,1277,0,0,0,0,0
800,1868754,1202,0,0,0,0,0
800,1883123,1361,0,0,0,0,0
800,1920541,1267,0,0,0,0,0
800,1879938,1340,0,0,0,0,0
800,1870832,1327,0,0,0,0,0
800,1959911,1269,0,0,0,0,0
800,1934293,1345,0,0,0,0,0
800,1937611,1242,0,0,0,0,0
800,1931700,1303,0,0,0,0,0
800,1901186,1325,0,0,0,0,0
820,1915164,1416,0,0,0,0,0
820,1970866,1258,0,0,0,0,0
820,1909201,1259,0,0,0,0,0
820,1973132,1323,0,0,0,0,0
820,1913524,1332,0,0,0,0,0
820,1974478,1320,0,0,0,0,0
820,1966831,1315,0,0,0,0,0
820,1967554,1334,0,0,0,0,0
820,1971386,1287,0,0,0,0,0
820,1957750,1310,0,0,0,0,0
820,1965980,1278,0,0,0,0,0
820,1951858,1352,0,0,0,0,0
820,1967002,1288,0,0,0,0,0
820,1971429,1319,0,0,0,0,0
820,2009827,1454,0,0,0,0,0
820,1969270,1294,0,0,0,0,0
820,1950689,1283,0,0,0,0,0
820,1973435,1306,0,0,0,0,0
820,1994146,1347,0,0,0,0,0
820,1968705,1290,0,0,0,0,0
840,2001813,1420,0,0,0,0,0
840,2014384,1312,0,0,0,0,0
840,2024007,1324,0,0,0,0,0
840,2014731,1303,0,0,0,0,0
840,2018005,1349,0,0,0,0,0
840,2021140,1312,0,0,0,0,0
840,1991816,1353,0,0,0,0,0
840,2014416,1192,0,0,0,0,0
840,1993279,1320,0,0,0,0,0
840,2013987,1265,0,0,0,0,0
840,2019989,1319,0,0,0,0,0
840,1958200,1283,0,0,0,0,0
840,2016892,1269,0,0,0,0,0
840,2023950,1328,0,0,0,0,0
840,2017569,1273,0,0,0,0,0
840,1965643,1321,0,0,0,0,0
840,2014846,1278,0,0,0,0,0
840,1991639,1316,0,0,0,0,0
840,1959647,1216,0,0,0,0,0
840,2015651,1253,0,0,0,0,0
860,2060835,1506,0,0,0,0,0
860,2066539,1300,0,0,0,0,0
860,2086701,1331,0,0,0,0,0
860,2074193,1285,0,0,0,0,0
860,2076931,1378,0,0,0,0,0
860,2003791,1367,0,0,0,0,0
860,2043044,1329,0,0,0,0,0
860,2073777,1434,0,0,0,0,0
860,2044908,1442,0,0,0,0,0
860,2072512,1371,0,0,0,0,0
860,2047278,1311,0,0,0,0,0
860,2050741,1352,0,0,0,0,0
860,2074879,1275,0,0,0,0,0
860,2092156,1251,0,0,0,0,0
860,2073589,1256,0,0,0,0,0
860,2044824,1388,0,0,0,0,0
860,2011089,1327,0,0,0,0,0
860,2049924,1302,0,0,0,0,0
860,2011027,1224,0,0,0,0,0
860,2043790,1366,0,0,0,0,0
880,2051024,1491,0,0,0,0,0
880,2120164,1309,0,0,0,0,0
880,2044340,1273,0,0,0,0,0
880,2087875,1254,0,0,0,0,0
880,2073537,1283,0,0,0,0,0
880,2103497,1369,0,0,0,0,0
880,2050647,1284,0,0,0,0,0
880,2081647,1268,0,0,0,0,0
880,2140355,1364,0,0,0,0,0
880,2061529,1297,0,0,0,0,0
880,2049614,1275,0,0,0,0,0
880,2052063,1273,0,0,0,0,0
880,2059144,1370,0,0,0,0,0
880,2051145,1248,0,0,0,0,0
880,2097014,1263,0,0,0,0,0
880,2045489,1258,0,0,0,0,0
880,2115676,1299,0,0,0,0,0
880,2053789,1227,0,0,0,0,0
880,2050376,1332,0,0,0,0,0
880,2112738,1288,0,0,0,0,0
900,2172683,1461,0,0,0,0,0
900,2163203,1326,0,0,0,0,0
900,2160963,1377,0,0,0,0,0
900,2138920,1385,0,0,0,0,0
900,2156223,1294,0,0,0,0,0
900,2171622,1359,0,0,0,0,0
900,2160141,1340,0,0,0,0,0
900,2150847,1313,0,0,0,0,0
900,2163797,1461,0,0,0,0,0
900,2166740,1299,0,0,0,0,0
900,2178784,1317,0,0,0,0,0
900,2162547,1238,0,0,0,0,0
900,2137694,1374,0,0,0,0,0
900,2164523,1336,0,0,0,0,0
900,2167238,1306,0,0,0,0,0
900,2170058,1387,0,0,0,0,0
900,2164060,1330,0,0,0,0,0
900,2165358,1379,0,0,0,0,0
900,2092151,1303,0,0,0,0,0
900,2166129,1320,0,0,0,0,0
920,2150849,1447,0,0,0,0,0
920,2201871,1385,0,0,0,0,0
920,2243510,1406,0,0,0,0,0
920,2192040,1349,0,0,0,0,0
920,2231875,1335,0,0,0,0,0
920,2210508,1341,0,0,0,0,0
920,2211377,1396,0,0,0,0,0
920,2190515,1268,0,0,0,0,0
920,2177121,1326,0,0,0,0,0
920,2177445,1371,0,0,0,0,0
920,2145454,1297,0,0,0,0,0
920,2209659,1321,0,0,0,0,0
920,2211136,1338,0,0,0,0,0
920,2173660,1341,0,0,0,0,0
920,2143363,1303,0,0,0,0,0
920,2213511,1319,0,0,0,0,0
920,2245032,1355,0,0,0,0,0
920,2156591,1317,0,0,0,0,0
920,2213905,1294,0,0,0,0,0
920,2205521,1286,0,0,0,0,0
940,2200779,1443,0,0,0,0,0
940,2251439,1354,0,0,0,0,0
940,2272469,1396,0,0,0,0,0
940,2203142,1337,0,0,0,0,0
940,2282120,1379,0,0,0,0,0
940,2270696,1325,0,0,0,0,0
940,2236708,1355,0,0,0,0,0
940,2198342,1369,0,0,0,0,0
940,2258909,1392,0,0,0,0,0
940,2281783,1421,0,0,0,0,0
940,2269827,1419,0,0,0,0,0
940,2253839,1374,0,0,0,0,0
940,2278828,1282,0,0,0,0,0
940,2203922,1343,0,0,0,0,0
940,2275649,1294,0,0,0,0,0
940,2274613,1286,0,0,0,0,0
940,2249175,1327,0,0,0,0,0
940,2249992,1286,0,0,0,0,0
940,2229724,1370,0,0,0,0,0
940,2221481,1286,0,0,0,0,0
960,2308944,1452,0,0,0,0,0
960,2306558,1302,0,0,0,0,0
960,2345702,1333,0,0,0,0,0
960,2319625,1324,0,0,0,0,0
960,2237737,1249,0,0,0,0,0
960,2289247,1288,0,0,0,0,0
960,2304816,1275,0,0,0,0,0
960,2243561,1287,0,0,0,0,0
960,2312813,1268,0,0,0,0,0
960,2259138,1331,0,0,0,0,0
960,2290718,1377,0,0,0,0,0
960,2310102,1354,0,0,0,0,0
960,2304191,1304,0,0,0,0,0
960,2305918,1326,0,0,0,0,0
960,2244711,1308,0,0,0,0,0
960,2312883,1250,0,0,0,0,0
960,2264545,1285,0,0,0,0,0
960,2233042,1377,0,0,0,0,0
960,2249855,1296,0,0,0,0,0
960,2322324,1277,0,0,0,0,0
980,2329746,1571,0,0,0,0,0
980,2404198,1417,0,0,0,0,0
980,2336670,1357,0,0,0,0,0
980,2322935,1427,0,0,0,0,0
980,2355845,1388,0,0,0,0,0
980,2353284,1312,0,0,0,0,0
980,2327100,1421,0,0,0,0,0
980,2330991,1323,0,0,0,0,0
980,2373148,1401,0,0,0,0,0
980,2359890,1390,0,0,0,0,0
980,2313869,1360,0,0,0,0,0
980,2284567,1336,0,0,0,0,0
980,2285043,1317,0,0,0,0,0
980,2365875,1284,0,0,0,0,0
980,2291648,1288,0,0,0,0,0
980,2344581,1363,0,0,0,0,0
980,2373423,1314,0,0,0,0,0
980,2318458,1402,0,0,0,0,0
980,2355561,1306,0,0,0,0,0
980,2344561,1207,0,0,0,0,0
1000,2388713,1511,0,0,0,0,0
1000,2421837,1373,0,0,0,0,0
1000,2334577,1333,0,0,0,0,0
1000,2386190,1414,0,0,0,0,0
1000,2427283,1332,0,0,0,0,0
1000,2396917,1380,0,0,0,0,0
1000,2365087,1454,0,0,0,0,0
1000,2332069,1380,0,0,0,0,0
1000,2392194,1334,0,0,0,0,0
1000,2429614,1434,0,0,0,0,0
1000,2447706,1336,0,0,0,0,0
1000,2389936,1374,0,0,0,0,0
1000,2369825,1380,0,0,0,0,0
1000,2400799,1387,0,0,0,0,0
1000,2357229,1311,0,0,0,0,0
1000,2362528,1369,0,0,0,0,0
1000,2318382,1359,0,0,0,0,0
1000,2391020,1430,0,0,0,0,0
1000,2395515,1402,0,0,0,0,0
1000,2480436,1399,0,0,0,0,0

Raw Storage Info
========

Median Slopes Analysis
========
-- Extrinsic Time --

Model:
Time ~=    15.55
    + c    2.378
              µs

Reads = 0 + (0 * c)
Writes = 0 + (0 * c)

Min Squares Analysis
========
-- Extrinsic Time --

Data points distribution:
    c   mean µs  sigma µs       %
    0     8.111     0.142    1.7%
   20     58.36     0.507    0.8%
   40     108.6     0.838    0.7%
   60     152.5     1.489    0.9%
   80     203.5     1.724    0.8%
  100     254.5     2.591    1.0%
  120     302.7     2.835    0.9%
  140     347.4     0.338    0.0%
  160     396.5     0.625    0.1%
  180     440.1     1.978    0.4%
  200     493.5     0.215    0.0%
  220     540.4      1.53    0.2%
  240     586.2     1.603    0.2%
  260       633     8.183    1.2%
  280     681.4     8.134    1.1%
  300     727.3     7.191    0.9%
  320     775.1     0.967    0.1%
  340     827.8     8.838    1.0%
  360     874.2     2.523    0.2%
  380     920.6     3.773    0.4%
  400     969.7     12.06    1.2%
  420      1009     7.521    0.7%
  440      1061     4.048    0.3%
  460      1122     6.669    0.5%
  480      1156     1.254    0.1%
  500      1203     2.876    0.2%
  520      1269     3.768    0.2%
  540      1299     2.916    0.2%
  560      1350     3.601    0.2%
  580      1409     3.277    0.2%
  600      1441     1.534    0.1%
  620      1485      12.6    0.8%
  640      1540     8.516    0.5%
  660      1585     4.609    0.2%
  680      1630     3.957    0.2%
  700      1684     5.745    0.3%
  720      1736     2.771    0.1%
  740      1773     5.599    0.3%
  760      1816     7.867    0.4%
  780      1864     12.17    0.6%
  800      1903     13.69    0.7%
  820      1967     3.797    0.1%
  840      2011     7.436    0.3%
  860      2058     11.65    0.5%
  880      2066     16.09    0.7%
  900      2163      2.01    0.0%
  920      2198     12.88    0.5%
  940      2254     13.52    0.5%
  960      2294     17.65    0.7%
  980      2340     11.68    0.4%
 1000      2387     10.89    0.4%

Quality and confidence:
param     error
c         0.001

Model:
Time ~=     16.6
    + c    2.374
              µs

Reads = 0 + (0 * c)
Writes = 0 + (0 * c)

Pallet: "pallet_utility", Extrinsic: "as_derivative", Lowest values: [], Highest values: [], Steps: 50, Repeat: 20
extrinsic_time_ns,storage_root_time_ns,reads,repeat_reads,writes,repeat_writes,proof_size_bytes
3674,1197,0,0,0,0,0
2005,1030,0,0,0,0,0
1840,1019,0,0,0,0,0
1625,992,0,0,0,0,0
1673,1005,0,0,0,0,0
1696,991,0,0,0,0,0
1642,984,0,0,0,0,0
1802,1029,0,0,0,0,0
1902,986,0,0,0,0,0
1791,1006,0,0,0,0,0
1625,1006,0,0,0,0,0
1553,966,0,0,0,0,0
1652,996,0,0,0,0,0
1632,1000,0,0,0,0,0
1774,962,0,0,0,0,0
1791,978,0,0,0,0,0
1603,993,0,0,0,0,0
1763,963,0,0,0,0,0
1816,999,0,0,0,0,0
1744,965,0,0,0,0,0

Raw Storage Info
========

Median Slopes Analysis
========
-- Extrinsic Time --

Model:
Time ~=    1.763
              µs

Reads = 0
Writes = 0

Min Squares Analysis
========
-- Extrinsic Time --

Model:
Time ~=    1.763
              µs

Reads = 0
Writes = 0

Pallet: "pallet_utility", Extrinsic: "batch_all", Lowest values: [], Highest values: [], Steps: 50, Repeat: 20
c,extrinsic_time_ns,storage_root_time_ns,reads,repeat_reads,writes,repeat_writes,proof_size_bytes
0,10988,1319,0,0,0,0,0
0,9033,1205,0,0,0,0,0
0,8902,1192,0,0,0,0,0
0,8703,1225,0,0,0,0,0
0,8336,1228,0,0,0,0,0
0,10250,1147,0,0,0,0,0
0,8459,1255,0,0,0,0,0
0,15991,1237,0,0,0,0,0
0,8638,1132,0,0,0,0,0
0,8620,1181,0,0,0,0,0
0,8406,1158,0,0,0,0,0
0,8382,1144,0,0,0,0,0
0,8394,1122,0,0,0,0,0
0,8377,1152,0,0,0,0,0
0,8472,1140,0,0,0,0,0
0,8573,1181,0,0,0,0,0
0,8649,1188,0,0,0,0,0
0,10117,1227,0,0,0,0,0
0,8438,1205,0,0,0,0,0
0,8285,1145,0,0,0,0,0
20,66800,1439,0,0,0,0,0
20,63535,1265,0,0,0,0,0
20,64245,1255,0,0,0,0,0
20,63253,1220,0,0,0,0,0
20,63422,1251,0,0,0,0,0
20,62205,1246,0,0,0,0,0
20,63312,1220,0,0,0,0,0
20,63158,1204,0,0,0,0,0
20,62981,1245,0,0,0,0,0
20,63151,1278,0,0,0,0,0
20,63146,1182,0,0,0,0,0
20,63248,1217,0,0,0,0,0
20,63010,1237,0,0,0,0,0
20,62689,1234,0,0,0,0,0
20,62695,1222,0,0,0,0,0
20,61471,1193,0,0,0,0,0
20,62159,1257,0,0,0,0,0
20,62625,1326,0,0,0,0,0
20,62848,1242,0,0,0,0,0
20,63203,1203,0,0,0,0,0
40,124265,1421,0,0,0,0,0
40,115783,1299,0,0,0,0,0
40,114416,1345,0,0,0,0,0
40,112379,1324,0,0,0,0,0
40,115163,1300,0,0,0,0,0
40,112205,1256,0,0,0,0,0
40,114825,1262,0,0,0,0,0
40,112326,1285,0,0,0,0,0
40,114196,1271,0,0,0,0,0
40,113995,1318,0,0,0,0,0
40,115545,1226,0,0,0,0,0
40,114876,1231,0,0,0,0,0
40,113526,1216,0,0,0,0,0
40,115523,1231,0,0,0,0,0
40,113898,1253,0,0,0,0,0
40,113776,1296,0,0,0,0,0
40,114723,1217,0,0,0,0,0
40,116727,1320,0,0,0,0,0
40,114368,1306,0,0,0,0,0
40,112272,1263,0,0,0,0,0
60,165909,1483,0,0,0,0,0
60,162768,1320,0,0,0,0,0
60,166790,1322,0,0,0,0,0
60,166596,1231,0,0,0,0,0
60,166891,1240,0,0,0,0,0
60,166428,1300,0,0,0,0,0
60,162203,1248,0,0,0,0,0
60,166800,1296,0,0,0,0,0
60,166354,1222,0,0,0,0,0
60,166717,1277,0,0,0,0,0
60,166520,1241,0,0,0,0,0
60,169702,1317,0,0,0,0,0
60,165077,1268,0,0,0,0,0
60,162435,1280,0,0,0,0,0
60,166300,1305,0,0,0,0,0
60,166988,1277,0,0,0,0,0
60,166403,1230,0,0,0,0,0
60,166000,1231,0,0,0,0,0
60,166789,1240,0,0,0,0,0
60,162687,1230,0,0,0,0,0
80,218010,1368,0,0,0,0,0
80,215690,1287,0,0,0,0,0
80,215639,1232,0,0,0,0,0
80,214651,1195,0,0,0,0,0
80,214944,1223,0,0,0,0,0
80,214695,1188,0,0,0,0,0
80,213933,1189,0,0,0,0,0
80,214942,1248,0,0,0,0,0
80,215296,1271,0,0,0,0,0
80,213469,1353,0,0,0,0,0
80,250336,1361,0,0,0,0,0
80,209420,1332,0,0,0,0,0
80,214387,1233,0,0,0,0,0
80,214823,1270,0,0,0,0,0
80,214627,1236,0,0,0,0,0
80,214879,1181,0,0,0,0,0
80,214065,1231,0,0,0,0,0
80,214165,1264,0,0,0,0,0
80,215037,1229,0,0,0,0,0
80,214836,1239,0,0,0,0,0
100,271658,1452,0,0,0,0,0
100,259392,1326,0,0,0,0,0
100,306706,1368,0,0,0,0,0
100,277480,1361,0,0,0,0,0
100,271923,1238,0,0,0,0,0
100,271709,1227,0,0,0,0,0
100,270817,1234,0,0,0,0,0
100,271124,1285,0,0,0,0,0
100,272122,1234,0,0,0,0,0
100,270986,1277,0,0,0,0,0
100,263590,1237,0,0,0,0,0
100,270923,1206,0,0,0,0,0
100,270946,1218,0,0,0,0,0
100,271214,1267,0,0,0,0,0
100,277182,1359,0,0,0,0,0
100,271715,1243,0,0,0,0,0
100,270648,1262,0,0,0,0,0
100,274208,1307,0,0,0,0,0
100,271554,1273,0,0,0,0,0
100,271657,1287,0,0,0,0,0
120,313042,1422,0,0,0,0,0
120,356288,1326,0,0,0,0,0
120,314953,1271,0,0,0,0,0
120,316542,1230,0,0,0,0,0
120,315911,1235,0,0,0,0,0
120,315853,1297,0,0,0,0,0
120,316386,1157,0,0,0,0,0
120,317295,1230,0,0,0,0,0
120,316630,1235,0,0,0,0,0
120,316140,1272,0,0,0,0,0
120,316073,1216,0,0,0,0,0
120,317160,1246,0,0,0,0,0
120,350595,1397,0,0,0,0,0
120,308224,1304,0,0,0,0,0
120,316489,1250,0,0,0,0,0
120,315475,1255,0,0,0,0,0
120,316283,1256,0,0,0,0,0
120,316180,1309,0,0,0,0,0
120,316334,1290,0,0,0,0,0
120,317023,1265,0,0,0,0,0
140,366044,1455,0,0,0,0,0
140,368244,1272,0,0,0,0,0
140,361761,1332,0,0,0,0,0
140,363014,1266,0,0,0,0,0
140,371831,1264,0,0,0,0,0
140,362586,1298,0,0,0,0,0
140,368338,1280,0,0,0,0,0
140,372772,1221,0,0,0,0,0
140,371175,1292,0,0,0,0,0
140,362192,1302,0,0,0,0,0
140,372241,1257,0,0,0,0,0
140,371026,1238,0,0,0,0,0
140,362104,1265,0,0,0,0,0
140,370797,1260,0,0,0,0,0
140,403169,1323,0,0,0,0,0
140,373677,1222,0,0,0,0,0
140,371181,1290,0,0,0,0,0
140,361592,1310,0,0,0,0,0
140,371406,1212,0,0,0,0,0
140,371565,1237,0,0,0,0,0
160,424099,1471,0,0,0,0,0
160,411085,1292,0,0,0,0,0
160,409573,1288,0,0,0,0,0
160,410908,1354,0,0,0,0,0
160,418980,1334,0,0,0,0,0
160,410941,1328,0,0,0,0,0
160,419876,1312,0,0,0,0,0
160,419136,1275,0,0,0,0,0
160,417450,1276,0,0,0,0,0
160,409235,1279,0,0,0,0,0
160,420123,1285,0,0,0,0,0
160,448256,1347,0,0,0,0,0
160,421732,1279,0,0,0,0,0
160,420072,1209,0,0,0,0,0
160,419369,1215,0,0,0,0,0
160,407833,1214,0,0,0,0,0
160,420656,1271,0,0,0,0,0
160,421428,1296,0,0,0,0,0
160,420446,1282,0,0,0,0,0
160,451167,1325,0,0,0,0,0
180,458867,1462,0,0,0,0,0
180,455955,1265,0,0,0,0,0
180,467737,1272,0,0,0,0,0
180,463027,1257,0,0,0,0,0
180,468301,1284,0,0,0,0,0
180,495881,1366,0,0,0,0,0
180,455143,1260,0,0,0,0,0
180,455634,1308,0,0,0,0,0
180,462226,1289,0,0,0,0,0
180,498723,1300,0,0,0,0,0
180,467928,1271,0,0,0,0,0
180,467952,1169,0,0,0,0,0
180,501636,1301,0,0,0,0,0
180,468977,1260,0,0,0,0,0
180,467910,1248,0,0,0,0,0
180,468322,1257,0,0,0,0,0
180,465405,1256,0,0,0,0,0
180,484220,1284,0,0,0,0,0
180,466886,1230,0,0,0,0,0
180,469413,1316,0,0,0,0,0
200,533129,1442,0,0,0,0,0
200,509103,1332,0,0,0,0,0
200,559311,1355,0,0,0,0,0
200,521678,1279,0,0,0,0,0
200,521382,1278,0,0,0,0,0
200,524268,1274,0,0,0,0,0
200,517317,1219,0,0,0,0,0
200,518537,1309,0,0,0,0,0
200,520025,1257,0,0,0,0,0
200,552526,1337,0,0,0,0,0
200,505879,1223,0,0,0,0,0
200,520320,1195,0,0,0,0,0
200,506362,1261,0,0,0,0,0
200,516156,1308,0,0,0,0,0
200,520195,1218,0,0,0,0,0
200,505647,1280,0,0,0,0,0
200,552007,1329,0,0,0,0,0
200,521452,1334,0,0,0,0,0
200,538237,1333,0,0,0,0,0
200,521009,1301,0,0,0,0,0
220,571410,1479,0,0,0,0,0
220,556726,1303,0,0,0,0,0
220,557875,1289,0,0,0,0,0
220,597233,1341,0,0,0,0,0
220,568336,1226,0,0,0,0,0
220,570428,1267,0,0,0,0,0
220,573727,1215,0,0,0,0,0
220,572467,1292,0,0,0,0,0
220,572303,1305,0,0,0,0,0
220,572481,1254,0,0,0,0,0
220,569085,1309,0,0,0,0,0
220,571617,1219,0,0,0,0,0
220,553084,1269,0,0,0,0,0
220,571414,1186,0,0,0,0,0
220,572308,1233,0,0,0,0,0
220,571752,1230,0,0,0,0,0
220,600028,1350,0,0,0,0,0
220,573472,1331,0,0,0,0,0
220,572716,1261,0,0,0,0,0
220,572217,1290,0,0,0,0,0
240,604907,1413,0,0,0,0,0
240,643924,1376,0,0,0,0,0
240,612638,1255,0,0,0,0,0
240,617114,1300,0,0,0,0,0
240,616928,1242,0,0,0,0,0
240,619716,1287,0,0,0,0,0
240,615954,1293,0,0,0,0,0
240,646444,1407,0,0,0,0,0
240,610784,1268,0,0,0,0,0
240,599930,1317,0,0,0,0,0
240,618041,1317,0,0,0,0,0
240,600197,1332,0,0,0,0,0
240,611076,1256,0,0,0,0,0
240,647209,1399,0,0,0,0,0
240,615403,1270,0,0,0,0,0
240,638343,1299,0,0,0,0,0
240,630384,1238,0,0,0,0,0
240,631446,1244,0,0,0,0,0
240,612751,1207,0,0,0,0,0
240,638554,1246,0,0,0,0,0
260,690017,1507,0,0,0,0,0
260,683541,1375,0,0,0,0,0
260,658215,1359,0,0,0,0,0
260,676616,1293,0,0,0,0,0
260,656158,1363,0,0,0,0,0
260,678406,1336,0,0,0,0,0
260,676779,1298,0,0,0,0,0
260,704550,1392,0,0,0,0,0
260,667168,1299,0,0,0,0,0
260,681185,1333,0,0,0,0,0
260,669512,1272,0,0,0,0,0
260,676507,1288,0,0,0,0,0
260,697196,1305,0,0,0,0,0
260,676074,1240,0,0,0,0,0
260,689978,1305,0,0,0,0,0
260,668729,1272,0,0,0,0,0
260,654554,1267,0,0,0,0,0
260,714948,1346,0,0,0,0,0
260,656331,1283,0,0,0,0,0
260,654329,1294,0,0,0,0,0
280,710501,1425,0,0,0,0,0
280,721169,1331,0,0,0,0,0
280,718941,1268,0,0,0,0,0
280,706108,1311,0,0,0,0,0
280,745637,1347,0,0,0,0,0
280,717231,1332,0,0,0,0,0
280,721583,1260,0,0,0,0,0
280,729365,1302,0,0,0,0,0
280,725554,1268,0,0,0,0,0
280,753216,1417,0,0,0,0,0
280,706499,1303,0,0,0,0,0
280,726815,1315,0,0,0,0,0
280,726990,1265,0,0,0,0,0
280,727129,1271,0,0,0,0,0
280,745475,1350,0,0,0,0,0
280,726896,1275,0,0,0,0,0
280,726757,1293,0,0,0,0,0
280,727293,1357,0,0,0,0,0
280,729269,1302,0,0,0,0,0
280,743022,1333,0,0,0,0,0
300,756868,1455,0,0,0,0,0
300,750928,1324,0,0,0,0,0
300,784068,1327,0,0,0,0,0
300,805136,1321,0,0,0,0,0
300,751663,1330,0,0,0,0,0
300,758713,1298,0,0,0,0,0
300,753714,1261,0,0,0,0,0
300,778099,1268,0,0,0,0,0
300,803611,1359,0,0,0,0,0
300,748786,1248,0,0,0,0,0
300,773145,1210,0,0,0,0,0
300,774357,1210,0,0,0,0,0
300,772129,1246,0,0,0,0,0
300,788229,1256,0,0,0,0,0
300,750008,1287,0,0,0,0,0
300,772011,1304,0,0,0,0,0
300,749738,1274,0,0,0,0,0
300,797615,1364,0,0,0,0,0
300,781916,1281,0,0,0,0,0
300,806972,1262,0,0,0,0,0
320,805010,1449,0,0,0,0,0
320,840191,1363,0,0,0,0,0
320,821398,1360,0,0,0,0,0
320,824279,1350,0,0,0,0,0
320,812496,1273,0,0,0,0,0
320,846180,1354,0,0,0,0,0
320,799330,1329,0,0,0,0,0
320,796354,1292,0,0,0,0,0
320,822313,1285,0,0,0,0,0
320,797228,1296,0,0,0,0,0
320,828871,1445,0,0,0,0,0
320,814328,1345,0,0,0,0,0
320,822196,1314,0,0,0,0,0
320,796494,1334,0,0,0,0,0
320,847218,1358,0,0,0,0,0
320,821145,1294,0,0,0,0,0
320,820786,1351,0,0,0,0,0
320,797481,1384,0,0,0,0,0
320,859820,1322,0,0,0,0,0
320,819977,1412,0,0,0,0,0
340,918350,1537,0,0,0,0,0
340,877090,1297,0,0,0,0,0
340,879281,1289,0,0,0,0,0
340,878169,1268,0,0,0,0,0
340,889258,1387,0,0,0,0,0
340,876854,1283,0,0,0,0,0
340,878677,1238,0,0,0,0,0
340,874196,1233,0,0,0,0,0
340,878773,1316,0,0,0,0,0
340,887900,1363,0,0,0,0,0
340,851950,1311,0,0,0,0,0
340,886702,1255,0,0,0,0,0
340,878550,1216,0,0,0,0,0
340,897216,1273,0,0,0,0,0
340,877106,1263,0,0,0,0,0
340,878840,1234,0,0,0,0,0
340,887786,1290,0,0,0,0,0
340,893642,1397,0,0,0,0,0
340,879089,1216,0,0,0,0,0
340,878548,1309,0,0,0,0,0
360,902470,1424,0,0,0,0,0
360,913538,1324,0,0,0,0,0
360,935653,1303,0,0,0,0,0
360,923070,1281,0,0,0,0,0
360,919533,1256,0,0,0,0,0
360,894229,1340,0,0,0,0,0
360,934122,1230,0,0,0,0,0
360,893481,1264,0,0,0,0,0
360,922559,1283,0,0,0,0,0
360,919293,1199,0,0,0,0,0
360,932238,1235,0,0,0,0,0
360,922809,1262,0,0,0,0,0
360,924136,1265,0,0,0,0,0
360,927171,1194,0,0,0,0,0
360,933339,1166,0,0,0,0,0
360,923254,1242,0,0,0,0,0
360,923566,1256,0,0,0,0,0
360,921237,1230,0,0,0,0,0
360,934205,1182,0,0,0,0,0
360,923251,1255,0,0,0,0,0
380,946572,1462,0,0,0,0,0
380,985700,1319,0,0,0,0,0
380,946313,1309,0,0,0,0,0
380,965581,1239,0,0,0,0,0
380,968359,1300,0,0,0,0,0
380,983102,1376,0,0,0,0,0
380,968393,1290,0,0,0,0,0
380,959833,1279,0,0,0,0,0
380,969597,1293,0,0,0,0,0
380,987008,1358,0,0,0,0,0
380,971549,1282,0,0,0,0,0
380,970866,1255,0,0,0,0,0
380,1006988,1331,0,0,0,0,0
380,968797,1262,0,0,0,0,0
380,1001087,1329,0,0,0,0,0
380,969404,1292,0,0,0,0,0
380,981061,1306,0,0,0,0,0
380,967957,1294,0,0,0,0,0
380,943399,1304,0,0,0,0,0
380,973893,1222,0,0,0,0,0
400,1091692,1405,0,0,0,0,0
400,1045248,1342,0,0,0,0,0
400,1078101,1337,0,0,0,0,0
400,1029496,1305,0,0,0,0,0
400,1011510,1289,0,0,0,0,0
400,1065194,1327,0,0,0,0,0
400,1031221,1290,0,0,0,0,0
400,1025799,1283,0,0,0,0,0
400,1013913,1303,0,0,0,0,0
400,1048704,1281,0,0,0,0,0
400,1000740,1250,0,0,0,0,0
400,1027604,1244,0,0,0,0,0
400,1026882,1242,0,0,0,0,0
400,1019064,1401,0,0,0,0,0
400,1001083,1295,0,0,0,0,0
400,1026047,1285,0,0,0,0,0
400,1055199,1271,0,0,0,0,0
400,1048280,1328,0,0,0,0,0
400,1031995,1247,0,0,0,0,0
400,1031236,1266,0,0,0,0,0
420,1046784,1519,0,0,0,0,0
420,1085716,1381,0,0,0,0,0
420,1067613,1328,0,0,0,0,0
420,1070412,1270,0,0,0,0,0
420,1080878,1347,0,0,0,0,0
420,1074445,1270,0,0,0,0,0
420,1065470,1214,0,0,0,0,0
420,1072956,1274,0,0,0,0,0
420,1086033,1297,0,0,0,0,0
420,1096458,1265,0,0,0,0,0
420,1104515,1178,0,0,0,0,0
420,1108327,1275,0,0,0,0,0
420,1075745,1269,0,0,0,0,0
420,1074977,1319,0,0,0,0,0
420,1090355,1245,0,0,0,0,0
420,1088394,1245,0,0,0,0,0
420,1082678,1271,0,0,0,0,0
420,1068228,1265,0,0,0,0,0
420,1081572,1255,0,0,0,0,0
420,1076651,1272,0,0,0,0,0
440,1093470,1507,0,0,0,0,0
440,1096608,1312,0,0,0,0,0
440,1133261,1420,0,0,0,0,0
440,1120551,1326,0,0,0,0,0
440,1114066,1285,0,0,0,0,0
440,1147016,1345,0,0,0,0,0
440,1093620,1298,0,0,0,0,0
440,1121447,1312,0,0,0,0,0
440,1148212,1312,0,0,0,0,0
440,1117682,1245,0,0,0,0,0
440,1126006,1301,0,0,0,0,0
440,1117033,1320,0,0,0,0,0
440,1127172,1308,0,0,0,0,0
440,1126236,1286,0,0,0,0,0
440,1123061,1252,0,0,0,0,0
440,1140494,1257,0,0,0,0,0
440,1120847,1177,0,0,0,0,0
440,1124410,1300,0,0,0,0,0
440,1147895,1281,0,0,0,0,0
440,1123513,1271,0,0,0,0,0
460,1245573,1461,0,0,0,0,0
460,1153621,1347,0,0,0,0,0
460,1185533,1293,0,0,0,0,0
460,1212084,1341,0,0,0,0,0
460,1190419,1287,0,0,0,0,0
460,1154109,1316,0,0,0,0,0
460,1181829,1302,0,0,0,0,0
460,1194128,1295,0,0,0,0,0
460,1185382,1266,0,0,0,0,0
460,1186854,1292,0,0,0,0,0
460,1190101,1281,0,0,0,0,0
460,1180021,1219,0,0,0,0,0
460,1151294,1281,0,0,0,0,0
460,1195045,1342,0,0,0,0,0
460,1220520,1374,0,0,0,0,0
460,1183927,1275,0,0,0,0,0
460,1208103,1364,0,0,0,0,0
460,1184338,1380,0,0,0,0,0
460,1182796,1273,0,0,0,0,0
460,1208617,1239,0,0,0,0,0
480,1193941,1441,0,0,0,0,0
480,1230923,1292,0,0,0,0,0
480,1230167,1234,0,0,0,0,0
480,1224433,1240,0,0,0,0,0
480,1224646,1218,0,0,0,0,0
480,1225801,1231,0,0,0,0,0
480,1223142,1227,0,0,0,0,0
480,1226313,1257,0,0,0,0,0
480,1222468,1256,0,0,0,0,0
480,1224656,1247,0,0,0,0,0
480,1230373,1244,0,0,0,0,0
480,1227355,1241,0,0,0,0,0
480,1190729,1279,0,0,0,0,0
480,1229368,1277,0,0,0,0,0
480,1225232,1229,0,0,0,0,0
480,1221032,1340,0,0,0,0,0
480,1234823,1332,0,0,0,0,0
480,1191075,1246,0,0,0,0,0
480,1223390,1278,0,0,0,0,0
480,1236671,1293,0,0,0,0,0
500,1238449,1470,0,0,0,0,0
500,1243114,1411,0,0,0,0,0
500,1313772,1403,0,0,0,0,0
500,1295940,1272,0,0,0,0,0
500,1262681,1346,0,0,0,0,0
500,1306701,1373,0,0,0,0,0
500,1276980,1257,0,0,0,0,0
500,1271895,1300,0,0,0,0,0
500,1306874,1405,0,0,0,0,0
500,1273426,1353,0,0,0,0,0
500,1286694,1373,0,0,0,0,0
500,1297600,1320,0,0,0,0,0
500,1277960,1262,0,0,0,0,0
500,1273406,1255,0,0,0,0,0
500,1287206,1323,0,0,0,0,0
500,1277682,1293,0,0,0,0,0
500,1269556,1288,0,0,0,0,0
500,1278746,1342,0,0,0,0,0
500,1273256,1270,0,0,0,0,0
500,1273461,1247,0,0,0,0,0
520,1337226,1467,0,0,0,0,0
520,1303205,1337,0,0,0,0,0
520,1357945,1341,0,0,0,0,0
520,1337155,1274,0,0,0,0,0
520,1336985,1235,0,0,0,0,0
520,1345285,1335,0,0,0,0,0
520,1410891,1274,0,0,0,0,0
520,1332441,1231,0,0,0,0,0
520,1381467,1244,0,0,0,0,0
520,1370557,1342,0,0,0,0,0
520,1362465,1348,0,0,0,0,0
520,1336254,1243,0,0,0,0,0
520,1336399,1285,0,0,0,0,0
520,1342459,1281,0,0,0,0,0
520,1335085,1237,0,0,0,0,0
520,1340251,1254,0,0,0,0,0
520,1345357,1232,0,0,0,0,0
520,1333961,1334,0,0,0,0,0
520,1335278,1239,0,0,0,0,0
520,1328660,1251,0,0,0,0,0
540,1392006,1461,0,0,0,0,0
540,1405269,1339,0,0,0,0,0
540,1380092,1298,0,0,0,0,0
540,1374603,1342,0,0,0,0,0
540,1380775,1311,0,0,0,0,0
540,1378701,1298,0,0,0,0,0
540,1379450,1411,0,0,0,0,0
540,1336689,1312,0,0,0,0,0
540,1403108,1255,0,0,0,0,0
540,1381869,1269,0,0,0,0,0
540,1377239,1284,0,0,0,0,0
540,1389195,1321,0,0,0,0,0
540,1382721,1270,0,0,0,0,0
540,1334951,1290,0,0,0,0,0
540,1376550,1343,0,0,0,0,0
540,1336449,1274,0,0,0,0,0
540,1371959,1315,0,0,0,0,0
540,1374681,1336,0,0,0,0,0
540,1376759,1337,0,0,0,0,0
540,1394763,1260,0,0,0,0,0
560,1431989,1450,0,0,0,0,0
560,1415894,1377,0,0,0,0,0
560,1430071,1291,0,0,0,0,0
560,1412587,1341,0,0,0,0,0
560,1427619,1264,0,0,0,0,0
560,1440084,1328,0,0,0,0,0
560,1383348,1307,0,0,0,0,0
560,1430921,1247,0,0,0,0,0
560,1427819,1286,0,0,0,0,0
560,1466719,1271,0,0,0,0,0
560,1427009,1313,0,0,0,0,0
560,1425974,1264,0,0,0,0,0
560,1428280,1293,0,0,0,0,0
560,1439084,1277,0,0,0,0,0
560,1434230,1283,0,0,0,0,0
560,1450742,1321,0,0,0,0,0
560,1427254,1269,0,0,0,0,0
560,1411974,1318,0,0,0,0,0
560,1436903,1272,0,0,0,0,0
560,1430831,1209,0,0,0,0,0
580,1498321,1567,0,0,0,0,0
580,1490394,1401,0,0,0,0,0
580,1492503,1264,0,0,0,0,0
580,1507656,1346,0,0,0,0,0
580,1503863,1281,0,0,0,0,0
580,1512562,1303,0,0,0,0,0
580,1449352,1327,0,0,0,0,0
580,1489378,1314,0,0,0,0,0
580,1505261,1415,0,0,0,0,0
580,1489474,1416,0,0,0,0,0
580,1526297,1334,0,0,0,0,0
580,1488024,1282,0,0,0,0,0
580,1488658,1275,0,0,0,0,0
580,1500358,1311,0,0,0,0,0
580,1449545,1301,0,0,0,0,0
580,1518875,1318,0,0,0,0,0
580,1483084,1380,0,0,0,0,0
580,1476511,1287,0,0,0,0,0
580,1496865,1415,0,0,0,0,0
580,1451303,1294,0,0,0,0,0
600,1545095,1410,0,0,0,0,0
600,1488041,1272,0,0,0,0,0
600,1520014,1330,0,0,0,0,0
600,1527046,1216,0,0,0,0,0
600,1520728,1264,0,0,0,0,0
600,1526701,1284,0,0,0,0,0
600,1488651,1207,0,0,0,0,0
600,1547200,1271,0,0,0,0,0
600,1483555,1206,0,0,0,0,0
600,1481397,1217,0,0,0,0,0
600,1523719,1254,0,0,0,0,0
600,1525558,1168,0,0,0,0,0
600,1547278,1270,0,0,0,0,0
600,1523741,1225,0,0,0,0,0
600,1527914,1174,0,0,0,0,0
600,1521363,1186,0,0,0,0,0
600,1524743,1244,0,0,0,0,0
600,1542054,1322,0,0,0,0,0
600,1528235,1213,0,0,0,0,0
600,1512885,1255,0,0,0,0,0
620,1584423,1494,0,0,0,0,0
620,1580237,1439,0,0,0,0,0
620,1589636,1315,0,0,0,0,0
620,1588499,1406,0,0,0,0,0
620,1590328,1267,0,0,0,0,0
620,1566293,1352,0,0,0,0,0
620,1586687,1384,0,0,0,0,0
620,1578587,1283,0,0,0,0,0
620,1579501,1342,0,0,0,0,0
620,1588478,1330,0,0,0,0,0
620,1592954,1334,0,0,0,0,0
620,1574057,1238,0,0,0,0,0
620,1614158,1372,0,0,0,0,0
620,1590494,1322,0,0,0,0,0
620,1575315,1289,0,0,0,0,0
620,1591265,1313,0,0,0,0,0
620,1613632,1285,0,0,0,0,0
620,1625239,1354,0,0,0,0,0
620,1533611,1247,0,0,0,0,0
620,1531686,1315,0,0,0,0,0
640,1690237,2330,0,0,0,0,0
640,1618036,1381,0,0,0,0,0
640,1618146,1331,0,0,0,0,0
640,1610007,1242,0,0,0,0,0
640,1621498,1530,0,0,0,0,0
640,1628341,1338,0,0,0,0,0
640,1630843,1270,0,0,0,0,0
640,1630795,1340,0,0,0,0,0
640,1623816,1275,0,0,0,0,0
640,1626890,1383,0,0,0,0,0
640,1626803,1345,0,0,0,0,0
640,1704569,1423,0,0,0,0,0
640,1635462,1375,0,0,0,0,0
640,1607764,1311,0,0,0,0,0
640,1628199,1355,0,0,0,0,0
640,1628599,1312,0,0,0,0,0
640,1634308,1370,0,0,0,0,0
640,1616205,1333,0,0,0,0,0
640,1655422,1270,0,0,0,0,0
640,1603536,1351,0,0,0,0,0
660,1693565,1553,0,0,0,0,0
660,1683870,1392,0,0,0,0,0
660,1667229,1271,0,0,0,0,0
660,1685242,1367,0,0,0,0,0
660,1683554,1304,0,0,0,0,0
660,1705927,1300,0,0,0,0,0
660,1661412,1263,0,0,0,0,0
660,1690189,1332,0,0,0,0,0
660,1687276,1260,0,0,0,0,0
660,1731242,1296,0,0,0,0,0
660,1646438,1253,0,0,0,0,0
660,1701204,1250,0,0,0,0,0
660,1726324,1312,0,0,0,0,0
660,1639887,1298,0,0,0,0,0
660,1670089,1303,0,0,0,0,0
660,1679808,1318,0,0,0,0,0
660,1682348,1316,0,0,0,0,0
660,1683356,1279,0,0,0,0,0
660,1667434,1278,0,0,0,0,0
660,1632892,1297,0,0,0,0,0
680,1735614,1517,0,0,0,0,0
680,1678547,1389,0,0,0,0,0
680,1719937,1302,0,0,0,0,0
680,1683743,1285,0,0,0,0,0
680,1747858,1357,0,0,0,0,0
680,1726156,1308,0,0,0,0,0
680,1741651,1340,0,0,0,0,0
680,1731590,1374,0,0,0,0,0
680,1754031,1371,0,0,0,0,0
680,1738729,1323,0,0,0,0,0
680,1761633,1296,0,0,0,0,0
680,1749312,1315,0,0,0,0,0
680,1723462,1272,0,0,0,0,0
680,1719995,1305,0,0,0,0,0
680,1730430,1292,0,0,0,0,0
680,1754448,1303,0,0,0,0,0
680,1680798,1259,0,0,0,0,0
680,1736982,1311,0,0,0,0,0
680,1724902,1305,0,0,0,0,0
680,1741670,1330,0,0,0,0,0
700,1786969,1443,0,0,0,0,0
700,1780037,1267,0,0,0,0,0
700,1767374,1284,0,0,0,0,0
700,1759707,1311,0,0,0,0,0
700,1766614,1349,0,0,0,0,0
700,1776880,1316,0,0,0,0,0
700,1789115,1247,0,0,0,0,0
700,1775134,1252,0,0,0,0,0
700,1770661,1357,0,0,0,0,0
700,1732023,1239,0,0,0,0,0
700,1767138,1277,0,0,0,0,0
700,1728136,1259,0,0,0,0,0
700,1774362,1202,0,0,0,0,0
700,1771760,1301,0,0,0,0,0
700,1780990,1247,0,0,0,0,0
700,1770943,1318,0,0,0,0,0
700,1760267,1239,0,0,0,0,0
700,1769439,1379,0,0,0,0,0
700,1734559,1268,0,0,0,0,0
700,1780504,1290,0,0,0,0,0
720,1784111,1551,0,0,0,0,0
720,1853205,1389,0,0,0,0,0
720,1830321,1299,0,0,0,0,0
720,1855330,1343,0,0,0,0,0
720,1777905,1247,0,0,0,0,0
720,1841951,1362,0,0,0,0,0
720,1828033,1286,0,0,0,0,0
720,1864130,1404,0,0,0,0,0
720,1826311,1282,0,0,0,0,0
720,1864370,1408,0,0,0,0,0
720,1830474,1255,0,0,0,0,0
720,1776817,1357,0,0,0,0,0
720,1820145,1213,0,0,0,0,0
720,1826952,1278,0,0,0,0,0
720,1799472,1341,0,0,0,0,0
720,1828879,1271,0,0,0,0,0
720,1809011,1269,0,0,0,0,0
720,1834061,1338,0,0,0,0,0
720,1819041,1265,0,0,0,0,0
720,1775980,1263,0,0,0,0,0
740,1883943,1536,0,0,0,0,0
740,1906375,1442,0,0,0,0,0
740,1830033,1382,0,0,0,0,0
740,1910600,1357,0,0,0,0,0
740,1879098,1268,0,0,0,0,0
740,1914646,1464,0,0,0,0,0
740,1873768,1301,0,0,0,0,0
740,1914744,1298,0,0,0,0,0
740,1879240,1324,0,0,0,0,0
740,1861944,1437,0,0,0,0,0
740,1862269,1304,0,0,0,0,0
740,1890571,1354,0,0,0,0,0
740,1878410,1416,0,0,0,0,0
740,1915658,1380,0,0,0,0,0
740,1878074,1249,0,0,0,0,0
740,1861905,1288,0,0,0,0,0
740,1881302,1346,0,0,0,0,0
740,1846484,1473,0,0,0,0,0
740,1862380,1360,0,0,0,0,0
740,1895108,1363,0,0,0,0,0
760,1909859,1474,0,0,0,0,0
760,1874348,1345,0,0,0,0,0
760,1961775,1400,0,0,0,0,0
760,1919666,1301,0,0,0,0,0
760,1966622,1392,0,0,0,0,0
760,1931036,1298,0,0,0,0,0
760,2001007,1412,0,0,0,0,0
760,1944380,1357,0,0,0,0,0
760,1957478,1435,0,0,0,0,0
760,1884172,1351,0,0,0,0,0
760,1941117,1386,0,0,0,0,0
760,1875726,1362,0,0,0,0,0
760,1950848,1358,0,0,0,0,0
760,1879304,1347,0,0,0,0,0
760,1945914,1298,0,0,0,0,0
760,1913287,1331,0,0,0,0,0
760,1961696,1360,0,0,0,0,0
760,1914005,1364,0,0,0,0,0
760,1925822,1352,0,0,0,0,0
760,1929920,1264,0,0,0,0,0
780,1980046,1439,0,0,0,0,0
780,2031274,1317,0,0,0,0,0
780,1973034,1351,0,0,0,0,0
780,1989918,1264,0,0,0,0,0
780,2013792,1365,0,0,0,0,0
780,1934353,1285,0,0,0,0,0
780,1968887,1331,0,0,0,0,0
780,1974839,1288,0,0,0,0,0
780,1969750,1332,0,0,0,0,0
780,1939795,1368,0,0,0,0,0
780,1990915,1395,0,0,0,0,0
780,1941545,1293,0,0,0,0,0
780,1998547,1337,0,0,0,0,0
780,1994405,1288,0,0,0,0,0
780,2000536,1282,0,0,0,0,0
780,1945776,1282,0,0,0,0,0
780,2002185,1311,0,0,0,0,0
780,1977284,1341,0,0,0,0,0
780,1941380,1322,0,0,0,0,0
780,2001278,1273,0,0,0,0,0
800,1975696,1452,0,0,0,0,0
800,2048321,1324,0,0,0,0,0
800,2036290,1288,0,0,0,0,0
800,2102171,1355,0,0,0,0,0
800,2009243,1326,0,0,0,0,0
800,2019894,1398,0,0,0,0,0
800,2016691,1267,0,0,0,0,0
800,2019923,1449,0,0,0,0,0
800,1983186,1288,0,0,0,0,0
800,2030696,1360,0,0,0,0,0
800,2017934,1447,0,0,0,0,0
800,2033289,1275,0,0,0,0,0
800,2079292,1349,0,0,0,0,0
800,2044160,1312,0,0,0,0,0
800,2019998,1358,0,0,0,0,0
800,1986800,1260,0,0,0,0,0
800,2004733,1373,0,0,0,0,0
800,2033733,1292,0,0,0,0,0
800,1995404,1312,0,0,0,0,0
800,2002515,1314,0,0,0,0,0
820,2052252,1516,0,0,0,0,0
820,2073223,1318,0,0,0,0,0
820,2126360,1281,0,0,0,0,0
820,2070964,1456,0,0,0,0,0
820,2017846,1244,0,0,0,0,0
820,2098032,1399,0,0,0,0,0
820,2111517,1350,0,0,0,0,0
820,2083934,1260,0,0,0,0,0
820,2095035,1247,0,0,0,0,0
820,2024884,1307,0,0,0,0,0
820,2090479,1341,0,0,0,0,0
820,2088650,1286,0,0,0,0,0
820,2065004,1327,0,0,0,0,0
820,2028609,1339,0,0,0,0,0
820,2086815,1459,0,0,0,0,0
820,2028902,1400,0,0,0,0,0
820,2078151,1310,0,0,0,0,0
820,2104163,1328,0,0,0,0,0
820,2018503,1310,0,0,0,0,0
820,2087522,1353,0,0,0,0,0
840,2121679,1523,0,0,0,0,0
840,2097847,1311,0,0,0,0,0
840,2106210,1365,0,0,0,0,0
840,2098044,1401,0,0,0,0,0
840,2177377,1356,0,0,0,0,0
840,2161657,1365,0,0,0,0,0
840,2136331,1310,0,0,0,0,0
840,2116844,1340,0,0,0,0,0
840,2072736,1284,0,0,0,0,0
840,2105769,1375,0,0,0,0,0
840,2067854,1315,0,0,0,0,0
840,2071051,1360,0,0,0,0,0
840,2156454,1319,0,0,0,0,0
840,2125921,1251,0,0,0,0,0
840,2155432,1385,0,0,0,0,0
840,2129091,1286,0,0,0,0,0
840,2130713,1256,0,0,0,0,0
840,2132505,1315,0,0,0,0,0
840,2087366,1315,0,0,0,0,0
840,2075314,1317,0,0,0,0,0
860,2166080,1540,0,0,0,0,0
860,2192278,1343,0,0,0,0,0
860,2120879,1299,0,0,0,0,0
860,2161093,1350,0,0,0,0,0
860,2182125,1264,0,0,0,0,0
860,2234178,1361,0,0,0,0,0
860,2150890,1327,0,0,0,0,0
860,2163851,1380,0,0,0,0,0
860,2161766,1288,0,0,0,0,0
860,2178661,1335,0,0,0,0,0
860,2192907,1319,0,0,0,0,0
860,2121890,1248,0,0,0,0,0
860,2173582,1240,0,0,0,0,0
860,2177774,1290,0,0,0,0,0
860,2224955,1367,0,0,0,0,0
860,2175141,1301,0,0,0,0,0
860,2169197,1324,0,0,0,0,0
860,2191382,1367,0,0,0,0,0
860,2148857,1316,0,0,0,0,0
860,2127141,1287,0,0,0,0,0
880,2258769,1441,0,0,0,0,0
880,2215158,1292,0,0,0,0,0
880,2204477,1332,0,0,0,0,0
880,2236276,1232,0,0,0,0,0
880,2306895,1386,0,0,0,0,0
880,2211108,1357,0,0,0,0,0
880,2164991,1343,0,0,0,0,0
880,2227449,1331,0,0,0,0,0
880,2209905,1388,0,0,0,0,0
880,2204219,1344,0,0,0,0,0
880,2209056,1392,0,0,0,0,0
880,2175829,1222,0,0,0,0,0
880,2268649,1336,0,0,0,0,0
880,2246484,1300,0,0,0,0,0
880,2244353,1381,0,0,0,0,0
880,2176209,1278,0,0,0,0,0
880,2212820,1351,0,0,0,0,0
880,2245870,1378,0,0,0,0,0
880,2232784,1413,0,0,0,0,0
880,2220655,1335,0,0,0,0,0
900,2266239,1491,0,0,0,0,0
900,2265828,1352,0,0,0,0,0
900,2299525,1390,0,0,0,0,0
900,2308531,1338,0,0,0,0,0
900,2303415,1296,0,0,0,0,0
900,2288711,1378,0,0,0,0,0
900,2218179,1220,0,0,0,0,0
900,2262641,1298,0,0,0,0,0
900,2262584,1366,0,0,0,0,0
900,2223771,1341,0,0,0,0,0
900,2352508,1598,0,0,0,0,0
900,2304543,1361,0,0,0,0,0
900,2279208,1318,0,0,0,0,0
900,2282101,1315,0,0,0,0,0
900,2226969,1309,0,0,0,0,0
900,2272939,1274,0,0,0,0,0
900,2269602,1291,0,0,0,0,0
900,2256242,1296,0,0,0,0,0
900,2303921,1267,0,0,0,0,0
900,2282326,1257,0,0,0,0,0
920,2317200,1496,0,0,0,0,0
920,2333571,1346,0,0,0,0,0
920,2328942,1402,0,0,0,0,0
920,2271353,1267,0,0,0,0,0
920,2319512,1370,0,0,0,0,0
920,2355343,1262,0,0,0,0,0
920,2314747,1285,0,0,0,0,0
920,2370185,1424,0,0,0,0,0
920,2264572,1286,0,0,0,0,0
920,2298247,1227,0,0,0,0,0
920,2336477,1267,0,0,0,0,0
920,2335693,1354,0,0,0,0,0
920,2337074,1344,0,0,0,0,0
920,2334840,1309,0,0,0,0,0
920,2336103,1275,0,0,0,0,0
920,2359894,1294,0,0,0,0,0
920,2271040,1248,0,0,0,0,0
920,2338570,1300,0,0,0,0,0
920,2278222,1304,0,0,0,0,0
920,2330059,1358,0,0,0,0,0
940,2389623,1386,0,0,0,0,0
940,2389249,1373,0,0,0,0,0
940,2359130,1308,0,0,0,0,0
940,2405170,1347,0,0,0,0,0
940,2401407,1373,0,0,0,0,0
940,2415000,1323,0,0,0,0,0
940,2412323,1294,0,0,0,0,0
940,2342602,1284,0,0,0,0,0
940,2356534,1286,0,0,0,0,0
940,2415115,1335,0,0,0,0,0
940,2401070,1265,0,0,0,0,0
940,2335343,1275,0,0,0,0,0
940,2381528,1303,0,0,0,0,0
940,2397197,1347,0,0,0,0,0
940,2392637,1266,0,0,0,0,0
940,2397913,1236,0,0,0,0,0
940,2403896,1351,0,0,0,0,0
940,2447684,1369,0,0,0,0,0
940,2343857,1272,0,0,0,0,0
940,2388975,1304,0,0,0,0,0
960,2466024,1446,0,0,0,0,0
960,2453482,1270,0,0,0,0,0
960,2424348,1329,0,0,0,0,0
960,2451880,1414,0,0,0,0,0
960,2414474,1296,0,0,0,0,0
960,2409263,1262,0,0,0,0,0
960,2414591,1390,0,0,0,0,0
960,2417776,1294,0,0,0,0,0
960,2437649,1276,0,0,0,0,0
960,2417792,1343,0,0,0,0,0
960,2412405,1335,0,0,0,0,0
960,2442243,1289,0,0,0,0,0
960,2446893,1262,0,0,0,0,0
960,2426243,1301,0,0,0,0,0
960,2445047,1296,0,0,0,0,0
960,2444399,1284,0,0,0,0,0
960,2417065,1320,0,0,0,0,0
960,2446024,1287,0,0,0,0,0
960,2454699,1284,0,0,0,0,0
960,2432131,1265,0,0,0,0,0
980,2419592,1403,0,0,0,0,0
980,2490320,1393,0,0,0,0,0
980,2417749,1341,0,0,0,0,0
980,2451558,1383,0,0,0,0,0
980,2488425,1296,0,0,0,0,0
980,2485738,1260,0,0,0,0,0
980,2455542,1361,0,0,0,0,0
980,2441420,1341,0,0,0,0,0
980,2418294,1292,0,0,0,0,0
980,2495300,1362,0,0,0,0,0
980,2491899,1283,0,0,0,0,0
980,2499354,1312,0,0,0,0,0
980,2495979,1316,0,0,0,0,0
980,2500043,1351,0,0,0,0,0
980,2430536,1342,0,0,0,0,0
980,2494826,1350,0,0,0,0,0
980,2498161,1300,0,0,0,0,0
980,2520118,1370,0,0,0,0,0
980,2489012,1333,0,0,0,0,0
980,2516947,1378,0,0,0,0,0
1000,2514557,1484,0,0,0,0,0
1000,2564294,1334,0,0,0,0,0
1000,2527994,1313,0,0,0,0,0
1000,2519127,1332,0,0,0,0,0
1000,2543243,1347,0,0,0,0,0
1000,2463243,1258,0,0,0,0,0
1000,2524053,1320,0,0,0,0,0
1000,2499780,1265,0,0,0,0,0
1000,2534402,1362,0,0,0,0,0
1000,2512809,1433,0,0,0,0,0
1000,2553597,1326,0,0,0,0,0
1000,2543535,1307,0,0,0,0,0
1000,2502719,1339,0,0,0,0,0
1000,2493630,1246,0,0,0,0,0
1000,2517825,1286,0,0,0,0,0
1000,2534105,1413,0,0,0,0,0
1000,2556491,1297,0,0,0,0,0
1000,2530762,1281,0,0,0,0,0
1000,2560105,1433,0,0,0,0,0
1000,2553195,1333,0,0,0,0,0

Raw Storage Info
========

Median Slopes Analysis
========
-- Extrinsic Time --

Model:
Time ~=       16
    + c    2.518
              µs

Reads = 0 + (0 * c)
Writes = 0 + (0 * c)

Min Squares Analysis
========
-- Extrinsic Time --

Data points distribution:
    c   mean µs  sigma µs       %
    0     8.586     0.143    1.6%
   20     63.06     0.174    0.2%
   40     114.4      0.44    0.3%
   60     166.4     0.268    0.1%
   80     214.7     0.183    0.0%
  100     271.4      0.33    0.1%
  120     316.2     0.213    0.0%
  140     369.2      2.72    0.7%
  160     418.7     2.691    0.6%
  180     467.2      1.68    0.3%
  200     520.6     1.781    0.3%
  220     571.8     0.616    0.1%
  240       619     6.288    1.0%
  260     675.4     5.106    0.7%
  280     725.9     2.442    0.3%
  300     770.5     10.02    1.3%
  320     818.3     5.654    0.6%
  340     880.4     3.422    0.3%
  360       923     1.856    0.2%
  380     970.9     3.772    0.3%
  400      1032     7.523    0.7%
  420      1079     4.555    0.4%
  440      1123     2.835    0.2%
  460      1187     4.105    0.3%
  480      1225     1.782    0.1%
  500      1277      4.97    0.3%
  520      1339     3.626    0.2%
  540      1378     2.436    0.1%
  560      1429     2.273    0.1%
  580      1493     5.342    0.3%
  600      1524     2.614    0.1%
  620      1585     4.437    0.2%
  640      1626     3.874    0.2%
  660      1681     6.837    0.4%
  680      1733      6.46    0.3%
  700      1771     3.367    0.1%
  720      1825     6.955    0.3%
  740      1880     8.448    0.4%
  760      1931     12.85    0.6%
  780      1981     10.24    0.5%
  800      2020     9.164    0.4%
  820      2077     11.73    0.5%
  840      2116     12.81    0.6%
  860      2170     7.169    0.3%
  880      2221     11.89    0.5%
  900      2276     11.05    0.4%
  920      2328     7.992    0.3%
  940      2394     6.719    0.2%
  960      2433     10.65    0.4%
  980      2483     15.49    0.6%
 1000      2528     9.637    0.3%

Quality and confidence:
param     error
c         0.001

Model:
Time ~=    17.83
    + c    2.515
              µs

Reads = 0 + (0 * c)
Writes = 0 + (0 * c)

Pallet: "pallet_utility", Extrinsic: "dispatch_as", Lowest values: [], Highest values: [], Steps: 50, Repeat: 20
extrinsic_time_ns,storage_root_time_ns,reads,repeat_reads,writes,repeat_writes,proof_size_bytes
11700,1293,0,0,0,0,0
9187,1200,0,0,0,0,0
8792,1211,0,0,0,0,0
8587,1170,0,0,0,0,0
8497,1135,0,0,0,0,0
8599,1202,0,0,0,0,0
8575,1179,0,0,0,0,0
8530,1235,0,0,0,0,0
8450,1188,0,0,0,0,0
8477,1179,0,0,0,0,0
8591,1185,0,0,0,0,0
8571,1187,0,0,0,0,0
8387,1152,0,0,0,0,0
8414,1143,0,0,0,0,0
8389,1162,0,0,0,0,0
8914,1245,0,0,0,0,0
8496,1143,0,0,0,0,0
8368,1141,0,0,0,0,0
8457,1184,0,0,0,0,0
8442,1207,0,0,0,0,0

Raw Storage Info
========

Median Slopes Analysis
========
-- Extrinsic Time --

Model:
Time ~=     8.53
              µs

Reads = 0
Writes = 0

Min Squares Analysis
========
-- Extrinsic Time --

Model:
Time ~=     8.53
              µs

Reads = 0
Writes = 0

