Pallet: "pallet_tips", Extrinsic: "report_awesome", Lowest values: [], Highest values: [], Steps: 50, Repeat: 20
r,extrinsic_time_ns,storage_root_time_ns,reads,repeat_reads,writes,repeat_writes,proof_size_bytes
0,29579,1636,0,0,0,0,0
0,25575,1464,0,0,0,0,0
0,24948,1424,0,0,0,0,0
0,25198,1469,0,0,0,0,0
0,24816,1438,0,0,0,0,0
0,25093,1512,0,0,0,0,0
0,24886,1434,0,0,0,0,0
0,25337,1422,0,0,0,0,0
0,24622,1445,0,0,0,0,0
0,24877,1482,0,0,0,0,0
0,24538,1469,0,0,0,0,0
0,25119,1465,0,0,0,0,0
0,24589,1480,0,0,0,0,0
0,24675,1457,0,0,0,0,0
0,24491,1453,0,0,0,0,0
0,24519,1473,0,0,0,0,0
0,24821,1452,0,0,0,0,0
0,26701,1402,0,0,0,0,0
0,24606,1422,0,0,0,0,0
0,25398,1479,0,0,0,0,0
6,29615,1516,0,0,0,0,0
6,25791,1447,0,0,0,0,0
6,25300,1412,0,0,0,0,0
6,24967,1392,0,0,0,0,0
6,24923,1424,0,0,0,0,0
6,24848,1407,0,0,0,0,0
6,25018,1382,0,0,0,0,0
6,25260,1385,0,0,0,0,0
6,25181,1375,0,0,0,0,0
6,24810,1429,0,0,0,0,0
6,25301,1384,0,0,0,0,0
6,25576,1397,0,0,0,0,0
6,25104,1395,0,0,0,0,0
6,24487,1460,0,0,0,0,0
6,25006,1389,0,0,0,0,0
6,24665,1339,0,0,0,0,0
6,24827,1378,0,0,0,0,0
6,26658,1393,0,0,0,0,0
6,24781,1317,0,0,0,0,0
6,24843,1371,0,0,0,0,0
12,29542,1518,0,0,0,0,0
12,25512,1385,0,0,0,0,0
12,25424,1398,0,0,0,0,0
12,25026,1391,0,0,0,0,0
12,24945,1375,0,0,0,0,0
12,25299,1360,0,0,0,0,0
12,24834,1370,0,0,0,0,0
12,24949,1417,0,0,0,0,0
12,24825,1400,0,0,0,0,0
12,24751,1363,0,0,0,0,0
12,24631,1345,0,0,0,0,0
12,24585,1354,0,0,0,0,0
12,24435,1347,0,0,0,0,0
12,24697,1315,0,0,0,0,0
12,25505,1370,0,0,0,0,0
12,24978,1346,0,0,0,0,0
12,24652,1355,0,0,0,0,0
12,26778,1373,0,0,0,0,0
12,24825,1349,0,0,0,0,0
12,24872,1345,0,0,0,0,0
18,29127,1520,0,0,0,0,0
18,25341,1374,0,0,0,0,0
18,25553,1378,0,0,0,0,0
18,25099,1398,0,0,0,0,0
18,25332,1439,0,0,0,0,0
18,24953,1422,0,0,0,0,0
18,24649,1395,0,0,0,0,0
18,24653,1381,0,0,0,0,0
18,24464,1386,0,0,0,0,0
18,24494,1410,0,0,0,0,0
18,24585,1356,0,0,0,0,0
18,24896,1389,0,0,0,0,0
18,24408,1372,0,0,0,0,0
18,24753,1360,0,0,0,0,0
18,24883,1358,0,0,0,0,0
18,24831,1392,0,0,0,0,0
18,25005,1385,0,0,0,0,0
18,26750,1444,0,0,0,0,0
18,24643,1397,0,0,0,0,0
18,28810,1370,0,0,0,0,0
24,30066,1527,0,0,0,0,0
24,26291,1388,0,0,0,0,0
24,25498,1421,0,0,0,0,0
24,25479,1350,0,0,0,0,0
24,25161,1372,0,0,0,0,0
24,24909,1339,0,0,0,0,0
24,24674,1379,0,0,0,0,0
24,25056,1353,0,0,0,0,0
24,25227,1420,0,0,0,0,0
24,24979,1380,0,0,0,0,0
24,24988,1398,0,0,0,0,0
24,25172,1416,0,0,0,0,0
24,25265,1380,0,0,0,0,0
24,24609,1351,0,0,0,0,0
24,24963,1359,0,0,0,0,0
24,25187,1362,0,0,0,0,0
24,25227,1417,0,0,0,0,0
24,26926,1398,0,0,0,0,0
24,25662,1371,0,0,0,0,0
24,25536,1382,0,0,0,0,0
30,30105,1551,0,0,0,0,0
30,26409,1423,0,0,0,0,0
30,25755,1474,0,0,0,0,0
30,25751,1391,0,0,0,0,0
30,25503,1385,0,0,0,0,0
30,24971,1421,0,0,0,0,0
30,25174,1412,0,0,0,0,0
30,25474,1413,0,0,0,0,0
30,25119,1377,0,0,0,0,0
30,26239,1409,0,0,0,0,0
30,25376,1414,0,0,0,0,0
30,25026,1334,0,0,0,0,0
30,25374,1386,0,0,0,0,0
30,24903,1401,0,0,0,0,0
30,25845,1437,0,0,0,0,0
30,25352,1364,0,0,0,0,0
30,25084,2205,0,0,0,0,0
30,27875,1448,0,0,0,0,0
30,25019,1438,0,0,0,0,0
30,25155,1375,0,0,0,0,0
36,29384,1555,0,0,0,0,0
36,25991,1387,0,0,0,0,0
36,25815,1427,0,0,0,0,0
36,25414,1408,0,0,0,0,0
36,25112,1431,0,0,0,0,0
36,24954,1373,0,0,0,0,0
36,25131,1386,0,0,0,0,0
36,25328,1388,0,0,0,0,0
36,25406,1389,0,0,0,0,0
36,25246,1440,0,0,0,0,0
36,25024,1385,0,0,0,0,0
36,24861,1346,0,0,0,0,0
36,25136,1401,0,0,0,0,0
36,25372,1358,0,0,0,0,0
36,25078,1354,0,0,0,0,0
36,25192,1385,0,0,0,0,0
36,25124,1465,0,0,0,0,0
36,27411,1488,0,0,0,0,0
36,25069,1434,0,0,0,0,0
36,24892,2181,0,0,0,0,0
42,30139,1492,0,0,0,0,0
42,26117,1415,0,0,0,0,0
42,25562,1412,0,0,0,0,0
42,25174,1444,0,0,0,0,0
42,25113,1395,0,0,0,0,0
42,24702,1397,0,0,0,0,0
42,25027,1424,0,0,0,0,0
42,24802,1427,0,0,0,0,0
42,24918,1404,0,0,0,0,0
42,24633,1417,0,0,0,0,0
42,24803,1404,0,0,0,0,0
42,24920,1386,0,0,0,0,0
42,25059,1409,0,0,0,0,0
42,25202,1407,0,0,0,0,0
42,24746,1369,0,0,0,0,0
42,24709,1401,0,0,0,0,0
42,24885,1441,0,0,0,0,0
42,26828,1336,0,0,0,0,0
42,24750,1359,0,0,0,0,0
42,24803,1395,0,0,0,0,0
48,29408,1527,0,0,0,0,0
48,25570,1443,0,0,0,0,0
48,25380,1382,0,0,0,0,0
48,25613,1373,0,0,0,0,0
48,24918,1373,0,0,0,0,0
48,25050,1352,0,0,0,0,0
48,24784,1376,0,0,0,0,0
48,25007,1378,0,0,0,0,0
48,24896,1400,0,0,0,0,0
48,25661,1439,0,0,0,0,0
48,24802,1334,0,0,0,0,0
48,25148,1381,0,0,0,0,0
48,24872,1426,0,0,0,0,0
48,25083,1388,0,0,0,0,0
48,25071,1394,0,0,0,0,0
48,25071,1356,0,0,0,0,0
48,24652,1384,0,0,0,0,0
48,26877,1360,0,0,0,0,0
48,24612,1407,0,0,0,0,0
48,24781,1375,0,0,0,0,0
54,29739,1559,0,0,0,0,0
54,25632,1393,0,0,0,0,0
54,25411,1407,0,0,0,0,0
54,25137,1443,0,0,0,0,0
54,25002,1412,0,0,0,0,0
54,25079,1412,0,0,0,0,0
54,25473,1408,0,0,0,0,0
54,25376,1429,0,0,0,0,0
54,25620,1382,0,0,0,0,0
54,24869,1472,0,0,0,0,0
54,25113,1384,0,0,0,0,0
54,25115,1397,0,0,0,0,0
54,25171,1390,0,0,0,0,0
54,25287,1409,0,0,0,0,0
54,25185,1416,0,0,0,0,0
54,25224,1422,0,0,0,0,0
54,25063,1421,0,0,0,0,0
54,26859,1413,0,0,0,0,0
54,25097,1386,0,0,0,0,0
54,25253,1373,0,0,0,0,0
60,30055,1513,0,0,0,0,0
60,25892,1399,0,0,0,0,0
60,25907,1377,0,0,0,0,0
60,25339,1424,0,0,0,0,0
60,25539,1394,0,0,0,0,0
60,25126,1375,0,0,0,0,0
60,25495,1363,0,0,0,0,0
60,24829,1372,0,0,0,0,0
60,30470,1408,0,0,0,0,0
60,25252,1363,0,0,0,0,0
60,24832,1379,0,0,0,0,0
60,24668,1397,0,0,0,0,0
60,25370,1330,0,0,0,0,0
60,24987,1388,0,0,0,0,0
60,25025,1410,0,0,0,0,0
60,25272,2074,0,0,0,0,0
60,27776,1429,0,0,0,0,0
60,27611,1365,0,0,0,0,0
60,25572,1361,0,0,0,0,0
60,25558,1439,0,0,0,0,0
66,31355,1542,0,0,0,0,0
66,26063,1436,0,0,0,0,0
66,25337,1397,0,0,0,0,0
66,25213,1340,0,0,0,0,0
66,26030,1350,0,0,0,0,0
66,25488,1388,0,0,0,0,0
66,24987,1422,0,0,0,0,0
66,25540,1409,0,0,0,0,0
66,25105,1454,0,0,0,0,0
66,25319,1373,0,0,0,0,0
66,24970,1412,0,0,0,0,0
66,25002,1462,0,0,0,0,0
66,25183,1406,0,0,0,0,0
66,25243,1394,0,0,0,0,0
66,24931,1393,0,0,0,0,0
66,25077,1340,0,0,0,0,0
66,25291,1390,0,0,0,0,0
66,27214,1392,0,0,0,0,0
66,25486,1333,0,0,0,0,0
66,25087,1388,0,0,0,0,0
72,31100,1569,0,0,0,0,0
72,25545,1420,0,0,0,0,0
72,25452,1415,0,0,0,0,0
72,25966,1405,0,0,0,0,0
72,25436,1395,0,0,0,0,0
72,25562,1407,0,0,0,0,0
72,24957,1401,0,0,0,0,0
72,25173,1394,0,0,0,0,0
72,24764,1424,0,0,0,0,0
72,25106,1481,0,0,0,0,0
72,25012,1410,0,0,0,0,0
72,25098,1442,0,0,0,0,0
72,24691,1426,0,0,0,0,0
72,25151,1414,0,0,0,0,0
72,25237,1421,0,0,0,0,0
72,25152,1420,0,0,0,0,0
72,25002,1406,0,0,0,0,0
72,26996,1459,0,0,0,0,0
72,25073,1440,0,0,0,0,0
72,25656,1500,0,0,0,0,0
78,30945,1597,0,0,0,0,0
78,25833,1462,0,0,0,0,0
78,25524,1408,0,0,0,0,0
78,24672,1396,0,0,0,0,0
78,24969,1413,0,0,0,0,0
78,25612,1390,0,0,0,0,0
78,25243,1368,0,0,0,0,0
78,25124,1415,0,0,0,0,0
78,25174,1389,0,0,0,0,0
78,24973,1375,0,0,0,0,0
78,25125,1349,0,0,0,0,0
78,25032,1349,0,0,0,0,0
78,24697,1364,0,0,0,0,0
78,25227,1421,0,0,0,0,0
78,25023,1413,0,0,0,0,0
78,25017,1385,0,0,0,0,0
78,24699,1401,0,0,0,0,0
78,26545,1375,0,0,0,0,0
78,24849,1337,0,0,0,0,0
78,24692,1357,0,0,0,0,0
84,30219,1630,0,0,0,0,0
84,25397,1436,0,0,0,0,0
84,25923,1415,0,0,0,0,0
84,25269,1404,0,0,0,0,0
84,24774,1422,0,0,0,0,0
84,24997,1467,0,0,0,0,0
84,24861,1342,0,0,0,0,0
84,24979,1402,0,0,0,0,0
84,24881,1449,0,0,0,0,0
84,25231,1397,0,0,0,0,0
84,25021,1332,0,0,0,0,0
84,24505,1365,0,0,0,0,0
84,24583,1379,0,0,0,0,0
84,24119,1348,0,0,0,0,0
84,24446,1363,0,0,0,0,0
84,24547,1363,0,0,0,0,0
84,24314,1373,0,0,0,0,0
84,26697,1362,0,0,0,0,0
84,25004,1380,0,0,0,0,0
84,24753,1359,0,0,0,0,0
90,30785,1505,0,0,0,0,0
90,25403,1434,0,0,0,0,0
90,25880,1366,0,0,0,0,0
90,25343,1402,0,0,0,0,0
90,24813,1429,0,0,0,0,0
90,25049,1395,0,0,0,0,0
90,24803,1384,0,0,0,0,0
90,24941,1370,0,0,0,0,0
90,24581,1381,0,0,0,0,0
90,24916,1420,0,0,0,0,0
90,25021,1471,0,0,0,0,0
90,24983,1381,0,0,0,0,0
90,25125,1377,0,0,0,0,0
90,25138,1375,0,0,0,0,0
90,25004,1373,0,0,0,0,0
90,24643,1390,0,0,0,0,0
90,24808,1359,0,0,0,0,0
90,26352,1415,0,0,0,0,0
90,24837,1401,0,0,0,0,0
90,31594,1363,0,0,0,0,0
96,30775,1541,0,0,0,0,0
96,25803,1338,0,0,0,0,0
96,25387,1358,0,0,0,0,0
96,25292,1358,0,0,0,0,0
96,25084,1377,0,0,0,0,0
96,25075,1362,0,0,0,0,0
96,25224,1347,0,0,0,0,0
96,25114,1350,0,0,0,0,0
96,25048,1387,0,0,0,0,0
96,25310,1356,0,0,0,0,0
96,24793,1313,0,0,0,0,0
96,25007,1269,0,0,0,0,0
96,24698,1261,0,0,0,0,0
96,24586,1371,0,0,0,0,0
96,24649,1331,0,0,0,0,0
96,24676,1308,0,0,0,0,0
96,24587,1353,0,0,0,0,0
96,27502,1389,0,0,0,0,0
96,25057,1374,0,0,0,0,0
96,25127,1373,0,0,0,0,0
102,31147,1530,0,0,0,0,0
102,25909,1377,0,0,0,0,0
102,25422,1365,0,0,0,0,0
102,25238,1413,0,0,0,0,0
102,24974,1430,0,0,0,0,0
102,24922,1329,0,0,0,0,0
102,24788,1353,0,0,0,0,0
102,25049,1396,0,0,0,0,0
102,24599,1444,0,0,0,0,0
102,25725,1409,0,0,0,0,0
102,25041,1367,0,0,0,0,0
102,25023,1375,0,0,0,0,0
102,24816,1429,0,0,0,0,0
102,24884,1335,0,0,0,0,0
102,24894,1382,0,0,0,0,0
102,24873,1396,0,0,0,0,0
102,24721,1364,0,0,0,0,0
102,26973,1405,0,0,0,0,0
102,24992,1396,0,0,0,0,0
102,24594,1322,0,0,0,0,0
108,30538,1493,0,0,0,0,0
108,26022,1420,0,0,0,0,0
108,24947,1376,0,0,0,0,0
108,25213,1341,0,0,0,0,0
108,24852,1381,0,0,0,0,0
108,25170,1389,0,0,0,0,0
108,24891,1368,0,0,0,0,0
108,24887,1397,0,0,0,0,0
108,24680,1389,0,0,0,0,0
108,25094,1351,0,0,0,0,0
108,25224,1361,0,0,0,0,0
108,24994,1391,0,0,0,0,0
108,24966,1362,0,0,0,0,0
108,31363,2151,0,0,0,0,0
108,26168,1463,0,0,0,0,0
108,24713,1332,0,0,0,0,0
108,24968,1324,0,0,0,0,0
108,27462,1345,0,0,0,0,0
108,24572,1350,0,0,0,0,0
108,29354,1389,0,0,0,0,0
114,29564,1568,0,0,0,0,0
114,26132,1394,0,0,0,0,0
114,25423,1380,0,0,0,0,0
114,25050,1373,0,0,0,0,0
114,25302,1374,0,0,0,0,0
114,25079,1370,0,0,0,0,0
114,25181,1374,0,0,0,0,0
114,25005,1324,0,0,0,0,0
114,25250,1348,0,0,0,0,0
114,25532,1380,0,0,0,0,0
114,25372,1369,0,0,0,0,0
114,25633,1403,0,0,0,0,0
114,25496,1392,0,0,0,0,0
114,25185,1322,0,0,0,0,0
114,24875,1346,0,0,0,0,0
114,24926,1396,0,0,0,0,0
114,25346,1323,0,0,0,0,0
114,27090,1356,0,0,0,0,0
114,25157,1371,0,0,0,0,0
114,24985,1353,0,0,0,0,0
120,29828,1569,0,0,0,0,0
120,25870,1393,0,0,0,0,0
120,25555,1391,0,0,0,0,0
120,25416,1382,0,0,0,0,0
120,25138,1376,0,0,0,0,0
120,25455,1382,0,0,0,0,0
120,25300,1432,0,0,0,0,0
120,25157,3145,0,0,0,0,0
120,42354,1830,0,0,0,0,0
120,26098,1410,0,0,0,0,0
120,25150,1393,0,0,0,0,0
120,25267,1390,0,0,0,0,0
120,25248,1390,0,0,0,0,0
120,24848,1396,0,0,0,0,0
120,25153,1335,0,0,0,0,0
120,24689,1341,0,0,0,0,0
120,24881,1380,0,0,0,0,0
120,27201,1394,0,0,0,0,0
120,25374,1436,0,0,0,0,0
120,25429,1336,0,0,0,0,0
126,30799,1497,0,0,0,0,0
126,26137,1333,0,0,0,0,0
126,25735,1362,0,0,0,0,0
126,25340,1399,0,0,0,0,0
126,25388,1312,0,0,0,0,0
126,25359,1390,0,0,0,0,0
126,25303,1397,0,0,0,0,0
126,25163,1345,0,0,0,0,0
126,25145,1364,0,0,0,0,0
126,25151,1363,0,0,0,0,0
126,25043,1325,0,0,0,0,0
126,25141,1331,0,0,0,0,0
126,24793,1362,0,0,0,0,0
126,24893,1321,0,0,0,0,0
126,24593,1355,0,0,0,0,0
126,24492,1389,0,0,0,0,0
126,24633,1302,0,0,0,0,0
126,31809,1425,0,0,0,0,0
126,25426,1354,0,0,0,0,0
126,24975,1371,0,0,0,0,0
132,30131,1523,0,0,0,0,0
132,26333,1366,0,0,0,0,0
132,25958,1377,0,0,0,0,0
132,25629,1380,0,0,0,0,0
132,25482,1400,0,0,0,0,0
132,25477,1368,0,0,0,0,0
132,25248,1408,0,0,0,0,0
132,25345,1395,0,0,0,0,0
132,25245,1420,0,0,0,0,0
132,25521,1378,0,0,0,0,0
132,25290,1364,0,0,0,0,0
132,25500,1382,0,0,0,0,0
132,25300,1434,0,0,0,0,0
132,25381,1379,0,0,0,0,0
132,25325,1397,0,0,0,0,0
132,25338,1365,0,0,0,0,0
132,25638,1370,0,0,0,0,0
132,27251,1368,0,0,0,0,0
132,25827,1345,0,0,0,0,0
132,25411,1351,0,0,0,0,0
138,29599,1439,0,0,0,0,0
138,25980,1303,0,0,0,0,0
138,25435,1336,0,0,0,0,0
138,25147,1321,0,0,0,0,0
138,24976,1330,0,0,0,0,0
138,25065,1319,0,0,0,0,0
138,24997,1418,0,0,0,0,0
138,25331,1298,0,0,0,0,0
138,24867,1299,0,0,0,0,0
138,24888,1332,0,0,0,0,0
138,25218,1286,0,0,0,0,0
138,25145,1286,0,0,0,0,0
138,25177,1306,0,0,0,0,0
138,24978,1311,0,0,0,0,0
138,24877,1320,0,0,0,0,0
138,24996,1299,0,0,0,0,0
138,25030,1318,0,0,0,0,0
138,27400,1392,0,0,0,0,0
138,25093,1332,0,0,0,0,0
138,24942,1347,0,0,0,0,0
144,30099,1525,0,0,0,0,0
144,25896,1459,0,0,0,0,0
144,25397,1454,0,0,0,0,0
144,25800,1397,0,0,0,0,0
144,25307,1426,0,0,0,0,0
144,25394,1365,0,0,0,0,0
144,25237,1416,0,0,0,0,0
144,25394,1371,0,0,0,0,0
144,25237,1373,0,0,0,0,0
144,25384,1395,0,0,0,0,0
144,24954,1379,0,0,0,0,0
144,24815,1378,0,0,0,0,0
144,31413,1413,0,0,0,0,0
144,25348,1463,0,0,0,0,0
144,25173,1456,0,0,0,0,0
144,25358,1456,0,0,0,0,0
144,25378,1389,0,0,0,0,0
144,27200,1462,0,0,0,0,0
144,25145,1422,0,0,0,0,0
144,25333,1402,0,0,0,0,0
150,29968,1495,0,0,0,0,0
150,26337,1395,0,0,0,0,0
150,26011,1427,0,0,0,0,0
150,25504,1393,0,0,0,0,0
150,25270,1382,0,0,0,0,0
150,25367,1406,0,0,0,0,0
150,25213,1408,0,0,0,0,0
150,24942,1370,0,0,0,0,0
150,25370,1376,0,0,0,0,0
150,24956,1400,0,0,0,0,0
150,25076,1409,0,0,0,0,0
150,25377,1357,0,0,0,0,0
150,25544,1370,0,0,0,0,0
150,25474,1344,0,0,0,0,0
150,24903,1373,0,0,0,0,0
150,25030,1354,0,0,0,0,0
150,25005,1397,0,0,0,0,0
150,27302,1415,0,0,0,0,0
150,24961,1344,0,0,0,0,0
150,25227,1406,0,0,0,0,0
156,29108,1537,0,0,0,0,0
156,25823,1447,0,0,0,0,0
156,25043,1406,0,0,0,0,0
156,24950,1388,0,0,0,0,0
156,25055,1420,0,0,0,0,0
156,25118,1414,0,0,0,0,0
156,26136,1396,0,0,0,0,0
156,25157,1364,0,0,0,0,0
156,24774,1373,0,0,0,0,0
156,25269,1375,0,0,0,0,0
156,25141,1338,0,0,0,0,0
156,25156,1348,0,0,0,0,0
156,24846,1312,0,0,0,0,0
156,25104,1355,0,0,0,0,0
156,25025,1360,0,0,0,0,0
156,25071,1354,0,0,0,0,0
156,24972,1374,0,0,0,0,0
156,26613,1382,0,0,0,0,0
156,25070,1373,0,0,0,0,0
156,24618,1340,0,0,0,0,0
162,29867,1584,0,0,0,0,0
162,25874,1408,0,0,0,0,0
162,25749,1434,0,0,0,0,0
162,25528,1445,0,0,0,0,0
162,25432,1445,0,0,0,0,0
162,25067,1421,0,0,0,0,0
162,25092,1363,0,0,0,0,0
162,25199,1429,0,0,0,0,0
162,25285,1396,0,0,0,0,0
162,25143,1407,0,0,0,0,0
162,25279,1396,0,0,0,0,0
162,25296,1444,0,0,0,0,0
162,25249,1475,0,0,0,0,0
162,25085,1438,0,0,0,0,0
162,24920,1410,0,0,0,0,0
162,25678,1389,0,0,0,0,0
162,25569,1387,0,0,0,0,0
162,27835,1440,0,0,0,0,0
162,24875,1418,0,0,0,0,0
162,25232,1435,0,0,0,0,0
168,29869,1477,0,0,0,0,0
168,26189,1367,0,0,0,0,0
168,25649,1389,0,0,0,0,0
168,25752,1352,0,0,0,0,0
168,25387,1347,0,0,0,0,0
168,25050,1362,0,0,0,0,0
168,25688,1342,0,0,0,0,0
168,25311,1372,0,0,0,0,0
168,25517,1373,0,0,0,0,0
168,25140,1304,0,0,0,0,0
168,25544,1323,0,0,0,0,0
168,25204,1356,0,0,0,0,0
168,25243,1347,0,0,0,0,0
168,25290,1285,0,0,0,0,0
168,25388,1344,0,0,0,0,0
168,25131,1299,0,0,0,0,0
168,25051,1366,0,0,0,0,0
168,27325,1304,0,0,0,0,0
168,25078,1338,0,0,0,0,0
168,25018,1397,0,0,0,0,0
174,31079,1507,0,0,0,0,0
174,25842,1389,0,0,0,0,0
174,25887,1400,0,0,0,0,0
174,25333,1361,0,0,0,0,0
174,25451,1411,0,0,0,0,0
174,25774,1335,0,0,0,0,0
174,26488,1421,0,0,0,0,0
174,25475,1407,0,0,0,0,0
174,25203,1406,0,0,0,0,0
174,25769,1425,0,0,0,0,0
174,25431,1419,0,0,0,0,0
174,25651,1435,0,0,0,0,0
174,25913,1351,0,0,0,0,0
174,25156,1352,0,0,0,0,0
174,25383,1388,0,0,0,0,0
174,25440,1336,0,0,0,0,0
174,25282,1341,0,0,0,0,0
174,27335,1363,0,0,0,0,0
174,25743,1351,0,0,0,0,0
174,25254,1351,0,0,0,0,0
180,29563,1640,0,0,0,0,0
180,25904,1533,0,0,0,0,0
180,25579,1455,0,0,0,0,0
180,25238,1463,0,0,0,0,0
180,25343,1466,0,0,0,0,0
180,25626,1422,0,0,0,0,0
180,25425,1414,0,0,0,0,0
180,25512,1460,0,0,0,0,0
180,25332,1457,0,0,0,0,0
180,25543,1477,0,0,0,0,0
180,25425,1450,0,0,0,0,0
180,25494,1452,0,0,0,0,0
180,25291,1399,0,0,0,0,0
180,25368,1413,0,0,0,0,0
180,25412,1423,0,0,0,0,0
180,24971,1373,0,0,0,0,0
180,25716,1377,0,0,0,0,0
180,27246,1443,0,0,0,0,0
180,24958,1399,0,0,0,0,0
180,25437,1431,0,0,0,0,0
186,29897,1459,0,0,0,0,0
186,25978,1376,0,0,0,0,0
186,25437,1385,0,0,0,0,0
186,25392,1359,0,0,0,0,0
186,25596,1375,0,0,0,0,0
186,25387,1316,0,0,0,0,0
186,25349,1440,0,0,0,0,0
186,25272,1379,0,0,0,0,0
186,25283,1379,0,0,0,0,0
186,25344,1379,0,0,0,0,0
186,24951,1320,0,0,0,0,0
186,25565,1348,0,0,0,0,0
186,25400,1362,0,0,0,0,0
186,25127,1422,0,0,0,0,0
186,25141,1424,0,0,0,0,0
186,25220,1374,0,0,0,0,0
186,25426,1357,0,0,0,0,0
186,27299,1406,0,0,0,0,0
186,25546,1400,0,0,0,0,0
186,25355,1448,0,0,0,0,0
192,30162,1514,0,0,0,0,0
192,25695,1446,0,0,0,0,0
192,25533,1438,0,0,0,0,0
192,25541,1354,0,0,0,0,0
192,24990,1420,0,0,0,0,0
192,31141,1436,0,0,0,0,0
192,25390,1483,0,0,0,0,0
192,25142,1452,0,0,0,0,0
192,25351,1447,0,0,0,0,0
192,25237,1450,0,0,0,0,0
192,25175,1410,0,0,0,0,0
192,24933,1431,0,0,0,0,0
192,25153,1438,0,0,0,0,0
192,25017,1449,0,0,0,0,0
192,25413,1421,0,0,0,0,0
192,25193,1393,0,0,0,0,0
192,25042,1425,0,0,0,0,0
192,27051,1438,0,0,0,0,0
192,25216,1408,0,0,0,0,0
192,25153,1424,0,0,0,0,0
198,29797,1504,0,0,0,0,0
198,25807,1401,0,0,0,0,0
198,25864,1437,0,0,0,0,0
198,25488,1452,0,0,0,0,0
198,25678,1415,0,0,0,0,0
198,25384,1405,0,0,0,0,0
198,25252,1335,0,0,0,0,0
198,25382,1338,0,0,0,0,0
198,25089,1380,0,0,0,0,0
198,25275,1366,0,0,0,0,0
198,25548,1387,0,0,0,0,0
198,26406,1402,0,0,0,0,0
198,25380,1457,0,0,0,0,0
198,25347,1446,0,0,0,0,0
198,25026,1412,0,0,0,0,0
198,25151,1377,0,0,0,0,0
198,25883,1464,0,0,0,0,0
198,27310,1415,0,0,0,0,0
198,25410,1399,0,0,0,0,0
198,25385,1419,0,0,0,0,0
204,30190,1563,0,0,0,0,0
204,26040,1454,0,0,0,0,0
204,25835,1449,0,0,0,0,0
204,25567,1412,0,0,0,0,0
204,25791,1396,0,0,0,0,0
204,25621,1437,0,0,0,0,0
204,25947,1433,0,0,0,0,0
204,25563,1421,0,0,0,0,0
204,25273,1444,0,0,0,0,0
204,25669,1426,0,0,0,0,0
204,25287,1435,0,0,0,0,0
204,25933,1402,0,0,0,0,0
204,25809,1417,0,0,0,0,0
204,25611,1434,0,0,0,0,0
204,25201,1405,0,0,0,0,0
204,25333,1430,0,0,0,0,0
204,25458,1379,0,0,0,0,0
204,27123,1428,0,0,0,0,0
204,25516,1414,0,0,0,0,0
204,25004,1391,0,0,0,0,0
210,30155,1555,0,0,0,0,0
210,26475,1456,0,0,0,0,0
210,25886,1490,0,0,0,0,0
210,25795,1403,0,0,0,0,0
210,25947,1430,0,0,0,0,0
210,26428,1464,0,0,0,0,0
210,25605,1426,0,0,0,0,0
210,25722,1405,0,0,0,0,0
210,25861,1361,0,0,0,0,0
210,25339,1409,0,0,0,0,0
210,25082,1418,0,0,0,0,0
210,25460,1438,0,0,0,0,0
210,24873,1389,0,0,0,0,0
210,24771,1381,0,0,0,0,0
210,25224,1464,0,0,0,0,0
210,25159,1447,0,0,0,0,0
210,25556,1460,0,0,0,0,0
210,27424,1474,0,0,0,0,0
210,25630,1414,0,0,0,0,0
210,25484,1449,0,0,0,0,0
216,29999,1485,0,0,0,0,0
216,26076,1367,0,0,0,0,0
216,25796,1398,0,0,0,0,0
216,25368,1363,0,0,0,0,0
216,25365,1369,0,0,0,0,0
216,25225,1335,0,0,0,0,0
216,25716,1368,0,0,0,0,0
216,25251,1358,0,0,0,0,0
216,25087,1389,0,0,0,0,0
216,25031,1396,0,0,0,0,0
216,25153,1388,0,0,0,0,0
216,25223,1374,0,0,0,0,0
216,25149,1326,0,0,0,0,0
216,24921,1354,0,0,0,0,0
216,25434,1343,0,0,0,0,0
216,25329,1353,0,0,0,0,0
216,25744,1374,0,0,0,0,0
216,27070,1360,0,0,0,0,0
216,24968,1358,0,0,0,0,0
216,24803,1338,0,0,0,0,0
222,30212,1527,0,0,0,0,0
222,26583,1419,0,0,0,0,0
222,25935,1453,0,0,0,0,0
222,25856,1361,0,0,0,0,0
222,25439,1446,0,0,0,0,0
222,25767,1388,0,0,0,0,0
222,25468,1397,0,0,0,0,0
222,25508,1456,0,0,0,0,0
222,25299,1401,0,0,0,0,0
222,25444,1383,0,0,0,0,0
222,25291,1370,0,0,0,0,0
222,25289,1362,0,0,0,0,0
222,25539,1416,0,0,0,0,0
222,25070,1350,0,0,0,0,0
222,25412,1414,0,0,0,0,0
222,25132,1372,0,0,0,0,0
222,25418,1372,0,0,0,0,0
222,27201,1366,0,0,0,0,0
222,25680,1367,0,0,0,0,0
222,25684,1374,0,0,0,0,0
228,29896,1552,0,0,0,0,0
228,25610,1433,0,0,0,0,0
228,25685,1408,0,0,0,0,0
228,25749,1426,0,0,0,0,0
228,25273,1483,0,0,0,0,0
228,25462,1423,0,0,0,0,0
228,25228,1358,0,0,0,0,0
228,25237,1386,0,0,0,0,0
228,25162,1380,0,0,0,0,0
228,25257,1411,0,0,0,0,0
228,24843,1441,0,0,0,0,0
228,25190,1410,0,0,0,0,0
228,25081,1338,0,0,0,0,0
228,24904,1368,0,0,0,0,0
228,25014,1367,0,0,0,0,0
228,24812,1420,0,0,0,0,0
228,24757,1384,0,0,0,0,0
228,29544,1457,0,0,0,0,0
228,25717,1393,0,0,0,0,0
228,25530,1411,0,0,0,0,0
234,29856,1496,0,0,0,0,0
234,26259,1371,0,0,0,0,0
234,25811,1368,0,0,0,0,0
234,25737,1391,0,0,0,0,0
234,25785,1386,0,0,0,0,0
234,26037,1379,0,0,0,0,0
234,25416,1362,0,0,0,0,0
234,25692,1382,0,0,0,0,0
234,25775,1376,0,0,0,0,0
234,25590,1381,0,0,0,0,0
234,25626,1383,0,0,0,0,0
234,25472,1367,0,0,0,0,0
234,26408,1467,0,0,0,0,0
234,26066,1387,0,0,0,0,0
234,32554,1398,0,0,0,0,0
234,26042,1440,0,0,0,0,0
234,25638,1440,0,0,0,0,0
234,27633,1401,0,0,0,0,0
234,25673,1391,0,0,0,0,0
234,25323,1363,0,0,0,0,0
240,29826,1517,0,0,0,0,0
240,26126,1398,0,0,0,0,0
240,26494,1369,0,0,0,0,0
240,25842,1350,0,0,0,0,0
240,25722,1334,0,0,0,0,0
240,25311,1357,0,0,0,0,0
240,25392,1339,0,0,0,0,0
240,25453,1338,0,0,0,0,0
240,25467,1364,0,0,0,0,0
240,25301,1372,0,0,0,0,0
240,25318,1348,0,0,0,0,0
240,25324,1413,0,0,0,0,0
240,25213,1358,0,0,0,0,0
240,25186,1366,0,0,0,0,0
240,25246,1378,0,0,0,0,0
240,24964,1429,0,0,0,0,0
240,25124,1353,0,0,0,0,0
240,27236,1350,0,0,0,0,0
240,25059,1317,0,0,0,0,0
240,25205,1357,0,0,0,0,0
246,30297,1550,0,0,0,0,0
246,26422,1379,0,0,0,0,0
246,25807,1385,0,0,0,0,0
246,26340,1399,0,0,0,0,0
246,25487,1378,0,0,0,0,0
246,25589,1359,0,0,0,0,0
246,25230,1329,0,0,0,0,0
246,25501,1396,0,0,0,0,0
246,25479,1353,0,0,0,0,0
246,25571,1382,0,0,0,0,0
246,25567,1350,0,0,0,0,0
246,25719,1336,0,0,0,0,0
246,25863,1366,0,0,0,0,0
246,25465,1394,0,0,0,0,0
246,25408,1370,0,0,0,0,0
246,25363,1343,0,0,0,0,0
246,25796,1363,0,0,0,0,0
246,27646,1371,0,0,0,0,0
246,25531,1394,0,0,0,0,0
246,25545,1365,0,0,0,0,0
252,30903,1555,0,0,0,0,0
252,26494,1419,0,0,0,0,0
252,25599,1349,0,0,0,0,0
252,26153,1346,0,0,0,0,0
252,25328,1405,0,0,0,0,0
252,25466,1404,0,0,0,0,0
252,25873,1369,0,0,0,0,0
252,25467,1373,0,0,0,0,0
252,25081,1391,0,0,0,0,0
252,25214,1365,0,0,0,0,0
252,25496,1349,0,0,0,0,0
252,25171,1386,0,0,0,0,0
252,25559,1355,0,0,0,0,0
252,31028,1358,0,0,0,0,0
252,25293,1350,0,0,0,0,0
252,25071,1383,0,0,0,0,0
252,25427,1399,0,0,0,0,0
252,27480,1407,0,0,0,0,0
252,25439,1393,0,0,0,0,0
252,25730,1383,0,0,0,0,0
258,31641,1544,0,0,0,0,0
258,26696,1363,0,0,0,0,0
258,26093,1334,0,0,0,0,0
258,25708,1348,0,0,0,0,0
258,25141,1359,0,0,0,0,0
258,25616,1296,0,0,0,0,0
258,25055,1345,0,0,0,0,0
258,25492,1327,0,0,0,0,0
258,25137,1289,0,0,0,0,0
258,25219,1329,0,0,0,0,0
258,25635,1326,0,0,0,0,0
258,25058,1314,0,0,0,0,0
258,24990,1269,0,0,0,0,0
258,24948,1311,0,0,0,0,0
258,25462,1284,0,0,0,0,0
258,25202,1322,0,0,0,0,0
258,25339,1284,0,0,0,0,0
258,25109,1329,0,0,0,0,0
258,25181,1286,0,0,0,0,0
258,24865,1314,0,0,0,0,0
264,30830,1541,0,0,0,0,0
264,25959,1442,0,0,0,0,0
264,25709,1544,0,0,0,0,0
264,25542,1343,0,0,0,0,0
264,25739,1379,0,0,0,0,0
264,25237,1362,0,0,0,0,0
264,25082,1404,0,0,0,0,0
264,24929,1456,0,0,0,0,0
264,25045,1339,0,0,0,0,0
264,25197,1353,0,0,0,0,0
264,25358,1399,0,0,0,0,0
264,25110,1421,0,0,0,0,0
264,25496,1412,0,0,0,0,0
264,25451,1446,0,0,0,0,0
264,25566,1384,0,0,0,0,0
264,25279,1459,0,0,0,0,0
264,25105,1380,0,0,0,0,0
264,25401,1351,0,0,0,0,0
264,25238,1399,0,0,0,0,0
264,25350,1339,0,0,0,0,0
270,31261,1579,0,0,0,0,0
270,26303,1433,0,0,0,0,0
270,26212,1448,0,0,0,0,0
270,25983,1382,0,0,0,0,0
270,25566,1458,0,0,0,0,0
270,25743,1408,0,0,0,0,0
270,25640,1441,0,0,0,0,0
270,26133,1420,0,0,0,0,0
270,25619,1440,0,0,0,0,0
270,25448,1422,0,0,0,0,0
270,25044,1425,0,0,0,0,0
270,25200,1415,0,0,0,0,0
270,25500,1420,0,0,0,0,0
270,26070,1446,0,0,0,0,0
270,25513,1474,0,0,0,0,0
270,25286,1448,0,0,0,0,0
270,25525,1441,0,0,0,0,0
270,25591,1399,0,0,0,0,0
270,25483,1441,0,0,0,0,0
270,25546,1363,0,0,0,0,0
276,30844,1513,0,0,0,0,0
276,25829,1403,0,0,0,0,0
276,25500,1398,0,0,0,0,0
276,25566,1391,0,0,0,0,0
276,25383,1409,0,0,0,0,0
276,25352,1315,0,0,0,0,0
276,25491,1363,0,0,0,0,0
276,25617,1398,0,0,0,0,0
276,25236,1450,0,0,0,0,0
276,25122,1355,0,0,0,0,0
276,25033,1459,0,0,0,0,0
276,24904,1417,0,0,0,0,0
276,25592,1371,0,0,0,0,0
276,25300,1352,0,0,0,0,0
276,25241,1419,0,0,0,0,0
276,25067,1403,0,0,0,0,0
276,25145,1394,0,0,0,0,0
276,25261,1410,0,0,0,0,0
276,25297,1364,0,0,0,0,0
276,25392,1396,0,0,0,0,0
282,30919,1532,0,0,0,0,0
282,26524,1386,0,0,0,0,0
282,26635,1404,0,0,0,0,0
282,26103,1307,0,0,0,0,0
282,25895,1311,0,0,0,0,0
282,25705,1356,0,0,0,0,0
282,25999,1351,0,0,0,0,0
282,25324,1376,0,0,0,0,0
282,25559,1372,0,0,0,0,0
282,25494,1357,0,0,0,0,0
282,25393,1342,0,0,0,0,0
282,25500,1357,0,0,0,0,0
282,25098,1357,0,0,0,0,0
282,25707,1324,0,0,0,0,0
282,25605,1354,0,0,0,0,0
282,25846,1349,0,0,0,0,0
282,25649,1385,0,0,0,0,0
282,25781,1358,0,0,0,0,0
282,25724,1393,0,0,0,0,0
282,25605,1342,0,0,0,0,0
288,31904,1522,0,0,0,0,0
288,26479,1412,0,0,0,0,0
288,26108,1401,0,0,0,0,0
288,26041,1366,0,0,0,0,0
288,25943,1390,0,0,0,0,0
288,25870,1368,0,0,0,0,0
288,25770,1411,0,0,0,0,0
288,25590,1382,0,0,0,0,0
288,25426,1401,0,0,0,0,0
288,25853,1384,0,0,0,0,0
288,25593,1408,0,0,0,0,0
288,25285,1496,0,0,0,0,0
288,25755,1424,0,0,0,0,0
288,25371,1362,0,0,0,0,0
288,25549,1354,0,0,0,0,0
288,25214,1330,0,0,0,0,0
288,25555,1328,0,0,0,0,0
288,25297,1413,0,0,0,0,0
288,25051,1363,0,0,0,0,0
288,24839,1328,0,0,0,0,0
294,30952,1495,0,0,0,0,0
294,26292,1361,0,0,0,0,0
294,25847,1316,0,0,0,0,0
294,25417,1365,0,0,0,0,0
294,25380,1392,0,0,0,0,0
294,25317,1357,0,0,0,0,0
294,25067,1346,0,0,0,0,0
294,25531,1404,0,0,0,0,0
294,25389,1413,0,0,0,0,0
294,25519,1372,0,0,0,0,0
294,25080,1399,0,0,0,0,0
294,25019,1434,0,0,0,0,0
294,25348,1403,0,0,0,0,0
294,25549,1371,0,0,0,0,0
294,25307,1314,0,0,0,0,0
294,25304,1361,0,0,0,0,0
294,25183,1410,0,0,0,0,0
294,25531,1421,0,0,0,0,0
294,25143,1365,0,0,0,0,0
294,25110,1376,0,0,0,0,0
300,30557,1639,0,0,0,0,0
300,26189,1445,0,0,0,0,0
300,25426,1399,0,0,0,0,0
300,25011,1384,0,0,0,0,0
300,24820,1345,0,0,0,0,0
300,24826,1440,0,0,0,0,0
300,25063,1368,0,0,0,0,0
300,24970,1410,0,0,0,0,0
300,24784,1380,0,0,0,0,0
300,24427,1417,0,0,0,0,0
300,24810,1413,0,0,0,0,0
300,24857,1406,0,0,0,0,0
300,24768,1387,0,0,0,0,0
300,24794,1370,0,0,0,0,0
300,24844,1351,0,0,0,0,0
300,24490,1452,0,0,0,0,0
300,24890,1397,0,0,0,0,0
300,25203,1480,0,0,0,0,0
300,25177,1368,0,0,0,0,0
300,25177,1421,0,0,0,0,0

Raw Storage Info
========
Storage: Tips Reasons (r:1 w:1)
Storage: Tips Tips (r:1 w:1)

Median Slopes Analysis
========
-- Extrinsic Time --

Model:
Time ~=    25.05
    + r    0.001
              µs

Reads = 2 + (0 * r)
Writes = 2 + (0 * r)

Min Squares Analysis
========
-- Extrinsic Time --

Data points distribution:
    r   mean µs  sigma µs       %
    0      24.9     0.178    0.7%
    6     25.04     0.153    0.6%
   12     24.93     0.146    0.5%
   18      24.9     0.197    0.7%
   24     25.22     0.152    0.6%
   30      25.4     0.214    0.8%
   36     25.21     0.112    0.4%
   42     24.95     0.128    0.5%
   48     25.04     0.139    0.5%
   54     25.22     0.099    0.3%
   60     25.44     0.206    0.8%
   66     25.27     0.131    0.5%
   72     25.24     0.162    0.6%
   78     25.09     0.096    0.3%
   84      24.9      0.17    0.6%
   90     25.03     0.134    0.5%
   96     25.08     0.125    0.4%
  102     24.98     0.103    0.4%
  108     25.14     0.311    1.2%
  114     25.27     0.124    0.4%
  120     25.33     0.125    0.4%
  126      25.2     0.132    0.5%
  132     25.47       0.1    0.3%
  138     25.08      0.08    0.3%
  144     25.35     0.047    0.1%
  150     25.29     0.149    0.5%
  156     25.09     0.045    0.1%
  162     25.32     0.134    0.5%
  168     25.36     0.153    0.6%
  174     25.59     0.167    0.6%
  180     25.45     0.072    0.2%
  186     25.39     0.066    0.2%
  192     25.28     0.124    0.4%
  198     25.48     0.145    0.5%
  204     25.64     0.122    0.4%
  210     25.63     0.171    0.6%
  216     25.32     0.159    0.6%
  222     25.53     0.121    0.4%
  228      25.3     0.163    0.6%
  234     25.82     0.154    0.5%
  240     25.37     0.139    0.5%
  246     25.61     0.112    0.4%
  252     25.53     0.152    0.5%
  258     25.28     0.167    0.6%
  264     25.35     0.111    0.4%
  270     25.62     0.138    0.5%
  276     25.34     0.091    0.3%
  282      25.7     0.103    0.4%
  288     25.63     0.163    0.6%
  294     25.36     0.098    0.3%
  300     24.92     0.117    0.4%

Quality and confidence:
param     error
r             0

Model:
Time ~=    25.05
    + r    0.002
              µs

Reads = 2 + (0 * r)
Writes = 2 + (0 * r)

Pallet: "pallet_tips", Extrinsic: "retract_tip", Lowest values: [], Highest values: [], Steps: 50, Repeat: 20
extrinsic_time_ns,storage_root_time_ns,reads,repeat_reads,writes,repeat_writes,proof_size_bytes
27878,1531,0,0,0,0,0
24721,1435,0,0,0,0,0
24491,1351,0,0,0,0,0
24407,1397,0,0,0,0,0
24352,1493,0,0,0,0,0
23857,1396,0,0,0,0,0
24281,1458,0,0,0,0,0
24473,1398,0,0,0,0,0
24376,1368,0,0,0,0,0
23843,1395,0,0,0,0,0
24035,1414,0,0,0,0,0
24244,1427,0,0,0,0,0
24362,1379,0,0,0,0,0
23917,1417,0,0,0,0,0
24077,1466,0,0,0,0,0
23895,1426,0,0,0,0,0
23658,1416,0,0,0,0,0
23970,1411,0,0,0,0,0
23971,1411,0,0,0,0,0
24050,1401,0,0,0,0,0

Raw Storage Info
========
Storage: Tips Tips (r:1 w:1)
Storage: Tips Reasons (r:0 w:1)

Median Slopes Analysis
========
-- Extrinsic Time --

Model:
Time ~=    24.24
              µs

Reads = 1
Writes = 2

Min Squares Analysis
========
-- Extrinsic Time --

Model:
Time ~=    24.24
              µs

Reads = 1
Writes = 2

Pallet: "pallet_tips", Extrinsic: "tip_new", Lowest values: [], Highest values: [], Steps: 50, Repeat: 20
r,t,extrinsic_time_ns,storage_root_time_ns,reads,repeat_reads,writes,repeat_writes,proof_size_bytes
0,13,23915,1530,0,0,0,0,0
0,13,19503,1369,0,0,0,0,0
0,13,18896,1359,0,0,0,0,0
0,13,19409,1383,0,0,0,0,0
0,13,18861,1383,0,0,0,0,0
0,13,19396,1366,0,0,0,0,0
0,13,19378,1342,0,0,0,0,0
0,13,18753,1314,0,0,0,0,0
0,13,18842,1301,0,0,0,0,0
0,13,18932,1345,0,0,0,0,0
0,13,18596,1305,0,0,0,0,0
0,13,18928,1359,0,0,0,0,0
0,13,23950,1373,0,0,0,0,0
0,13,19099,1371,0,0,0,0,0
0,13,18920,1354,0,0,0,0,0
0,13,18845,1318,0,0,0,0,0
0,13,19149,1355,0,0,0,0,0
0,13,22416,1344,0,0,0,0,0
0,13,19210,1353,0,0,0,0,0
0,13,19050,1317,0,0,0,0,0
6,13,22592,1515,0,0,0,0,0
6,13,19090,1296,0,0,0,0,0
6,13,18496,1323,0,0,0,0,0
6,13,18653,1331,0,0,0,0,0
6,13,18730,1325,0,0,0,0,0
6,13,18864,1455,0,0,0,0,0
6,13,18536,1345,0,0,0,0,0
6,13,18590,1322,0,0,0,0,0
6,13,18384,1359,0,0,0,0,0
6,13,18434,1317,0,0,0,0,0
6,13,18225,1305,0,0,0,0,0
6,13,18389,1296,0,0,0,0,0
6,13,17997,1245,0,0,0,0,0
6,13,18024,1275,0,0,0,0,0
6,13,17861,1306,0,0,0,0,0
6,13,18102,1292,0,0,0,0,0
6,13,17831,1251,0,0,0,0,0
6,13,21412,1307,0,0,0,0,0
6,13,18861,1287,0,0,0,0,0
6,13,18650,1322,0,0,0,0,0
12,13,22902,1489,0,0,0,0,0
12,13,19547,1377,0,0,0,0,0
12,13,19289,1385,0,0,0,0,0
12,13,18805,1347,0,0,0,0,0
12,13,18913,1316,0,0,0,0,0
12,13,19036,1396,0,0,0,0,0
12,13,19070,1296,0,0,0,0,0
12,13,18801,1290,0,0,0,0,0
12,13,18864,1273,0,0,0,0,0
12,13,18877,1347,0,0,0,0,0
12,13,18754,1297,0,0,0,0,0
12,13,18632,1346,0,0,0,0,0
12,13,18804,1296,0,0,0,0,0
12,13,19335,1317,0,0,0,0,0
12,13,18939,1289,0,0,0,0,0
12,13,19090,1321,0,0,0,0,0
12,13,18916,1285,0,0,0,0,0
12,13,21833,1339,0,0,0,0,0
12,13,18700,1310,0,0,0,0,0
12,13,19203,1255,0,0,0,0,0
18,13,23994,1553,0,0,0,0,0
18,13,19749,1344,0,0,0,0,0
18,13,18991,1327,0,0,0,0,0
18,13,19049,1350,0,0,0,0,0
18,13,18948,1407,0,0,0,0,0
18,13,19487,1350,0,0,0,0,0
18,13,19038,1333,0,0,0,0,0
18,13,18894,1317,0,0,0,0,0
18,13,18647,1338,0,0,0,0,0
18,13,19575,1303,0,0,0,0,0
18,13,19453,1313,0,0,0,0,0
18,13,19286,1313,0,0,0,0,0
18,13,18895,1327,0,0,0,0,0
18,13,18863,1278,0,0,0,0,0
18,13,19032,1321,0,0,0,0,0
18,13,18909,1306,0,0,0,0,0
18,13,18809,1289,0,0,0,0,0
18,13,22159,1348,0,0,0,0,0
18,13,19021,1344,0,0,0,0,0
18,13,19034,1307,0,0,0,0,0
24,13,23127,1486,0,0,0,0,0
24,13,19168,1390,0,0,0,0,0
24,13,18784,1358,0,0,0,0,0
24,13,18622,1318,0,0,0,0,0
24,13,46793,1434,0,0,0,0,0
24,13,18718,1367,0,0,0,0,0
24,13,18797,1292,0,0,0,0,0
24,13,19101,1325,0,0,0,0,0
24,13,18693,1306,0,0,0,0,0
24,13,19338,1312,0,0,0,0,0
24,13,18544,1343,0,0,0,0,0
24,13,18827,1311,0,0,0,0,0
24,13,19034,1384,0,0,0,0,0
24,13,18862,1333,0,0,0,0,0
24,13,18503,1342,0,0,0,0,0
24,13,18647,1327,0,0,0,0,0
24,13,18869,1328,0,0,0,0,0
24,13,22063,1318,0,0,0,0,0
24,13,19066,1345,0,0,0,0,0
24,13,18625,1336,0,0,0,0,0
30,13,23923,1474,0,0,0,0,0
30,13,19232,1345,0,0,0,0,0
30,13,19610,1411,0,0,0,0,0
30,13,19327,1348,0,0,0,0,0
30,13,19092,1351,0,0,0,0,0
30,13,19210,1360,0,0,0,0,0
30,13,19117,1348,0,0,0,0,0
30,13,18771,1335,0,0,0,0,0
30,13,18972,1347,0,0,0,0,0
30,13,19199,1414,0,0,0,0,0
30,13,19316,1429,0,0,0,0,0
30,13,19349,1298,0,0,0,0,0
30,13,18846,1341,0,0,0,0,0
30,13,18957,1294,0,0,0,0,0
30,13,18612,1417,0,0,0,0,0
30,13,18847,1355,0,0,0,0,0
30,13,18964,1330,0,0,0,0,0
30,13,22256,1348,0,0,0,0,0
30,13,19095,1353,0,0,0,0,0
30,13,18925,1361,0,0,0,0,0
36,13,23796,1503,0,0,0,0,0
36,13,32267,1357,0,0,0,0,0
36,13,19003,1313,0,0,0,0,0
36,13,19147,1306,0,0,0,0,0
36,13,18654,1283,0,0,0,0,0
36,13,19015,1363,0,0,0,0,0
36,13,18517,1344,0,0,0,0,0
36,13,18570,1298,0,0,0,0,0
36,13,18968,1325,0,0,0,0,0
36,13,19209,1294,0,0,0,0,0
36,13,18918,1288,0,0,0,0,0
36,13,18373,1301,0,0,0,0,0
36,13,19083,1350,0,0,0,0,0
36,13,19321,1300,0,0,0,0,0
36,13,19254,1347,0,0,0,0,0
36,13,19131,1298,0,0,0,0,0
36,13,18855,1344,0,0,0,0,0
36,13,22301,1282,0,0,0,0,0
36,13,19293,1381,0,0,0,0,0
36,13,19145,1317,0,0,0,0,0
42,13,23335,1530,0,0,0,0,0
42,13,19595,1351,0,0,0,0,0
42,13,19350,1366,0,0,0,0,0
42,13,19128,1309,0,0,0,0,0
42,13,19413,1291,0,0,0,0,0
42,13,19283,1255,0,0,0,0,0
42,13,19246,1257,0,0,0,0,0
42,13,18896,1308,0,0,0,0,0
42,13,18520,1293,0,0,0,0,0
42,13,19028,1323,0,0,0,0,0
42,13,19073,1273,0,0,0,0,0
42,13,19213,1276,0,0,0,0,0
42,13,19222,1307,0,0,0,0,0
42,13,19123,1323,0,0,0,0,0
42,13,18883,1273,0,0,0,0,0
42,13,18766,1313,0,0,0,0,0
42,13,19124,1290,0,0,0,0,0
42,13,22047,1346,0,0,0,0,0
42,13,19040,1329,0,0,0,0,0
42,13,19428,1296,0,0,0,0,0
48,13,22633,1505,0,0,0,0,0
48,13,19188,1363,0,0,0,0,0
48,13,18957,1325,0,0,0,0,0
48,13,19047,1243,0,0,0,0,0
48,13,18611,1307,0,0,0,0,0
48,13,18640,1322,0,0,0,0,0
48,13,18574,1297,0,0,0,0,0
48,13,18825,1272,0,0,0,0,0
48,13,18172,1248,0,0,0,0,0
48,13,18482,1270,0,0,0,0,0
48,13,18701,1297,0,0,0,0,0
48,13,18747,1269,0,0,0,0,0
48,13,19012,1334,0,0,0,0,0
48,13,18753,1287,0,0,0,0,0
48,13,18861,1322,0,0,0,0,0
48,13,19043,1311,0,0,0,0,0
48,13,18538,1282,0,0,0,0,0
48,13,21334,1331,0,0,0,0,0
48,13,18746,1322,0,0,0,0,0
48,13,18273,1276,0,0,0,0,0
54,13,22885,1531,0,0,0,0,0
54,13,19683,1349,0,0,0,0,0
54,13,19424,1339,0,0,0,0,0
54,13,19341,1339,0,0,0,0,0
54,13,19342,1390,0,0,0,0,0
54,13,19011,1362,0,0,0,0,0
54,13,19191,1285,0,0,0,0,0
54,13,19248,1323,0,0,0,0,0
54,13,19384,1301,0,0,0,0,0
54,13,19429,1354,0,0,0,0,0
54,13,19078,1315,0,0,0,0,0
54,13,19094,1351,0,0,0,0,0
54,13,19135,1299,0,0,0,0,0
54,13,19374,1343,0,0,0,0,0
54,13,19169,1333,0,0,0,0,0
54,13,19256,1280,0,0,0,0,0
54,13,19000,1300,0,0,0,0,0
54,13,22402,1342,0,0,0,0,0
54,13,19286,1291,0,0,0,0,0
54,13,18951,1305,0,0,0,0,0
60,13,22270,1456,0,0,0,0,0
60,13,19832,1307,0,0,0,0,0
60,13,19498,1354,0,0,0,0,0
60,13,19252,1318,0,0,0,0,0
60,13,19241,1310,0,0,0,0,0
60,13,19674,1358,0,0,0,0,0
60,13,19292,1312,0,0,0,0,0
60,13,19364,1352,0,0,0,0,0
60,13,19806,1416,0,0,0,0,0
60,13,19154,1420,0,0,0,0,0
60,13,19302,1327,0,0,0,0,0
60,13,19247,1409,0,0,0,0,0
60,13,18758,1269,0,0,0,0,0
60,13,19118,1298,0,0,0,0,0
60,13,19218,1312,0,0,0,0,0
60,13,19210,1293,0,0,0,0,0
60,13,18972,1268,0,0,0,0,0
60,13,22169,1385,0,0,0,0,0
60,13,19479,1223,0,0,0,0,0
60,13,19027,1277,0,0,0,0,0
66,13,21907,1488,0,0,0,0,0
66,13,19359,1318,0,0,0,0,0
66,13,19040,1307,0,0,0,0,0
66,13,18398,1325,0,0,0,0,0
66,13,18611,1266,0,0,0,0,0
66,13,18681,1275,0,0,0,0,0
66,13,19145,1315,0,0,0,0,0
66,13,18879,1339,0,0,0,0,0
66,13,31625,1358,0,0,0,0,0
66,13,19179,1352,0,0,0,0,0
66,13,19150,1278,0,0,0,0,0
66,13,18815,1347,0,0,0,0,0
66,13,19126,1316,0,0,0,0,0
66,13,19131,1324,0,0,0,0,0
66,13,19208,1400,0,0,0,0,0
66,13,19237,1313,0,0,0,0,0
66,13,19183,1335,0,0,0,0,0
66,13,22302,1361,0,0,0,0,0
66,13,19237,1328,0,0,0,0,0
66,13,19389,1329,0,0,0,0,0
72,13,22320,1560,0,0,0,0,0
72,13,19151,1373,0,0,0,0,0
72,13,18897,1314,0,0,0,0,0
72,13,18761,1329,0,0,0,0,0
72,13,19041,1365,0,0,0,0,0
72,13,18775,1352,0,0,0,0,0
72,13,18775,1353,0,0,0,0,0
72,13,18460,1389,0,0,0,0,0
72,13,18741,1361,0,0,0,0,0
72,13,18591,1397,0,0,0,0,0
72,13,18591,1307,0,0,0,0,0
72,13,18491,1293,0,0,0,0,0
72,13,18610,1381,0,0,0,0,0
72,13,18129,1342,0,0,0,0,0
72,13,18125,1354,0,0,0,0,0
72,13,18311,1371,0,0,0,0,0
72,13,18168,1348,0,0,0,0,0
72,13,21686,1344,0,0,0,0,0
72,13,18570,1352,0,0,0,0,0
72,13,18665,1353,0,0,0,0,0
78,13,22877,1583,0,0,0,0,0
78,13,20034,1288,0,0,0,0,0
78,13,19566,1376,0,0,0,0,0
78,13,19387,1348,0,0,0,0,0
78,13,19274,1310,0,0,0,0,0
78,13,19121,1288,0,0,0,0,0
78,13,19177,1315,0,0,0,0,0
78,13,18963,1349,0,0,0,0,0
78,13,19128,1346,0,0,0,0,0
78,13,19199,1383,0,0,0,0,0
78,13,19221,1335,0,0,0,0,0
78,13,19306,1353,0,0,0,0,0
78,13,19119,1316,0,0,0,0,0
78,13,19278,1307,0,0,0,0,0
78,13,19339,1335,0,0,0,0,0
78,13,19181,1263,0,0,0,0,0
78,13,19389,1244,0,0,0,0,0
78,13,22015,1325,0,0,0,0,0
78,13,19112,1333,0,0,0,0,0
78,13,18809,1298,0,0,0,0,0
84,13,23109,1470,0,0,0,0,0
84,13,19336,1311,0,0,0,0,0
84,13,19171,1329,0,0,0,0,0
84,13,18942,1262,0,0,0,0,0
84,13,19185,1281,0,0,0,0,0
84,13,19228,1274,0,0,0,0,0
84,13,18953,1264,0,0,0,0,0
84,13,19139,1312,0,0,0,0,0
84,13,18904,1240,0,0,0,0,0
84,13,19050,1287,0,0,0,0,0
84,13,18682,1253,0,0,0,0,0
84,13,18994,1261,0,0,0,0,0
84,13,18809,1227,0,0,0,0,0
84,13,18607,1270,0,0,0,0,0
84,13,18690,1288,0,0,0,0,0
84,13,18524,1277,0,0,0,0,0
84,13,18542,1286,0,0,0,0,0
84,13,22034,1331,0,0,0,0,0
84,13,19157,1298,0,0,0,0,0
84,13,19057,1303,0,0,0,0,0
90,13,22773,1473,0,0,0,0,0
90,13,19473,1387,0,0,0,0,0
90,13,19397,1349,0,0,0,0,0
90,13,18900,1388,0,0,0,0,0
90,13,19122,1288,0,0,0,0,0
90,13,19018,1335,0,0,0,0,0
90,13,33479,1422,0,0,0,0,0
90,13,18740,1389,0,0,0,0,0
90,13,18871,1359,0,0,0,0,0
90,13,19102,1326,0,0,0,0,0
90,13,18925,1308,0,0,0,0,0
90,13,18709,1302,0,0,0,0,0
90,13,18750,1287,0,0,0,0,0
90,13,18859,1294,0,0,0,0,0
90,13,18618,1354,0,0,0,0,0
90,13,18732,1367,0,0,0,0,0
90,13,18574,1333,0,0,0,0,0
90,13,34854,1487,0,0,0,0,0
90,13,19473,1273,0,0,0,0,0
90,13,19291,1349,0,0,0,0,0
96,13,23043,1613,0,0,0,0,0
96,13,19525,1420,0,0,0,0,0
96,13,19397,1429,0,0,0,0,0
96,13,19619,1441,0,0,0,0,0
96,13,19588,1368,0,0,0,0,0
96,13,19368,1438,0,0,0,0,0
96,13,19160,1431,0,0,0,0,0
96,13,19667,1388,0,0,0,0,0
96,13,19482,1391,0,0,0,0,0
96,13,19032,1338,0,0,0,0,0
96,13,18863,1342,0,0,0,0,0
96,13,19126,1414,0,0,0,0,0
96,13,19083,1346,0,0,0,0,0
96,13,18843,1343,0,0,0,0,0
96,13,19014,1360,0,0,0,0,0
96,13,19244,1357,0,0,0,0,0
96,13,19052,1494,0,0,0,0,0
96,13,22818,1363,0,0,0,0,0
96,13,19021,1389,0,0,0,0,0
96,13,19210,1345,0,0,0,0,0
102,13,22869,1504,0,0,0,0,0
102,13,19937,1404,0,0,0,0,0
102,13,19350,1433,0,0,0,0,0
102,13,19403,1290,0,0,0,0,0
102,13,19515,1358,0,0,0,0,0
102,13,19111,1414,0,0,0,0,0
102,13,19233,1397,0,0,0,0,0
102,13,19304,1356,0,0,0,0,0
102,13,18979,1370,0,0,0,0,0
102,13,19051,1431,0,0,0,0,0
102,13,19545,1418,0,0,0,0,0
102,13,19306,1336,0,0,0,0,0
102,13,19030,1384,0,0,0,0,0
102,13,18637,1386,0,0,0,0,0
102,13,19298,1388,0,0,0,0,0
102,13,19313,1490,0,0,0,0,0
102,13,19717,1382,0,0,0,0,0
102,13,22589,1389,0,0,0,0,0
102,13,19253,1396,0,0,0,0,0
102,13,18876,1395,0,0,0,0,0
108,13,23358,1520,0,0,0,0,0
108,13,19576,1332,0,0,0,0,0
108,13,19571,1328,0,0,0,0,0
108,13,19289,1363,0,0,0,0,0
108,13,19492,1340,0,0,0,0,0
108,13,19604,1371,0,0,0,0,0
108,13,19397,1352,0,0,0,0,0
108,13,19368,1373,0,0,0,0,0
108,13,19069,1371,0,0,0,0,0
108,13,19076,1372,0,0,0,0,0
108,13,19236,1379,0,0,0,0,0
108,13,18829,1346,0,0,0,0,0
108,13,19126,1368,0,0,0,0,0
108,13,19445,1358,0,0,0,0,0
108,13,18941,1344,0,0,0,0,0
108,13,19422,1351,0,0,0,0,0
108,13,19113,1334,0,0,0,0,0
108,13,22513,1336,0,0,0,0,0
108,13,19043,1338,0,0,0,0,0
108,13,19124,1344,0,0,0,0,0
114,13,23436,1479,0,0,0,0,0
114,13,20188,1353,0,0,0,0,0
114,13,19698,1332,0,0,0,0,0
114,13,19033,1325,0,0,0,0,0
114,13,19557,1361,0,0,0,0,0
114,13,19388,1363,0,0,0,0,0
114,13,19081,1333,0,0,0,0,0
114,13,19113,1357,0,0,0,0,0
114,13,19159,1328,0,0,0,0,0
114,13,19360,1312,0,0,0,0,0
114,13,19297,1335,0,0,0,0,0
114,13,19646,1339,0,0,0,0,0
114,13,19333,1325,0,0,0,0,0
114,13,19048,1305,0,0,0,0,0
114,13,20064,1328,0,0,0,0,0
114,13,19342,1356,0,0,0,0,0
114,13,19566,1382,0,0,0,0,0
114,13,22695,1283,0,0,0,0,0
114,13,19427,1336,0,0,0,0,0
114,13,19075,1349,0,0,0,0,0
120,13,22749,1443,0,0,0,0,0
120,13,19366,1375,0,0,0,0,0
120,13,19104,1326,0,0,0,0,0
120,13,18845,1234,0,0,0,0,0
120,13,19057,1321,0,0,0,0,0
120,13,18741,1277,0,0,0,0,0
120,13,18551,1308,0,0,0,0,0
120,13,19010,1275,0,0,0,0,0
120,13,18993,1289,0,0,0,0,0
120,13,18867,1294,0,0,0,0,0
120,13,18901,1325,0,0,0,0,0
120,13,19163,1242,0,0,0,0,0
120,13,31839,1274,0,0,0,0,0
120,13,19545,1336,0,0,0,0,0
120,13,19585,1328,0,0,0,0,0
120,13,19369,1330,0,0,0,0,0
120,13,19607,1295,0,0,0,0,0
120,13,22473,1358,0,0,0,0,0
120,13,19467,1293,0,0,0,0,0
120,13,19186,1309,0,0,0,0,0
126,13,23361,1565,0,0,0,0,0
126,13,19525,1426,0,0,0,0,0
126,13,19635,1377,0,0,0,0,0
126,13,20084,1450,0,0,0,0,0
126,13,19382,1398,0,0,0,0,0
126,13,19442,1396,0,0,0,0,0
126,13,19314,1438,0,0,0,0,0
126,13,19403,1393,0,0,0,0,0
126,13,19145,1387,0,0,0,0,0
126,13,19200,1333,0,0,0,0,0
126,13,19691,1363,0,0,0,0,0
126,13,18929,1358,0,0,0,0,0
126,13,19965,1432,0,0,0,0,0
126,13,19305,1313,0,0,0,0,0
126,13,19428,1346,0,0,0,0,0
126,13,19051,1371,0,0,0,0,0
126,13,19029,1361,0,0,0,0,0
126,13,22451,1386,0,0,0,0,0
126,13,19053,1385,0,0,0,0,0
126,13,18851,1397,0,0,0,0,0
132,13,22265,1435,0,0,0,0,0
132,13,19660,1295,0,0,0,0,0
132,13,19242,1325,0,0,0,0,0
132,13,19413,1372,0,0,0,0,0
132,13,19358,1339,0,0,0,0,0
132,13,18924,1273,0,0,0,0,0
132,13,19690,1285,0,0,0,0,0
132,13,19579,1384,0,0,0,0,0
132,13,19386,1313,0,0,0,0,0
132,13,19028,1330,0,0,0,0,0
132,13,19077,1365,0,0,0,0,0
132,13,20464,1438,0,0,0,0,0
132,13,19053,1365,0,0,0,0,0
132,13,19699,1324,0,0,0,0,0
132,13,19033,1347,0,0,0,0,0
132,13,19543,1297,0,0,0,0,0
132,13,18740,1297,0,0,0,0,0
132,13,22316,1340,0,0,0,0,0
132,13,18971,1364,0,0,0,0,0
132,13,19094,1350,0,0,0,0,0
138,13,23297,1486,0,0,0,0,0
138,13,19609,1424,0,0,0,0,0
138,13,19686,1373,0,0,0,0,0
138,13,19717,1390,0,0,0,0,0
138,13,19494,1436,0,0,0,0,0
138,13,19678,1400,0,0,0,0,0
138,13,19511,1319,0,0,0,0,0
138,13,19588,1326,0,0,0,0,0
138,13,19175,1373,0,0,0,0,0
138,13,20290,1395,0,0,0,0,0
138,13,19532,1387,0,0,0,0,0
138,13,19368,1362,0,0,0,0,0
138,13,19414,1388,0,0,0,0,0
138,13,18975,1330,0,0,0,0,0
138,13,19451,1400,0,0,0,0,0
138,13,19546,1314,0,0,0,0,0
138,13,19160,1391,0,0,0,0,0
138,13,22623,1341,0,0,0,0,0
138,13,19773,1294,0,0,0,0,0
138,13,19269,1314,0,0,0,0,0
144,13,23254,1481,0,0,0,0,0
144,13,19941,1402,0,0,0,0,0
144,13,19530,1325,0,0,0,0,0
144,13,19685,1315,0,0,0,0,0
144,13,19124,1357,0,0,0,0,0
144,13,19298,1353,0,0,0,0,0
144,13,18819,1383,0,0,0,0,0
144,13,19863,1318,0,0,0,0,0
144,13,19505,1308,0,0,0,0,0
144,13,18998,1360,0,0,0,0,0
144,13,19965,1335,0,0,0,0,0
144,13,19262,1358,0,0,0,0,0
144,13,19445,1313,0,0,0,0,0
144,13,19114,1341,0,0,0,0,0
144,13,19101,1395,0,0,0,0,0
144,13,18896,1412,0,0,0,0,0
144,13,19392,1281,0,0,0,0,0
144,13,22265,1332,0,0,0,0,0
144,13,19250,1335,0,0,0,0,0
144,13,19001,1382,0,0,0,0,0
150,13,22600,1579,0,0,0,0,0
150,13,19765,1337,0,0,0,0,0
150,13,19049,1274,0,0,0,0,0
150,13,19094,1325,0,0,0,0,0
150,13,19194,1319,0,0,0,0,0
150,13,19343,1273,0,0,0,0,0
150,13,19696,1355,0,0,0,0,0
150,13,19739,1358,0,0,0,0,0
150,13,19656,1359,0,0,0,0,0
150,13,19561,1349,0,0,0,0,0
150,13,19559,1304,0,0,0,0,0
150,13,19529,1359,0,0,0,0,0
150,13,19514,1309,0,0,0,0,0
150,13,19433,1320,0,0,0,0,0
150,13,19952,1387,0,0,0,0,0
150,13,19653,1318,0,0,0,0,0
150,13,19567,1259,0,0,0,0,0
150,13,22345,1383,0,0,0,0,0
150,13,19974,1394,0,0,0,0,0
150,13,19113,1330,0,0,0,0,0
156,13,23125,1526,0,0,0,0,0
156,13,19868,1390,0,0,0,0,0
156,13,19694,1380,0,0,0,0,0
156,13,19739,1334,0,0,0,0,0
156,13,19367,1341,0,0,0,0,0
156,13,19736,2119,0,0,0,0,0
156,13,19612,1343,0,0,0,0,0
156,13,19395,1339,0,0,0,0,0
156,13,19223,1297,0,0,0,0,0
156,13,19512,1399,0,0,0,0,0
156,13,19200,1388,0,0,0,0,0
156,13,19525,1366,0,0,0,0,0
156,13,19104,1316,0,0,0,0,0
156,13,18909,1343,0,0,0,0,0
156,13,19132,1327,0,0,0,0,0
156,13,19127,1345,0,0,0,0,0
156,13,19463,1331,0,0,0,0,0
156,13,22986,1409,0,0,0,0,0
156,13,19945,1377,0,0,0,0,0
156,13,19763,1361,0,0,0,0,0
162,13,22687,1455,0,0,0,0,0
162,13,19580,1331,0,0,0,0,0
162,13,19118,1329,0,0,0,0,0
162,13,19167,1292,0,0,0,0,0
162,13,19057,1460,0,0,0,0,0
162,13,19134,1281,0,0,0,0,0
162,13,19036,1327,0,0,0,0,0
162,13,19214,1298,0,0,0,0,0
162,13,18961,1322,0,0,0,0,0
162,13,18896,1286,0,0,0,0,0
162,13,18860,1305,0,0,0,0,0
162,13,19013,1319,0,0,0,0,0
162,13,18916,1338,0,0,0,0,0
162,13,18695,1303,0,0,0,0,0
162,13,18809,1348,0,0,0,0,0
162,13,19373,1318,0,0,0,0,0
162,13,18851,1280,0,0,0,0,0
162,13,21959,1260,0,0,0,0,0
162,13,19168,1322,0,0,0,0,0
162,13,19096,1286,0,0,0,0,0
168,13,23218,1492,0,0,0,0,0
168,13,19908,1412,0,0,0,0,0
168,13,19521,1405,0,0,0,0,0
168,13,19441,1359,0,0,0,0,0
168,13,20076,1379,0,0,0,0,0
168,13,19891,1404,0,0,0,0,0
168,13,19395,1409,0,0,0,0,0
168,13,19219,1358,0,0,0,0,0
168,13,19356,1396,0,0,0,0,0
168,13,19922,1371,0,0,0,0,0
168,13,19167,1373,0,0,0,0,0
168,13,19549,1358,0,0,0,0,0
168,13,19751,1398,0,0,0,0,0
168,13,19350,1315,0,0,0,0,0
168,13,19266,1319,0,0,0,0,0
168,13,19148,1333,0,0,0,0,0
168,13,19303,1333,0,0,0,0,0
168,13,22517,1350,0,0,0,0,0
168,13,19347,1363,0,0,0,0,0
168,13,18771,1391,0,0,0,0,0
174,13,23263,1472,0,0,0,0,0
174,13,20042,1353,0,0,0,0,0
174,13,19796,1320,0,0,0,0,0
174,13,20116,1317,0,0,0,0,0
174,13,19535,1360,0,0,0,0,0
174,13,19389,1423,0,0,0,0,0
174,13,19549,1363,0,0,0,0,0
174,13,19481,1336,0,0,0,0,0
174,13,19297,1390,0,0,0,0,0
174,13,19561,1312,0,0,0,0,0
174,13,19423,1370,0,0,0,0,0
174,13,19616,1402,0,0,0,0,0
174,13,19811,1400,0,0,0,0,0
174,13,19514,1443,0,0,0,0,0
174,13,19454,1387,0,0,0,0,0
174,13,19389,1419,0,0,0,0,0
174,13,19625,1405,0,0,0,0,0
174,13,22495,1382,0,0,0,0,0
174,13,19279,1422,0,0,0,0,0
174,13,19654,1395,0,0,0,0,0
180,13,23532,1475,0,0,0,0,0
180,13,20213,1339,0,0,0,0,0
180,13,20117,1411,0,0,0,0,0
180,13,19586,1385,0,0,0,0,0
180,13,19481,1363,0,0,0,0,0
180,13,19259,1373,0,0,0,0,0
180,13,19122,1364,0,0,0,0,0
180,13,19402,1342,0,0,0,0,0
180,13,19444,1375,0,0,0,0,0
180,13,19481,1348,0,0,0,0,0
180,13,18860,1350,0,0,0,0,0
180,13,19356,1374,0,0,0,0,0
180,13,19475,1307,0,0,0,0,0
180,13,19250,1339,0,0,0,0,0
180,13,19420,1355,0,0,0,0,0
180,13,19407,1331,0,0,0,0,0
180,13,19226,1340,0,0,0,0,0
180,13,23215,1355,0,0,0,0,0
180,13,19254,1328,0,0,0,0,0
180,13,19387,1343,0,0,0,0,0
186,13,23442,1460,0,0,0,0,0
186,13,20213,1330,0,0,0,0,0
186,13,19806,1336,0,0,0,0,0
186,13,19751,1331,0,0,0,0,0
186,13,19309,1302,0,0,0,0,0
186,13,19618,1324,0,0,0,0,0
186,13,19628,1358,0,0,0,0,0
186,13,19632,1356,0,0,0,0,0
186,13,19648,1293,0,0,0,0,0
186,13,19505,1311,0,0,0,0,0
186,13,19391,1379,0,0,0,0,0
186,13,19437,1313,0,0,0,0,0
186,13,19233,1319,0,0,0,0,0
186,13,19061,1285,0,0,0,0,0
186,13,19321,1302,0,0,0,0,0
186,13,19170,1342,0,0,0,0,0
186,13,19322,1386,0,0,0,0,0
186,13,22591,1393,0,0,0,0,0
186,13,19027,1344,0,0,0,0,0
186,13,19894,1350,0,0,0,0,0
192,13,23454,1552,0,0,0,0,0
192,13,19856,1367,0,0,0,0,0
192,13,19878,1433,0,0,0,0,0
192,13,19769,1415,0,0,0,0,0
192,13,19298,1329,0,0,0,0,0
192,13,19189,1357,0,0,0,0,0
192,13,19296,1385,0,0,0,0,0
192,13,19163,1431,0,0,0,0,0
192,13,19691,1370,0,0,0,0,0
192,13,19647,1458,0,0,0,0,0
192,13,18980,1448,0,0,0,0,0
192,13,19360,1456,0,0,0,0,0
192,13,19268,1375,0,0,0,0,0
192,13,19432,1375,0,0,0,0,0
192,13,19621,1382,0,0,0,0,0
192,13,19382,1419,0,0,0,0,0
192,13,20053,1383,0,0,0,0,0
192,13,22933,1395,0,0,0,0,0
192,13,19594,1399,0,0,0,0,0
192,13,19689,1414,0,0,0,0,0
198,13,23182,1515,0,0,0,0,0
198,13,19810,1396,0,0,0,0,0
198,13,19398,1364,0,0,0,0,0
198,13,19711,1426,0,0,0,0,0
198,13,19490,1336,0,0,0,0,0
198,13,19459,1345,0,0,0,0,0
198,13,19888,1327,0,0,0,0,0
198,13,19652,1292,0,0,0,0,0
198,13,19727,1317,0,0,0,0,0
198,13,19402,1372,0,0,0,0,0
198,13,19391,1332,0,0,0,0,0
198,13,19927,1293,0,0,0,0,0
198,13,19642,1343,0,0,0,0,0
198,13,19605,1366,0,0,0,0,0
198,13,19321,1348,0,0,0,0,0
198,13,18966,1350,0,0,0,0,0
198,13,19871,1333,0,0,0,0,0
198,13,22683,1348,0,0,0,0,0
198,13,19414,1354,0,0,0,0,0
198,13,19883,1314,0,0,0,0,0
204,13,22904,1413,0,0,0,0,0
204,13,19606,1359,0,0,0,0,0
204,13,19785,1334,0,0,0,0,0
204,13,19202,1324,0,0,0,0,0
204,13,19158,1325,0,0,0,0,0
204,13,19215,1323,0,0,0,0,0
204,13,18892,1291,0,0,0,0,0
204,13,18798,1308,0,0,0,0,0
204,13,18927,1258,0,0,0,0,0
204,13,19416,1295,0,0,0,0,0
204,13,32127,1283,0,0,0,0,0
204,13,19325,1318,0,0,0,0,0
204,13,19115,1308,0,0,0,0,0
204,13,19364,1324,0,0,0,0,0
204,13,19518,1314,0,0,0,0,0
204,13,19301,1369,0,0,0,0,0
204,13,19430,1294,0,0,0,0,0
204,13,22617,1315,0,0,0,0,0
204,13,19345,1356,0,0,0,0,0
204,13,19099,1350,0,0,0,0,0
210,13,22950,1518,0,0,0,0,0
210,13,20152,1380,0,0,0,0,0
210,13,19802,1373,0,0,0,0,0
210,13,19897,1296,0,0,0,0,0
210,13,19412,1365,0,0,0,0,0
210,13,19439,1344,0,0,0,0,0
210,13,19290,1373,0,0,0,0,0
210,13,19748,1354,0,0,0,0,0
210,13,19468,1360,0,0,0,0,0
210,13,20132,1401,0,0,0,0,0
210,13,19362,1412,0,0,0,0,0
210,13,19602,1333,0,0,0,0,0
210,13,19978,1394,0,0,0,0,0
210,13,19602,1408,0,0,0,0,0
210,13,19236,1348,0,0,0,0,0
210,13,19450,1285,0,0,0,0,0
210,13,19259,1381,0,0,0,0,0
210,13,22402,1360,0,0,0,0,0
210,13,19455,1321,0,0,0,0,0
210,13,19343,1320,0,0,0,0,0
216,13,23024,1472,0,0,0,0,0
216,13,19837,1388,0,0,0,0,0
216,13,19301,1418,0,0,0,0,0
216,13,19292,1361,0,0,0,0,0
216,13,19148,1394,0,0,0,0,0
216,13,19300,1380,0,0,0,0,0
216,13,19417,1446,0,0,0,0,0
216,13,19413,1306,0,0,0,0,0
216,13,19340,1351,0,0,0,0,0
216,13,19149,1393,0,0,0,0,0
216,13,18851,1318,0,0,0,0,0
216,13,19022,1385,0,0,0,0,0
216,13,19674,1410,0,0,0,0,0
216,13,19128,1392,0,0,0,0,0
216,13,19445,1353,0,0,0,0,0
216,13,19639,1384,0,0,0,0,0
216,13,18942,1327,0,0,0,0,0
216,13,22165,1391,0,0,0,0,0
216,13,19580,1351,0,0,0,0,0
216,13,19182,1353,0,0,0,0,0
222,13,23354,1512,0,0,0,0,0
222,13,20051,1340,0,0,0,0,0
222,13,19797,1319,0,0,0,0,0
222,13,19736,1356,0,0,0,0,0
222,13,19509,1384,0,0,0,0,0
222,13,19856,1408,0,0,0,0,0
222,13,19153,1354,0,0,0,0,0
222,13,19263,1335,0,0,0,0,0
222,13,19328,1352,0,0,0,0,0
222,13,19393,1315,0,0,0,0,0
222,13,19587,1372,0,0,0,0,0
222,13,19641,1371,0,0,0,0,0
222,13,19472,1333,0,0,0,0,0
222,13,19118,1340,0,0,0,0,0
222,13,19361,1322,0,0,0,0,0
222,13,19518,1314,0,0,0,0,0
222,13,19311,1305,0,0,0,0,0
222,13,22623,1345,0,0,0,0,0
222,13,19210,1308,0,0,0,0,0
222,13,19618,1315,0,0,0,0,0
228,13,23234,1467,0,0,0,0,0
228,13,20239,1309,0,0,0,0,0
228,13,19759,1388,0,0,0,0,0
228,13,19734,1319,0,0,0,0,0
228,13,19113,1327,0,0,0,0,0
228,13,19293,1331,0,0,0,0,0
228,13,19614,1326,0,0,0,0,0
228,13,19531,1356,0,0,0,0,0
228,13,19306,1332,0,0,0,0,0
228,13,19790,1352,0,0,0,0,0
228,13,19556,1319,0,0,0,0,0
228,13,19583,1267,0,0,0,0,0
228,13,18982,1306,0,0,0,0,0
228,13,19077,1369,0,0,0,0,0
228,13,19227,1326,0,0,0,0,0
228,13,19344,1330,0,0,0,0,0
228,13,18937,1283,0,0,0,0,0
228,13,22434,1343,0,0,0,0,0
228,13,18881,1259,0,0,0,0,0
228,13,19100,1327,0,0,0,0,0
234,13,22467,1531,0,0,0,0,0
234,13,19198,1376,0,0,0,0,0
234,13,18771,1300,0,0,0,0,0
234,13,18983,1333,0,0,0,0,0
234,13,19157,1348,0,0,0,0,0
234,13,19112,1339,0,0,0,0,0
234,13,19009,1372,0,0,0,0,0
234,13,19791,1340,0,0,0,0,0
234,13,20026,1334,0,0,0,0,0
234,13,19611,1321,0,0,0,0,0
234,13,19326,1311,0,0,0,0,0
234,13,19721,1284,0,0,0,0,0
234,13,19293,1363,0,0,0,0,0
234,13,19170,1332,0,0,0,0,0
234,13,19815,1396,0,0,0,0,0
234,13,19692,1304,0,0,0,0,0
234,13,19420,1386,0,0,0,0,0
234,13,22576,1332,0,0,0,0,0
234,13,19525,1318,0,0,0,0,0
234,13,20664,1313,0,0,0,0,0
240,13,23351,1518,0,0,0,0,0
240,13,20074,1458,0,0,0,0,0
240,13,19804,1374,0,0,0,0,0
240,13,20111,1406,0,0,0,0,0
240,13,20364,1337,0,0,0,0,0
240,13,19540,1388,0,0,0,0,0
240,13,19433,1372,0,0,0,0,0
240,13,19277,1372,0,0,0,0,0
240,13,19296,1371,0,0,0,0,0
240,13,19503,1418,0,0,0,0,0
240,13,19721,1347,0,0,0,0,0
240,13,19293,1361,0,0,0,0,0
240,13,19763,1408,0,0,0,0,0
240,13,19059,1364,0,0,0,0,0
240,13,19438,1390,0,0,0,0,0
240,13,19531,1405,0,0,0,0,0
240,13,19972,1382,0,0,0,0,0
240,13,22656,1380,0,0,0,0,0
240,13,20556,1367,0,0,0,0,0
240,13,19260,1365,0,0,0,0,0
246,13,24203,1531,0,0,0,0,0
246,13,20124,1395,0,0,0,0,0
246,13,19938,1379,0,0,0,0,0
246,13,19700,1441,0,0,0,0,0
246,13,19881,1447,0,0,0,0,0
246,13,19720,1386,0,0,0,0,0
246,13,19559,1410,0,0,0,0,0
246,13,19482,1360,0,0,0,0,0
246,13,19659,1382,0,0,0,0,0
246,13,19882,1368,0,0,0,0,0
246,13,19584,1390,0,0,0,0,0
246,13,19300,1413,0,0,0,0,0
246,13,19373,1383,0,0,0,0,0
246,13,19576,1429,0,0,0,0,0
246,13,19378,1410,0,0,0,0,0
246,13,19289,1434,0,0,0,0,0
246,13,19469,1381,0,0,0,0,0
246,13,24151,1428,0,0,0,0,0
246,13,19760,1394,0,0,0,0,0
246,13,19509,1406,0,0,0,0,0
252,13,23597,1515,0,0,0,0,0
252,13,19861,1417,0,0,0,0,0
252,13,19976,1463,0,0,0,0,0
252,13,19686,1386,0,0,0,0,0
252,13,19654,1343,0,0,0,0,0
252,13,20300,1335,0,0,0,0,0
252,13,19581,1369,0,0,0,0,0
252,13,19828,1378,0,0,0,0,0
252,13,19813,1327,0,0,0,0,0
252,13,19633,1394,0,0,0,0,0
252,13,19743,1314,0,0,0,0,0
252,13,19790,1367,0,0,0,0,0
252,13,19597,1395,0,0,0,0,0
252,13,19109,1428,0,0,0,0,0
252,13,19222,1381,0,0,0,0,0
252,13,19609,1372,0,0,0,0,0
252,13,19891,1384,0,0,0,0,0
252,13,23002,1340,0,0,0,0,0
252,13,19691,1373,0,0,0,0,0
252,13,19530,1349,0,0,0,0,0
258,13,24061,1536,0,0,0,0,0
258,13,19574,1417,0,0,0,0,0
258,13,19598,1373,0,0,0,0,0
258,13,19277,1356,0,0,0,0,0
258,13,19077,1324,0,0,0,0,0
258,13,19264,1301,0,0,0,0,0
258,13,19193,1326,0,0,0,0,0
258,13,19349,1308,0,0,0,0,0
258,13,19052,1386,0,0,0,0,0
258,13,18876,1307,0,0,0,0,0
258,13,19393,1300,0,0,0,0,0
258,13,19038,1344,0,0,0,0,0
258,13,18762,1365,0,0,0,0,0
258,13,19051,1380,0,0,0,0,0
258,13,19108,1303,0,0,0,0,0
258,13,19837,1323,0,0,0,0,0
258,13,19643,1344,0,0,0,0,0
258,13,22460,1339,0,0,0,0,0
258,13,19374,1339,0,0,0,0,0
258,13,19535,1326,0,0,0,0,0
264,13,24342,1446,0,0,0,0,0
264,13,20052,1431,0,0,0,0,0
264,13,20008,1440,0,0,0,0,0
264,13,19818,1357,0,0,0,0,0
264,13,20120,1433,0,0,0,0,0
264,13,19449,1388,0,0,0,0,0
264,13,19957,1333,0,0,0,0,0
264,13,19499,1365,0,0,0,0,0
264,13,19626,1358,0,0,0,0,0
264,13,19610,1400,0,0,0,0,0
264,13,19786,1413,0,0,0,0,0
264,13,19434,1411,0,0,0,0,0
264,13,19936,1351,0,0,0,0,0
264,13,20131,1389,0,0,0,0,0
264,13,19702,1395,0,0,0,0,0
264,13,19338,1333,0,0,0,0,0
264,13,19754,1344,0,0,0,0,0
264,13,22849,1361,0,0,0,0,0
264,13,19426,1286,0,0,0,0,0
264,13,19809,1383,0,0,0,0,0
270,13,24451,1432,0,0,0,0,0
270,13,19682,1315,0,0,0,0,0
270,13,19465,1344,0,0,0,0,0
270,13,19071,1322,0,0,0,0,0
270,13,19266,1322,0,0,0,0,0
270,13,19633,1340,0,0,0,0,0
270,13,19260,1311,0,0,0,0,0
270,13,19287,1311,0,0,0,0,0
270,13,19156,1338,0,0,0,0,0
270,13,19050,1323,0,0,0,0,0
270,13,19220,1373,0,0,0,0,0
270,13,19093,1369,0,0,0,0,0
270,13,19074,2116,0,0,0,0,0
270,13,19542,1360,0,0,0,0,0
270,13,19419,1316,0,0,0,0,0
270,13,19187,1321,0,0,0,0,0
270,13,19481,1320,0,0,0,0,0
270,13,22327,1326,0,0,0,0,0
270,13,19354,1327,0,0,0,0,0
270,13,19222,1324,0,0,0,0,0
276,13,24698,1492,0,0,0,0,0
276,13,20062,1321,0,0,0,0,0
276,13,20017,1324,0,0,0,0,0
276,13,19731,1335,0,0,0,0,0
276,13,19528,1334,0,0,0,0,0
276,13,19630,1435,0,0,0,0,0
276,13,19644,1310,0,0,0,0,0
276,13,19968,1339,0,0,0,0,0
276,13,19598,1356,0,0,0,0,0
276,13,20309,1326,0,0,0,0,0
276,13,19645,1326,0,0,0,0,0
276,13,20186,1319,0,0,0,0,0
276,13,19555,1306,0,0,0,0,0
276,13,19946,1343,0,0,0,0,0
276,13,19785,1388,0,0,0,0,0
276,13,19681,1351,0,0,0,0,0
276,13,19690,1299,0,0,0,0,0
276,13,23242,1304,0,0,0,0,0
276,13,19506,1373,0,0,0,0,0
276,13,19461,1346,0,0,0,0,0
282,13,24757,1489,0,0,0,0,0
282,13,20246,1381,0,0,0,0,0
282,13,19649,1383,0,0,0,0,0
282,13,20106,1372,0,0,0,0,0
282,13,20522,1374,0,0,0,0,0
282,13,20239,1396,0,0,0,0,0
282,13,19579,1299,0,0,0,0,0
282,13,19753,1344,0,0,0,0,0
282,13,19926,1337,0,0,0,0,0
282,13,20068,1388,0,0,0,0,0
282,13,19637,1350,0,0,0,0,0
282,13,19647,1364,0,0,0,0,0
282,13,19788,1343,0,0,0,0,0
282,13,19544,1319,0,0,0,0,0
282,13,19395,1327,0,0,0,0,0
282,13,19541,1338,0,0,0,0,0
282,13,19498,1363,0,0,0,0,0
282,13,22780,1395,0,0,0,0,0
282,13,19286,1401,0,0,0,0,0
282,13,19494,1339,0,0,0,0,0
288,13,24255,1471,0,0,0,0,0
288,13,20580,1917,0,0,0,0,0
288,13,20116,1326,0,0,0,0,0
288,13,19989,1322,0,0,0,0,0
288,13,19747,1279,0,0,0,0,0
288,13,19617,1341,0,0,0,0,0
288,13,19961,1284,0,0,0,0,0
288,13,19336,1316,0,0,0,0,0
288,13,19620,1326,0,0,0,0,0
288,13,20167,1340,0,0,0,0,0
288,13,20077,1313,0,0,0,0,0
288,13,20044,1326,0,0,0,0,0
288,13,19415,1216,0,0,0,0,0
288,13,19645,1271,0,0,0,0,0
288,13,19326,1204,0,0,0,0,0
288,13,19604,1261,0,0,0,0,0
288,13,19718,1293,0,0,0,0,0
288,13,22843,1322,0,0,0,0,0
288,13,19597,1321,0,0,0,0,0
288,13,19675,1306,0,0,0,0,0
294,13,25166,1596,0,0,0,0,0
294,13,20378,1463,0,0,0,0,0
294,13,19504,1418,0,0,0,0,0
294,13,19642,1429,0,0,0,0,0
294,13,19836,1378,0,0,0,0,0
294,13,19822,1377,0,0,0,0,0
294,13,20566,1449,0,0,0,0,0
294,13,19357,1365,0,0,0,0,0
294,13,19740,1405,0,0,0,0,0
294,13,20054,1378,0,0,0,0,0
294,13,19593,1394,0,0,0,0,0
294,13,19324,1379,0,0,0,0,0
294,13,19964,1309,0,0,0,0,0
294,13,19474,1363,0,0,0,0,0
294,13,19637,1359,0,0,0,0,0
294,13,19710,1412,0,0,0,0,0
294,13,19652,1457,0,0,0,0,0
294,13,22287,1407,0,0,0,0,0
294,13,19559,1445,0,0,0,0,0
294,13,19734,1387,0,0,0,0,0
300,13,24638,1465,0,0,0,0,0
300,13,20294,1361,0,0,0,0,0
300,13,20581,1361,0,0,0,0,0
300,13,20000,1331,0,0,0,0,0
300,13,19471,1289,0,0,0,0,0
300,13,19908,1331,0,0,0,0,0
300,13,20145,1333,0,0,0,0,0
300,13,19923,1347,0,0,0,0,0
300,13,19518,1346,0,0,0,0,0
300,13,19741,1402,0,0,0,0,0
300,13,19743,1392,0,0,0,0,0
300,13,19421,1336,0,0,0,0,0
300,13,19659,1361,0,0,0,0,0
300,13,19937,1363,0,0,0,0,0
300,13,19747,1335,0,0,0,0,0
300,13,19509,1332,0,0,0,0,0
300,13,19974,1335,0,0,0,0,0
300,13,22858,1353,0,0,0,0,0
300,13,19600,1350,0,0,0,0,0
300,13,19602,1358,0,0,0,0,0
300,1,22393,1530,0,0,0,0,0
300,1,17914,1323,0,0,0,0,0
300,1,17402,1312,0,0,0,0,0
300,1,17199,1307,0,0,0,0,0
300,1,17076,1273,0,0,0,0,0
300,1,16893,1290,0,0,0,0,0
300,1,17324,1329,0,0,0,0,0
300,1,17156,1254,0,0,0,0,0
300,1,16836,1287,0,0,0,0,0
300,1,18701,1281,0,0,0,0,0
300,1,17072,1285,0,0,0,0,0
300,1,17155,1186,0,0,0,0,0
300,1,17033,1262,0,0,0,0,0
300,1,16827,1258,0,0,0,0,0
300,1,16642,1261,0,0,0,0,0
300,1,16984,1167,0,0,0,0,0
300,1,16687,1269,0,0,0,0,0
300,1,18765,1244,0,0,0,0,0
300,1,17175,1266,0,0,0,0,0
300,1,16794,1219,0,0,0,0,0
300,2,21570,1526,0,0,0,0,0
300,2,18116,1315,0,0,0,0,0
300,2,18062,1339,0,0,0,0,0
300,2,18532,1331,0,0,0,0,0
300,2,17703,1336,0,0,0,0,0
300,2,17488,1305,0,0,0,0,0
300,2,17711,1290,0,0,0,0,0
300,2,17428,1322,0,0,0,0,0
300,2,17593,1298,0,0,0,0,0
300,2,17407,1242,0,0,0,0,0
300,2,17281,1276,0,0,0,0,0
300,2,17440,1336,0,0,0,0,0
300,2,17656,1270,0,0,0,0,0
300,2,17121,1311,0,0,0,0,0
300,2,17143,1301,0,0,0,0,0
300,2,17192,1281,0,0,0,0,0
300,2,16983,1269,0,0,0,0,0
300,2,19284,1369,0,0,0,0,0
300,2,16931,1273,0,0,0,0,0
300,2,17128,1310,0,0,0,0,0
300,3,21793,1482,0,0,0,0,0
300,3,18022,1365,0,0,0,0,0
300,3,18282,1361,0,0,0,0,0
300,3,17851,1303,0,0,0,0,0
300,3,17710,1343,0,0,0,0,0
300,3,17764,1357,0,0,0,0,0
300,3,17699,1372,0,0,0,0,0
300,3,17554,1316,0,0,0,0,0
300,3,18025,1346,0,0,0,0,0
300,3,17716,1306,0,0,0,0,0
300,3,17610,1298,0,0,0,0,0
300,3,17072,1332,0,0,0,0,0
300,3,17779,1355,0,0,0,0,0
300,3,17513,1360,0,0,0,0,0
300,3,17334,1337,0,0,0,0,0
300,3,17295,1352,0,0,0,0,0
300,3,17483,1308,0,0,0,0,0
300,3,19067,1316,0,0,0,0,0
300,3,17520,1333,0,0,0,0,0
300,3,17616,1277,0,0,0,0,0
300,4,22892,1510,0,0,0,0,0
300,4,18213,1318,0,0,0,0,0
300,4,17964,1280,0,0,0,0,0
300,4,17388,1322,0,0,0,0,0
300,4,17548,1305,0,0,0,0,0
300,4,17815,1353,0,0,0,0,0
300,4,24579,1344,0,0,0,0,0
300,4,17806,1333,0,0,0,0,0
300,4,17774,1309,0,0,0,0,0
300,4,17691,1298,0,0,0,0,0
300,4,17684,1269,0,0,0,0,0
300,4,17413,1325,0,0,0,0,0
300,4,17358,1314,0,0,0,0,0
300,4,17515,1322,0,0,0,0,0
300,4,17528,1259,0,0,0,0,0
300,4,17103,1345,0,0,0,0,0
300,4,17091,1332,0,0,0,0,0
300,4,19067,1337,0,0,0,0,0
300,4,17616,1238,0,0,0,0,0
300,4,17185,1339,0,0,0,0,0
300,5,23033,1463,0,0,0,0,0
300,5,18533,1350,0,0,0,0,0
300,5,18249,1381,0,0,0,0,0
300,5,18049,1304,0,0,0,0,0
300,5,17634,1363,0,0,0,0,0
300,5,17939,1317,0,0,0,0,0
300,5,17858,1307,0,0,0,0,0
300,5,17935,1262,0,0,0,0,0
300,5,17644,1353,0,0,0,0,0
300,5,17606,1362,0,0,0,0,0
300,5,17751,1278,0,0,0,0,0
300,5,17574,1316,0,0,0,0,0
300,5,17887,1309,0,0,0,0,0
300,5,18066,1338,0,0,0,0,0
300,5,18246,1280,0,0,0,0,0
300,5,17845,1301,0,0,0,0,0
300,5,18128,1275,0,0,0,0,0
300,5,19117,1266,0,0,0,0,0
300,5,17669,1248,0,0,0,0,0
300,5,17967,1289,0,0,0,0,0
300,6,23011,1569,0,0,0,0,0
300,6,18831,1367,0,0,0,0,0
300,6,18124,1453,0,0,0,0,0
300,6,18547,1379,0,0,0,0,0
300,6,18200,1374,0,0,0,0,0
300,6,18227,1366,0,0,0,0,0
300,6,18033,1303,0,0,0,0,0
300,6,23474,1493,0,0,0,0,0
300,6,18573,1306,0,0,0,0,0
300,6,17904,1315,0,0,0,0,0
300,6,18218,1334,0,0,0,0,0
300,6,17436,1368,0,0,0,0,0
300,6,17726,1304,0,0,0,0,0
300,6,17833,1327,0,0,0,0,0
300,6,17965,1323,0,0,0,0,0
300,6,17957,1349,0,0,0,0,0
300,6,17408,1354,0,0,0,0,0
300,6,19394,1400,0,0,0,0,0
300,6,18082,1310,0,0,0,0,0
300,6,17858,1281,0,0,0,0,0
300,7,23201,1452,0,0,0,0,0
300,7,18936,1340,0,0,0,0,0
300,7,18771,1317,0,0,0,0,0
300,7,18293,1304,0,0,0,0,0
300,7,18446,1334,0,0,0,0,0
300,7,18122,1299,0,0,0,0,0
300,7,17911,1340,0,0,0,0,0
300,7,18087,1300,0,0,0,0,0
300,7,17971,1313,0,0,0,0,0
300,7,17909,1315,0,0,0,0,0
300,7,17802,1278,0,0,0,0,0
300,7,18250,1314,0,0,0,0,0
300,7,18372,1301,0,0,0,0,0
300,7,18244,1286,0,0,0,0,0
300,7,23327,1409,0,0,0,0,0
300,7,18478,1323,0,0,0,0,0
300,7,18228,1278,0,0,0,0,0
300,7,19582,1308,0,0,0,0,0
300,7,18201,1311,0,0,0,0,0
300,7,17849,1379,0,0,0,0,0
300,8,23388,1520,0,0,0,0,0
300,8,18666,1342,0,0,0,0,0
300,8,18791,1339,0,0,0,0,0
300,8,18611,1394,0,0,0,0,0
300,8,18379,1241,0,0,0,0,0
300,8,18035,1308,0,0,0,0,0
300,8,18430,1258,0,0,0,0,0
300,8,18122,1294,0,0,0,0,0
300,8,18228,1294,0,0,0,0,0
300,8,18421,1389,0,0,0,0,0
300,8,18503,1274,0,0,0,0,0
300,8,18023,1344,0,0,0,0,0
300,8,18660,1297,0,0,0,0,0
300,8,18422,1328,0,0,0,0,0
300,8,18034,1321,0,0,0,0,0
300,8,18613,1336,0,0,0,0,0
300,8,18346,1322,0,0,0,0,0
300,8,20054,1319,0,0,0,0,0
300,8,18442,1322,0,0,0,0,0
300,8,18403,1341,0,0,0,0,0
300,9,23227,1480,0,0,0,0,0
300,9,19414,1384,0,0,0,0,0
300,9,18564,1427,0,0,0,0,0
300,9,18921,1355,0,0,0,0,0
300,9,18722,1347,0,0,0,0,0
300,9,18605,1327,0,0,0,0,0
300,9,18450,1398,0,0,0,0,0
300,9,18886,1373,0,0,0,0,0
300,9,18435,1335,0,0,0,0,0
300,9,18634,1418,0,0,0,0,0
300,9,18348,1346,0,0,0,0,0
300,9,18279,1369,0,0,0,0,0
300,9,18757,1332,0,0,0,0,0
300,9,18822,1323,0,0,0,0,0
300,9,18193,1381,0,0,0,0,0
300,9,18462,1321,0,0,0,0,0
300,9,18871,1386,0,0,0,0,0
300,9,20431,1299,0,0,0,0,0
300,9,18289,1336,0,0,0,0,0
300,9,18512,1343,0,0,0,0,0
300,10,22964,1511,0,0,0,0,0
300,10,18444,1403,0,0,0,0,0
300,10,18333,1329,0,0,0,0,0
300,10,17874,1379,0,0,0,0,0
300,10,18580,1320,0,0,0,0,0
300,10,18295,1319,0,0,0,0,0
300,10,18452,1329,0,0,0,0,0
300,10,18776,1378,0,0,0,0,0
300,10,17906,1362,0,0,0,0,0
300,10,19947,1421,0,0,0,0,0
300,10,18464,1322,0,0,0,0,0
300,10,18523,1363,0,0,0,0,0
300,10,18381,1389,0,0,0,0,0
300,10,18127,1401,0,0,0,0,0
300,10,18163,1349,0,0,0,0,0
300,10,18033,1354,0,0,0,0,0
300,10,18142,1318,0,0,0,0,0
300,10,19996,1327,0,0,0,0,0
300,10,18227,1360,0,0,0,0,0
300,10,17971,1419,0,0,0,0,0
300,11,24054,1483,0,0,0,0,0
300,11,20266,1322,0,0,0,0,0
300,11,20143,1362,0,0,0,0,0
300,11,19578,1268,0,0,0,0,0
300,11,19709,1417,0,0,0,0,0
300,11,18966,1383,0,0,0,0,0
300,11,19493,1408,0,0,0,0,0
300,11,19566,1388,0,0,0,0,0
300,11,19938,1340,0,0,0,0,0
300,11,21143,1346,0,0,0,0,0
300,11,24967,1354,0,0,0,0,0
300,11,19537,1326,0,0,0,0,0
300,11,19438,1334,0,0,0,0,0
300,11,19140,1315,0,0,0,0,0
300,11,19365,1386,0,0,0,0,0
300,11,19197,1337,0,0,0,0,0
300,11,19200,1312,0,0,0,0,0
300,11,21127,1341,0,0,0,0,0
300,11,19204,1330,0,0,0,0,0
300,11,19678,1341,0,0,0,0,0
300,12,24300,1514,0,0,0,0,0
300,12,19722,1392,0,0,0,0,0
300,12,19325,1380,0,0,0,0,0
300,12,19468,1340,0,0,0,0,0
300,12,19332,1416,0,0,0,0,0
300,12,19242,1354,0,0,0,0,0
300,12,19363,1388,0,0,0,0,0
300,12,19666,1361,0,0,0,0,0
300,12,19518,1368,0,0,0,0,0
300,12,21778,1373,0,0,0,0,0
300,12,19086,1417,0,0,0,0,0
300,12,19472,1403,0,0,0,0,0
300,12,19740,1386,0,0,0,0,0
300,12,19432,1345,0,0,0,0,0
300,12,19301,1354,0,0,0,0,0
300,12,18903,1361,0,0,0,0,0
300,12,19213,1338,0,0,0,0,0
300,12,22495,1384,0,0,0,0,0
300,12,19253,1329,0,0,0,0,0
300,12,19501,1342,0,0,0,0,0
300,13,24696,1498,0,0,0,0,0
300,13,20455,1359,0,0,0,0,0
300,13,19890,1390,0,0,0,0,0
300,13,19774,1323,0,0,0,0,0
300,13,19775,1349,0,0,0,0,0
300,13,19590,1380,0,0,0,0,0
300,13,19303,1401,0,0,0,0,0
300,13,19183,1384,0,0,0,0,0
300,13,19425,1363,0,0,0,0,0
300,13,20008,1345,0,0,0,0,0
300,13,19700,1407,0,0,0,0,0
300,13,20329,1350,0,0,0,0,0
300,13,19509,1338,0,0,0,0,0
300,13,19626,1356,0,0,0,0,0
300,13,19763,1322,0,0,0,0,0
300,13,19369,1326,0,0,0,0,0
300,13,19354,1329,0,0,0,0,0
300,13,22716,1336,0,0,0,0,0
300,13,19539,1394,0,0,0,0,0
300,13,19477,1373,0,0,0,0,0

Raw Storage Info
========
Storage: Elections Members (r:1 w:0)
Storage: Tips Reasons (r:1 w:1)
Storage: Tips Tips (r:0 w:1)

Median Slopes Analysis
========
-- Extrinsic Time --

Model:
Time ~=    16.23
    + r    0.002
    + t    0.209
              µs

Reads = 2 + (0 * r) + (0 * t)
Writes = 2 + (0 * r) + (0 * t)

Min Squares Analysis
========
-- Extrinsic Time --

Data points distribution:
    r     t   mean µs  sigma µs       %
    0    13     19.09     0.177    0.9%
    6    13      18.5     0.146    0.7%
   12    13     18.97     0.117    0.6%
   18    13     19.07     0.157    0.8%
   24    13     18.87     0.136    0.7%
   30    13     19.11     0.118    0.6%
   36    13     19.08     0.103    0.5%
   42    13     19.18     0.093    0.4%
   48    13     18.78     0.122    0.6%
   54    13     19.27     0.083    0.4%
   60    13     19.31     0.098    0.5%
   66    13     19.16     0.056    0.2%
   72    13     18.65     0.095    0.5%
   78    13     19.24     0.077    0.4%
   84    13     19.01     0.112    0.5%
   90    13     19.02     0.194    1.0%
   96    13     19.26     0.159    0.8%
  102    13      19.3       0.1    0.5%
  108    13      19.3     0.136    0.7%
  114    13      19.4     0.138    0.7%
  120    13     19.22     0.187    0.9%
  126    13     19.37     0.137    0.7%
  132    13     19.34     0.207    1.0%
  138    13     19.55     0.085    0.4%
  144    13     19.36     0.174    0.8%
  150    13     19.59     0.088    0.4%
  156    13     19.52     0.162    0.8%
  162    13     19.06     0.081    0.4%
  168    13     19.49     0.183    0.9%
  174    13     19.57     0.094    0.4%
  180    13     19.41     0.064    0.3%
  186    13     19.52     0.143    0.7%
  192    13     19.54     0.156    0.7%
  198    13     19.63     0.142    0.7%
  204    13     19.32     0.106    0.5%
  210    13     19.58     0.164    0.8%
  216    13     19.34     0.121    0.6%
  222    13     19.51     0.124    0.6%
  228    13     19.43     0.189    0.9%
  234    13     19.47     0.213    1.0%
  240    13     19.67     0.213    1.0%
  246    13     19.64     0.117    0.5%
  252    13     19.73     0.084    0.4%
  258    13     19.31     0.156    0.8%
  264    13      19.8     0.128    0.6%
  270    13     19.31     0.101    0.5%
  276    13     19.77      0.14    0.7%
  282    13     19.76      0.19    0.9%
  288    13      19.8     0.176    0.8%
  294    13     19.73     0.107    0.5%
  300     1      17.1     0.115    0.6%
  300     2     17.48     0.166    0.9%
  300     3     17.68     0.099    0.5%
  300     4     17.63      0.13    0.7%
  300     5     17.94     0.108    0.6%
  300     6     18.12     0.177    0.9%
  300     7     18.27     0.121    0.6%
  300     8     18.45     0.086    0.4%
  300     9     18.63      0.14    0.7%
  300    10     18.34     0.126    0.6%
  300    11     19.64     0.224    1.1%
  300    12     19.43     0.106    0.5%
  300    13     19.75     0.144    0.7%

Quality and confidence:
param     error
r             0
t         0.003

Model:
Time ~=    16.07
    + r    0.003
    + t    0.222
              µs

Reads = 2 + (0 * r) + (0 * t)
Writes = 2 + (0 * r) + (0 * t)

Pallet: "pallet_tips", Extrinsic: "tip", Lowest values: [], Highest values: [], Steps: 50, Repeat: 20
t,extrinsic_time_ns,storage_root_time_ns,reads,repeat_reads,writes,repeat_writes,proof_size_bytes
1,13639,1420,0,0,0,0,0
1,11427,1199,0,0,0,0,0
1,11233,1180,0,0,0,0,0
1,11178,1225,0,0,0,0,0
1,11096,1184,0,0,0,0,0
1,10800,1200,0,0,0,0,0
1,10847,1245,0,0,0,0,0
1,10841,1225,0,0,0,0,0
1,10933,1215,0,0,0,0,0
1,11031,1232,0,0,0,0,0
1,11030,1244,0,0,0,0,0
1,10955,1254,0,0,0,0,0
1,10870,1215,0,0,0,0,0
1,11110,1236,0,0,0,0,0
1,10917,1152,0,0,0,0,0
1,10763,1164,0,0,0,0,0
1,10838,1164,0,0,0,0,0
1,10876,1198,0,0,0,0,0
1,10976,1198,0,0,0,0,0
1,10749,1262,0,0,0,0,0
2,13782,1426,0,0,0,0,0
2,11638,1256,0,0,0,0,0
2,11582,1328,0,0,0,0,0
2,11343,1283,0,0,0,0,0
2,11288,1248,0,0,0,0,0
2,11401,1287,0,0,0,0,0
2,11523,1252,0,0,0,0,0
2,11359,1281,0,0,0,0,0
2,11283,1310,0,0,0,0,0
2,11495,1272,0,0,0,0,0
2,11148,1214,0,0,0,0,0
2,11305,1274,0,0,0,0,0
2,11379,1239,0,0,0,0,0
2,11165,1300,0,0,0,0,0
2,11423,1270,0,0,0,0,0
2,11409,1236,0,0,0,0,0
2,11353,1283,0,0,0,0,0
2,11971,1382,0,0,0,0,0
2,11247,1267,0,0,0,0,0
2,11312,1243,0,0,0,0,0
3,14693,1418,0,0,0,0,0
3,12162,1306,0,0,0,0,0
3,12342,1235,0,0,0,0,0
3,12107,1243,0,0,0,0,0
3,12206,1306,0,0,0,0,0
3,11919,1237,0,0,0,0,0
3,11941,1231,0,0,0,0,0
3,11871,1301,0,0,0,0,0
3,11864,1267,0,0,0,0,0
3,12086,1280,0,0,0,0,0
3,12088,1293,0,0,0,0,0
3,12131,1253,0,0,0,0,0
3,12136,1232,0,0,0,0,0
3,12232,1208,0,0,0,0,0
3,11948,1230,0,0,0,0,0
3,11838,1240,0,0,0,0,0
3,11931,1261,0,0,0,0,0
3,12039,1242,0,0,0,0,0
3,12026,1245,0,0,0,0,0
3,11939,1271,0,0,0,0,0
4,14708,1427,0,0,0,0,0
4,12740,1301,0,0,0,0,0
4,12438,1321,0,0,0,0,0
4,12667,1261,0,0,0,0,0
4,12334,1283,0,0,0,0,0
4,12608,1325,0,0,0,0,0
4,12239,1248,0,0,0,0,0
4,12541,1297,0,0,0,0,0
4,12458,1258,0,0,0,0,0
4,12392,1264,0,0,0,0,0
4,12437,1310,0,0,0,0,0
4,12679,1232,0,0,0,0,0
4,12359,1313,0,0,0,0,0
4,12561,1247,0,0,0,0,0
4,12401,1305,0,0,0,0,0
4,12433,1272,0,0,0,0,0
4,12320,1318,0,0,0,0,0
4,12571,1211,0,0,0,0,0
4,12199,1298,0,0,0,0,0
4,12328,1289,0,0,0,0,0
5,15336,1442,0,0,0,0,0
5,12834,1263,0,0,0,0,0
5,12788,1266,0,0,0,0,0
5,12612,1257,0,0,0,0,0
5,12734,1267,0,0,0,0,0
5,12774,1215,0,0,0,0,0
5,12735,1226,0,0,0,0,0
5,12832,1224,0,0,0,0,0
5,12827,1244,0,0,0,0,0
5,12529,1280,0,0,0,0,0
5,12384,1289,0,0,0,0,0
5,12458,1205,0,0,0,0,0
5,12817,1238,0,0,0,0,0
5,13184,1282,0,0,0,0,0
5,12401,1261,0,0,0,0,0
5,12769,1232,0,0,0,0,0
5,12820,1235,0,0,0,0,0
5,12707,1333,0,0,0,0,0
5,12554,1304,0,0,0,0,0
5,12835,1257,0,0,0,0,0
6,15424,1452,0,0,0,0,0
6,13352,1317,0,0,0,0,0
6,13156,1347,0,0,0,0,0
6,13109,1249,0,0,0,0,0
6,13224,1287,0,0,0,0,0
6,13026,1266,0,0,0,0,0
6,13253,1278,0,0,0,0,0
6,13343,1204,0,0,0,0,0
6,13030,1268,0,0,0,0,0
6,13137,1256,0,0,0,0,0
6,13035,1243,0,0,0,0,0
6,13284,1255,0,0,0,0,0
6,17921,1300,0,0,0,0,0
6,13111,1312,0,0,0,0,0
6,13320,1243,0,0,0,0,0
6,13169,1257,0,0,0,0,0
6,13230,1249,0,0,0,0,0
6,13288,1235,0,0,0,0,0
6,13123,1216,0,0,0,0,0
6,13176,1248,0,0,0,0,0
7,15551,1396,0,0,0,0,0
7,13672,1225,0,0,0,0,0
7,13263,1216,0,0,0,0,0
7,13446,1285,0,0,0,0,0
7,13308,1228,0,0,0,0,0
7,13271,1271,0,0,0,0,0
7,13423,1258,0,0,0,0,0
7,13666,1278,0,0,0,0,0
7,13630,1372,0,0,0,0,0
7,13432,1319,0,0,0,0,0
7,13818,1269,0,0,0,0,0
7,13699,1338,0,0,0,0,0
7,13868,1282,0,0,0,0,0
7,13791,1275,0,0,0,0,0
7,13667,1310,0,0,0,0,0
7,13450,1281,0,0,0,0,0
7,13608,1233,0,0,0,0,0
7,13647,1291,0,0,0,0,0
7,13787,1305,0,0,0,0,0
7,13431,1230,0,0,0,0,0
8,16114,1510,0,0,0,0,0
8,13884,1344,0,0,0,0,0
8,13770,1270,0,0,0,0,0
8,13773,1303,0,0,0,0,0
8,13904,1298,0,0,0,0,0
8,13740,1276,0,0,0,0,0
8,13766,1299,0,0,0,0,0
8,13753,1307,0,0,0,0,0
8,13658,1302,0,0,0,0,0
8,13879,1272,0,0,0,0,0
8,13878,1306,0,0,0,0,0
8,13617,1322,0,0,0,0,0
8,13575,1308,0,0,0,0,0
8,13634,1329,0,0,0,0,0
8,13654,1304,0,0,0,0,0
8,13561,1302,0,0,0,0,0
8,13919,1313,0,0,0,0,0
8,13580,1225,0,0,0,0,0
8,13632,1328,0,0,0,0,0
8,13560,1313,0,0,0,0,0
9,17262,1421,0,0,0,0,0
9,14705,1276,0,0,0,0,0
9,14577,1269,0,0,0,0,0
9,14725,1237,0,0,0,0,0
9,14594,1275,0,0,0,0,0
9,14645,1289,0,0,0,0,0
9,14523,1311,0,0,0,0,0
9,14505,1273,0,0,0,0,0
9,15100,1392,0,0,0,0,0
9,14537,1266,0,0,0,0,0
9,14564,1262,0,0,0,0,0
9,14645,1332,0,0,0,0,0
9,14532,1256,0,0,0,0,0
9,14442,1282,0,0,0,0,0
9,14359,1293,0,0,0,0,0
9,14413,1264,0,0,0,0,0
9,14320,1331,0,0,0,0,0
9,14395,1243,0,0,0,0,0
9,14271,1263,0,0,0,0,0
9,13969,1239,0,0,0,0,0
10,17156,1448,0,0,0,0,0
10,15069,1266,0,0,0,0,0
10,14981,1236,0,0,0,0,0
10,14798,1241,0,0,0,0,0
10,14811,1269,0,0,0,0,0
10,14776,1246,0,0,0,0,0
10,14831,1253,0,0,0,0,0
10,14941,1240,0,0,0,0,0
10,14837,1354,0,0,0,0,0
10,14962,1280,0,0,0,0,0
10,14881,1273,0,0,0,0,0
10,14534,1249,0,0,0,0,0
10,15173,1371,0,0,0,0,0
10,14911,1227,0,0,0,0,0
10,14704,1272,0,0,0,0,0
10,19539,1311,0,0,0,0,0
10,15062,1306,0,0,0,0,0
10,14833,1241,0,0,0,0,0
10,14869,1286,0,0,0,0,0
10,14969,1203,0,0,0,0,0
11,18921,1426,0,0,0,0,0
11,16783,1391,0,0,0,0,0
11,16628,1258,0,0,0,0,0
11,16730,1316,0,0,0,0,0
11,16423,1250,0,0,0,0,0
11,16606,1385,0,0,0,0,0
11,16818,1303,0,0,0,0,0
11,16679,1307,0,0,0,0,0
11,16737,1303,0,0,0,0,0
11,16502,1346,0,0,0,0,0
11,16315,1295,0,0,0,0,0
11,15701,1251,0,0,0,0,0
11,16048,1265,0,0,0,0,0
11,16181,1291,0,0,0,0,0
11,16292,1254,0,0,0,0,0
11,16243,1244,0,0,0,0,0
11,16199,1270,0,0,0,0,0
11,16488,1319,0,0,0,0,0
11,16305,1258,0,0,0,0,0
11,16527,1305,0,0,0,0,0
12,18848,1412,0,0,0,0,0
12,16752,1259,0,0,0,0,0
12,16748,1298,0,0,0,0,0
12,16338,1240,0,0,0,0,0
12,16662,1323,0,0,0,0,0
12,16899,1293,0,0,0,0,0
12,16539,1266,0,0,0,0,0
12,16832,1253,0,0,0,0,0
12,16517,1252,0,0,0,0,0
12,16403,1313,0,0,0,0,0
12,16922,1326,0,0,0,0,0
12,16602,1268,0,0,0,0,0
12,16357,1237,0,0,0,0,0
12,16509,1278,0,0,0,0,0
12,16372,1275,0,0,0,0,0
12,16393,1217,0,0,0,0,0
12,16708,1297,0,0,0,0,0
12,16492,1269,0,0,0,0,0
12,16678,1236,0,0,0,0,0
12,16589,1284,0,0,0,0,0
13,19939,1459,0,0,0,0,0
13,17460,1339,0,0,0,0,0
13,17420,1353,0,0,0,0,0
13,17049,1328,0,0,0,0,0
13,17099,1238,0,0,0,0,0
13,16916,1327,0,0,0,0,0
13,16709,1308,0,0,0,0,0
13,16807,1273,0,0,0,0,0
13,16704,1283,0,0,0,0,0
13,16809,1330,0,0,0,0,0
13,16790,1266,0,0,0,0,0
13,16907,1230,0,0,0,0,0
13,17011,1326,0,0,0,0,0
13,17145,1268,0,0,0,0,0
13,16959,1261,0,0,0,0,0
13,16768,1251,0,0,0,0,0
13,16978,1224,0,0,0,0,0
13,16843,1275,0,0,0,0,0
13,17009,1231,0,0,0,0,0
13,17306,1228,0,0,0,0,0

Raw Storage Info
========
Storage: Elections Members (r:1 w:0)
Storage: Tips Tips (r:1 w:1)

Median Slopes Analysis
========
-- Extrinsic Time --

Model:
Time ~=     10.4
    + t    0.485
              µs

Reads = 2 + (0 * t)
Writes = 1 + (0 * t)

Min Squares Analysis
========
-- Extrinsic Time --

Data points distribution:
    t   mean µs  sigma µs       %
    1     10.95     0.076    0.6%
    2     11.37     0.053    0.4%
    3     12.04     0.074    0.6%
    4     12.45      0.07    0.5%
    5     12.75     0.061    0.4%
    6      13.2     0.056    0.4%
    7     13.59       0.1    0.7%
    8     13.72     0.075    0.5%
    9     14.53     0.065    0.4%
   10      14.9     0.056    0.3%
   11     16.47     0.132    0.8%
   12      16.6     0.086    0.5%
   13     16.95     0.085    0.5%

Quality and confidence:
param     error
t         0.007

Model:
Time ~=     10.3
    + t    0.502
              µs

Reads = 2 + (0 * t)
Writes = 1 + (0 * t)

Pallet: "pallet_tips", Extrinsic: "close_tip", Lowest values: [], Highest values: [], Steps: 50, Repeat: 20
t,extrinsic_time_ns,storage_root_time_ns,reads,repeat_reads,writes,repeat_writes,proof_size_bytes
1,43863,1529,0,0,0,0,0
1,40026,1456,0,0,0,0,0
1,39816,1442,0,0,0,0,0
1,39694,1466,0,0,0,0,0
1,39759,1440,0,0,0,0,0
1,39625,1400,0,0,0,0,0
1,39748,1473,0,0,0,0,0
1,40664,1454,0,0,0,0,0
1,40432,1414,0,0,0,0,0
1,42383,1519,0,0,0,0,0
1,40592,1454,0,0,0,0,0
1,40550,1453,0,0,0,0,0
1,40667,1432,0,0,0,0,0
1,40327,1527,0,0,0,0,0
1,40474,1469,0,0,0,0,0
1,40531,1478,0,0,0,0,0
1,40852,1440,0,0,0,0,0
1,46467,1503,0,0,0,0,0
1,40548,1471,0,0,0,0,0
1,40632,1449,0,0,0,0,0
2,44102,1468,0,0,0,0,0
2,40268,1409,0,0,0,0,0
2,39859,1408,0,0,0,0,0
2,39756,1423,0,0,0,0,0
2,39718,1394,0,0,0,0,0
2,39581,1399,0,0,0,0,0
2,39664,1427,0,0,0,0,0
2,39265,1406,0,0,0,0,0
2,39986,1409,0,0,0,0,0
2,41958,1419,0,0,0,0,0
2,39913,1401,0,0,0,0,0
2,39900,1389,0,0,0,0,0
2,39047,1440,0,0,0,0,0
2,39527,1469,0,0,0,0,0
2,39923,1450,0,0,0,0,0
2,39989,1398,0,0,0,0,0
2,39795,1316,0,0,0,0,0
2,41916,1360,0,0,0,0,0
2,39907,1394,0,0,0,0,0
2,40135,1452,0,0,0,0,0
3,44810,1626,0,0,0,0,0
3,41701,1554,0,0,0,0,0
3,41690,1475,0,0,0,0,0
3,41411,1471,0,0,0,0,0
3,41568,1496,0,0,0,0,0
3,41933,1477,0,0,0,0,0
3,41728,1476,0,0,0,0,0
3,42171,1550,0,0,0,0,0
3,41376,1462,0,0,0,0,0
3,43200,1487,0,0,0,0,0
3,41747,1465,0,0,0,0,0
3,41358,1466,0,0,0,0,0
3,41541,1497,0,0,0,0,0
3,41320,1453,0,0,0,0,0
3,40600,1434,0,0,0,0,0
3,40398,1423,0,0,0,0,0
3,40842,1486,0,0,0,0,0
3,42608,1484,0,0,0,0,0
3,41226,1457,0,0,0,0,0
3,40512,1451,0,0,0,0,0
4,45871,1575,0,0,0,0,0
4,42360,1522,0,0,0,0,0
4,43807,1494,0,0,0,0,0
4,41906,1424,0,0,0,0,0
4,42121,1517,0,0,0,0,0
4,41896,1421,0,0,0,0,0
4,41934,1399,0,0,0,0,0
4,42172,1444,0,0,0,0,0
4,41433,1458,0,0,0,0,0
4,41926,1468,0,0,0,0,0
4,41947,1459,0,0,0,0,0
4,41864,1455,0,0,0,0,0
4,41630,1471,0,0,0,0,0
4,41878,1418,0,0,0,0,0
4,42006,1444,0,0,0,0,0
4,41536,1460,0,0,0,0,0
4,42001,1476,0,0,0,0,0
4,42060,1535,0,0,0,0,0
4,41856,1521,0,0,0,0,0
4,41677,1447,0,0,0,0,0
5,46263,1532,0,0,0,0,0
5,42768,1486,0,0,0,0,0
5,44546,1490,0,0,0,0,0
5,42011,1452,0,0,0,0,0
5,42752,1475,0,0,0,0,0
5,42478,1416,0,0,0,0,0
5,42032,1489,0,0,0,0,0
5,42314,1509,0,0,0,0,0
5,42180,1455,0,0,0,0,0
5,41446,1410,0,0,0,0,0
5,41699,1420,0,0,0,0,0
5,41243,1417,0,0,0,0,0
5,41743,1394,0,0,0,0,0
5,41259,1437,0,0,0,0,0
5,41578,1422,0,0,0,0,0
5,40989,1372,0,0,0,0,0
5,41716,1447,0,0,0,0,0
5,41404,1521,0,0,0,0,0
5,41583,1425,0,0,0,0,0
5,41798,1448,0,0,0,0,0
6,45786,1547,0,0,0,0,0
6,41991,1502,0,0,0,0,0
6,43694,1449,0,0,0,0,0
6,41626,1409,0,0,0,0,0
6,41821,1453,0,0,0,0,0
6,41770,1445,0,0,0,0,0
6,41420,1435,0,0,0,0,0
6,41969,1417,0,0,0,0,0
6,41654,1489,0,0,0,0,0
6,41586,1496,0,0,0,0,0
6,41308,1463,0,0,0,0,0
6,41756,1462,0,0,0,0,0
6,41801,1488,0,0,0,0,0
6,41392,1461,0,0,0,0,0
6,41687,1499,0,0,0,0,0
6,41569,1481,0,0,0,0,0
6,41564,1487,0,0,0,0,0
6,41779,1440,0,0,0,0,0
6,41970,1499,0,0,0,0,0
6,41253,1466,0,0,0,0,0
7,45354,1546,0,0,0,0,0
7,41969,1453,0,0,0,0,0
7,41696,1464,0,0,0,0,0
7,42125,1425,0,0,0,0,0
7,41667,1494,0,0,0,0,0
7,41664,1460,0,0,0,0,0
7,41484,1482,0,0,0,0,0
7,41736,1436,0,0,0,0,0
7,42200,1443,0,0,0,0,0
7,44535,1489,0,0,0,0,0
7,41975,1399,0,0,0,0,0
7,41901,1478,0,0,0,0,0
7,41795,1505,0,0,0,0,0
7,41992,1413,0,0,0,0,0
7,42068,1423,0,0,0,0,0
7,41743,1457,0,0,0,0,0
7,41851,1453,0,0,0,0,0
7,44054,1473,0,0,0,0,0
7,41786,1434,0,0,0,0,0
7,41313,1512,0,0,0,0,0
8,46620,1544,0,0,0,0,0
8,43214,1492,0,0,0,0,0
8,42030,13968,0,0,0,0,0
8,42398,1443,0,0,0,0,0
8,41609,1385,0,0,0,0,0
8,41693,1445,0,0,0,0,0
8,42433,1497,0,0,0,0,0
8,42034,1444,0,0,0,0,0
8,42116,1368,0,0,0,0,0
8,43930,1473,0,0,0,0,0
8,42147,1405,0,0,0,0,0
8,42707,1452,0,0,0,0,0
8,42401,1442,0,0,0,0,0
8,41929,1433,0,0,0,0,0
8,42299,1448,0,0,0,0,0
8,41615,1489,0,0,0,0,0
8,42112,1458,0,0,0,0,0
8,43981,1468,0,0,0,0,0
8,41987,1407,0,0,0,0,0
8,41937,1435,0,0,0,0,0
9,46830,1588,0,0,0,0,0
9,43282,1463,0,0,0,0,0
9,43433,1462,0,0,0,0,0
9,43144,1499,0,0,0,0,0
9,43315,1402,0,0,0,0,0
9,42813,1451,0,0,0,0,0
9,43302,1399,0,0,0,0,0
9,42670,1441,0,0,0,0,0
9,42207,1435,0,0,0,0,0
9,44358,1437,0,0,0,0,0
9,42071,1427,0,0,0,0,0
9,42361,1386,0,0,0,0,0
9,42079,1369,0,0,0,0,0
9,42094,1393,0,0,0,0,0
9,41918,1468,0,0,0,0,0
9,42246,1415,0,0,0,0,0
9,42005,1393,0,0,0,0,0
9,44265,1474,0,0,0,0,0
9,42761,1446,0,0,0,0,0
9,55706,1402,0,0,0,0,0
10,46030,1528,0,0,0,0,0
10,42617,1585,0,0,0,0,0
10,58441,1502,0,0,0,0,0
10,43671,1508,0,0,0,0,0
10,42883,1507,0,0,0,0,0
10,42982,1440,0,0,0,0,0
10,42938,1468,0,0,0,0,0
10,42865,1551,0,0,0,0,0
10,45163,1608,0,0,0,0,0
10,43663,1558,0,0,0,0,0
10,43669,1540,0,0,0,0,0
10,43773,1531,0,0,0,0,0
10,43799,1518,0,0,0,0,0
10,43633,1524,0,0,0,0,0
10,43882,1548,0,0,0,0,0
10,43837,1595,0,0,0,0,0
10,43642,1530,0,0,0,0,0
10,45558,1547,0,0,0,0,0
10,43469,1515,0,0,0,0,0
10,43999,1547,0,0,0,0,0
11,49027,1634,0,0,0,0,0
11,45352,1516,0,0,0,0,0
11,45469,1450,0,0,0,0,0
11,44238,1465,0,0,0,0,0
11,44473,1487,0,0,0,0,0
11,43875,1443,0,0,0,0,0
11,43723,1491,0,0,0,0,0
11,43498,1476,0,0,0,0,0
11,43149,1474,0,0,0,0,0
11,43399,1442,0,0,0,0,0
11,43175,1425,0,0,0,0,0
11,43930,1449,0,0,0,0,0
11,43572,1431,0,0,0,0,0
11,44379,1497,0,0,0,0,0
11,43982,1414,0,0,0,0,0
11,71901,1468,0,0,0,0,0
11,43817,1488,0,0,0,0,0
11,45774,1427,0,0,0,0,0
11,43459,1436,0,0,0,0,0
11,43728,1454,0,0,0,0,0
12,48208,1522,0,0,0,0,0
12,46960,1448,0,0,0,0,0
12,44635,1391,0,0,0,0,0
12,44779,1380,0,0,0,0,0
12,45118,1475,0,0,0,0,0
12,44857,1451,0,0,0,0,0
12,44483,1500,0,0,0,0,0
12,45077,1465,0,0,0,0,0
12,44527,1470,0,0,0,0,0
12,44682,1448,0,0,0,0,0
12,44911,1491,0,0,0,0,0
12,44879,1473,0,0,0,0,0
12,44351,1438,0,0,0,0,0
12,44814,1408,0,0,0,0,0
12,44683,1490,0,0,0,0,0
12,44290,1481,0,0,0,0,0
12,44260,1464,0,0,0,0,0
12,43787,1420,0,0,0,0,0
12,44476,1516,0,0,0,0,0
12,49841,1681,0,0,0,0,0
13,48918,1668,0,0,0,0,0
13,47031,1465,0,0,0,0,0
13,58138,1452,0,0,0,0,0
13,44473,1338,0,0,0,0,0
13,44329,1502,0,0,0,0,0
13,43878,1429,0,0,0,0,0
13,44667,1491,0,0,0,0,0
13,43853,1443,0,0,0,0,0
13,44248,1492,0,0,0,0,0
13,44747,1488,0,0,0,0,0
13,44303,1421,0,0,0,0,0
13,44160,1435,0,0,0,0,0
13,44502,1486,0,0,0,0,0
13,44115,1505,0,0,0,0,0
13,43716,1469,0,0,0,0,0
13,44527,1447,0,0,0,0,0
13,45417,1479,0,0,0,0,0
13,45397,1488,0,0,0,0,0
13,45169,1543,0,0,0,0,0
13,46012,1499,0,0,0,0,0

Raw Storage Info
========
Storage: Tips Tips (r:1 w:1)
Storage: Elections Members (r:1 w:0)
Storage: System Account (r:1 w:1)
Storage: Tips Reasons (r:0 w:1)

Median Slopes Analysis
========
-- Extrinsic Time --

Model:
Time ~=    39.87
    + t    0.368
              µs

Reads = 3 + (0 * t)
Writes = 3 + (0 * t)

Min Squares Analysis
========
-- Extrinsic Time --

Data points distribution:
    t   mean µs  sigma µs       %
    1     40.47     0.177    0.4%
    2     39.87     0.087    0.2%
    3     41.54     0.158    0.3%
    4     41.94     0.059    0.1%
    5     41.86     0.241    0.5%
    6      41.7     0.087    0.2%
    7     41.88      0.11    0.2%
    8     42.19     0.162    0.3%
    9     42.81     0.416    0.9%
   10      43.7     0.114    0.2%
   11     43.97     0.283    0.6%
   12     44.72      0.14    0.3%
   13     44.63     0.358    0.8%

Quality and confidence:
param     error
t         0.011

Model:
Time ~=    39.84
    + t    0.366
              µs

Reads = 3 + (0 * t)
Writes = 3 + (0 * t)

Pallet: "pallet_tips", Extrinsic: "slash_tip", Lowest values: [], Highest values: [], Steps: 50, Repeat: 20
t,extrinsic_time_ns,storage_root_time_ns,reads,repeat_reads,writes,repeat_writes,proof_size_bytes
1,16832,1576,0,0,0,0,0
1,14771,1467,0,0,0,0,0
1,14478,1441,0,0,0,0,0
1,14466,1446,0,0,0,0,0
1,14546,1451,0,0,0,0,0
1,14330,1444,0,0,0,0,0
1,14440,1460,0,0,0,0,0
1,14368,1421,0,0,0,0,0
1,14470,1456,0,0,0,0,0
1,16666,1424,0,0,0,0,0
1,14210,1411,0,0,0,0,0
1,14155,1390,0,0,0,0,0
1,14200,1362,0,0,0,0,0
1,14168,1430,0,0,0,0,0
1,14111,1376,0,0,0,0,0
1,14413,1439,0,0,0,0,0
1,14283,1357,0,0,0,0,0
1,16373,1426,0,0,0,0,0
1,14150,1393,0,0,0,0,0
1,14373,1398,0,0,0,0,0
2,16167,1497,0,0,0,0,0
2,14489,1405,0,0,0,0,0
2,14342,1426,0,0,0,0,0
2,14012,1436,0,0,0,0,0
2,14085,1375,0,0,0,0,0
2,19491,1357,0,0,0,0,0
2,14174,1417,0,0,0,0,0
2,14157,1334,0,0,0,0,0
2,14111,1346,0,0,0,0,0
2,16413,1341,0,0,0,0,0
2,14158,1274,0,0,0,0,0
2,14079,1349,0,0,0,0,0
2,14272,1312,0,0,0,0,0
2,14053,1358,0,0,0,0,0
2,14114,1404,0,0,0,0,0
2,14257,1407,0,0,0,0,0
2,14516,1384,0,0,0,0,0
2,15926,1369,0,0,0,0,0
2,14017,1323,0,0,0,0,0
2,14443,1370,0,0,0,0,0
3,16052,1523,0,0,0,0,0
3,14717,1333,0,0,0,0,0
3,14203,1366,0,0,0,0,0
3,14142,1367,0,0,0,0,0
3,14481,1367,0,0,0,0,0
3,14190,1349,0,0,0,0,0
3,14293,1365,0,0,0,0,0
3,14055,1407,0,0,0,0,0
3,14140,1286,0,0,0,0,0
3,17198,1354,0,0,0,0,0
3,14357,1388,0,0,0,0,0
3,14008,1335,0,0,0,0,0
3,13890,1386,0,0,0,0,0
3,13938,1373,0,0,0,0,0
3,14016,1359,0,0,0,0,0
3,14207,1362,0,0,0,0,0
3,14177,1332,0,0,0,0,0
3,15866,1328,0,0,0,0,0
3,14102,1370,0,0,0,0,0
3,14465,1429,0,0,0,0,0
4,16044,1482,0,0,0,0,0
4,16498,1414,0,0,0,0,0
4,14589,1411,0,0,0,0,0
4,14384,1417,0,0,0,0,0
4,14181,1347,0,0,0,0,0
4,14055,1400,0,0,0,0,0
4,14535,1322,0,0,0,0,0
4,14091,1338,0,0,0,0,0
4,14485,1365,0,0,0,0,0
4,14155,1414,0,0,0,0,0
4,14158,1401,0,0,0,0,0
4,14248,1370,0,0,0,0,0
4,14383,1381,0,0,0,0,0
4,14353,1422,0,0,0,0,0
4,14023,1379,0,0,0,0,0
4,14134,1355,0,0,0,0,0
4,14055,1333,0,0,0,0,0
4,14218,1327,0,0,0,0,0
4,14456,1364,0,0,0,0,0
4,14243,1410,0,0,0,0,0
5,16516,1488,0,0,0,0,0
5,16589,1429,0,0,0,0,0
5,14505,1409,0,0,0,0,0
5,14459,1352,0,0,0,0,0
5,14363,1426,0,0,0,0,0
5,14393,1373,0,0,0,0,0
5,14392,1383,0,0,0,0,0
5,14559,1371,0,0,0,0,0
5,14357,1385,0,0,0,0,0
5,14406,1390,0,0,0,0,0
5,14516,1389,0,0,0,0,0
5,14366,1403,0,0,0,0,0
5,14271,1456,0,0,0,0,0
5,14655,1451,0,0,0,0,0
5,14490,1398,0,0,0,0,0
5,14471,1405,0,0,0,0,0
5,14449,1382,0,0,0,0,0
5,14355,1381,0,0,0,0,0
5,14484,1340,0,0,0,0,0
5,14539,1368,0,0,0,0,0
6,16050,1607,0,0,0,0,0
6,16683,1362,0,0,0,0,0
6,14513,1365,0,0,0,0,0
6,14822,1400,0,0,0,0,0
6,14713,1379,0,0,0,0,0
6,15040,1379,0,0,0,0,0
6,14618,1390,0,0,0,0,0
6,14776,1372,0,0,0,0,0
6,14593,1415,0,0,0,0,0
6,14689,1353,0,0,0,0,0
6,14720,1386,0,0,0,0,0
6,14611,1404,0,0,0,0,0
6,19963,1440,0,0,0,0,0
6,14417,1415,0,0,0,0,0
6,14403,1410,0,0,0,0,0
6,14355,1377,0,0,0,0,0
6,14480,1416,0,0,0,0,0
6,14414,1419,0,0,0,0,0
6,14420,1427,0,0,0,0,0
6,14600,1409,0,0,0,0,0
7,16522,1540,0,0,0,0,0
7,16536,1443,0,0,0,0,0
7,15169,1423,0,0,0,0,0
7,15106,1409,0,0,0,0,0
7,14904,1348,0,0,0,0,0
7,14588,1433,0,0,0,0,0
7,14612,1396,0,0,0,0,0
7,14661,1350,0,0,0,0,0
7,14839,1441,0,0,0,0,0
7,14463,1400,0,0,0,0,0
7,14616,1431,0,0,0,0,0
7,14681,1436,0,0,0,0,0
7,14451,1353,0,0,0,0,0
7,14444,1391,0,0,0,0,0
7,14388,1386,0,0,0,0,0
7,19078,1455,0,0,0,0,0
7,14804,1486,0,0,0,0,0
7,14831,1415,0,0,0,0,0
7,14723,1374,0,0,0,0,0
7,14369,1410,0,0,0,0,0
8,16145,1479,0,0,0,0,0
8,16535,1453,0,0,0,0,0
8,15129,1375,0,0,0,0,0
8,14403,1449,0,0,0,0,0
8,14547,1434,0,0,0,0,0
8,15153,1410,0,0,0,0,0
8,14595,1396,0,0,0,0,0
8,14591,1375,0,0,0,0,0
8,14175,1410,0,0,0,0,0
8,14412,1360,0,0,0,0,0
8,14697,1377,0,0,0,0,0
8,14220,1442,0,0,0,0,0
8,14308,1392,0,0,0,0,0
8,14427,1340,0,0,0,0,0
8,14399,1354,0,0,0,0,0
8,14453,1393,0,0,0,0,0
8,14384,1367,0,0,0,0,0
8,14311,1372,0,0,0,0,0
8,14452,1380,0,0,0,0,0
8,14639,1399,0,0,0,0,0
9,17033,1573,0,0,0,0,0
9,16991,1449,0,0,0,0,0
9,15164,1426,0,0,0,0,0
9,14845,1438,0,0,0,0,0
9,15126,1437,0,0,0,0,0
9,14805,1362,0,0,0,0,0
9,14877,1394,0,0,0,0,0
9,14991,1421,0,0,0,0,0
9,14948,1422,0,0,0,0,0
9,14816,1453,0,0,0,0,0
9,14806,1413,0,0,0,0,0
9,14952,1372,0,0,0,0,0
9,14724,1366,0,0,0,0,0
9,14760,1381,0,0,0,0,0
9,14990,1426,0,0,0,0,0
9,14888,1364,0,0,0,0,0
9,15120,1392,0,0,0,0,0
9,15046,1343,0,0,0,0,0
9,15016,1420,0,0,0,0,0
9,14972,1406,0,0,0,0,0
10,16589,1480,0,0,0,0,0
10,15202,1334,0,0,0,0,0
10,14821,1342,0,0,0,0,0
10,14620,1372,0,0,0,0,0
10,14796,1298,0,0,0,0,0
10,14958,1380,0,0,0,0,0
10,15020,1420,0,0,0,0,0
10,15030,1373,0,0,0,0,0
10,14883,1339,0,0,0,0,0
10,14924,1362,0,0,0,0,0
10,14905,1372,0,0,0,0,0
10,14712,1345,0,0,0,0,0
10,14842,1396,0,0,0,0,0
10,15045,1378,0,0,0,0,0
10,14930,1396,0,0,0,0,0
10,14758,1361,0,0,0,0,0
10,14739,1394,0,0,0,0,0
10,16766,1346,0,0,0,0,0
10,15296,1403,0,0,0,0,0
10,14965,1396,0,0,0,0,0
11,15939,1551,0,0,0,0,0
11,14680,1395,0,0,0,0,0
11,14683,1388,0,0,0,0,0
11,14728,1348,0,0,0,0,0
11,14630,1371,0,0,0,0,0
11,14917,1410,0,0,0,0,0
11,14117,1427,0,0,0,0,0
11,14479,1327,0,0,0,0,0
11,14439,1354,0,0,0,0,0
11,14585,1350,0,0,0,0,0
11,14597,1345,0,0,0,0,0
11,14815,1420,0,0,0,0,0
11,14570,1334,0,0,0,0,0
11,14224,1405,0,0,0,0,0
11,14359,1382,0,0,0,0,0
11,14189,1343,0,0,0,0,0
11,14846,1382,0,0,0,0,0
11,16307,1314,0,0,0,0,0
11,14432,1368,0,0,0,0,0
11,14433,1349,0,0,0,0,0
12,16232,1523,0,0,0,0,0
12,14911,1473,0,0,0,0,0
12,14537,1417,0,0,0,0,0
12,14763,1489,0,0,0,0,0
12,14876,1378,0,0,0,0,0
12,14528,1424,0,0,0,0,0
12,14575,1443,0,0,0,0,0
12,14689,1455,0,0,0,0,0
12,15601,1514,0,0,0,0,0
12,14584,1429,0,0,0,0,0
12,14414,1447,0,0,0,0,0
12,14534,1399,0,0,0,0,0
12,14535,1439,0,0,0,0,0
12,14779,1432,0,0,0,0,0
12,14415,1389,0,0,0,0,0
12,14474,1486,0,0,0,0,0
12,14441,1415,0,0,0,0,0
12,16500,1517,0,0,0,0,0
12,14419,1470,0,0,0,0,0
12,14778,1462,0,0,0,0,0
13,16119,1497,0,0,0,0,0
13,14781,1336,0,0,0,0,0
13,14679,1386,0,0,0,0,0
13,14315,1412,0,0,0,0,0
13,14919,1398,0,0,0,0,0
13,14633,1396,0,0,0,0,0
13,14546,1417,0,0,0,0,0
13,14662,1388,0,0,0,0,0
13,14679,1356,0,0,0,0,0
13,14890,1355,0,0,0,0,0
13,15002,1361,0,0,0,0,0
13,14669,1367,0,0,0,0,0
13,14854,1370,0,0,0,0,0
13,14742,1368,0,0,0,0,0
13,14783,1417,0,0,0,0,0
13,14761,1376,0,0,0,0,0
13,14744,1348,0,0,0,0,0
13,16556,1401,0,0,0,0,0
13,14711,1368,0,0,0,0,0
13,14533,1408,0,0,0,0,0

Raw Storage Info
========
Storage: Tips Tips (r:1 w:1)
Storage: Tips Reasons (r:0 w:1)

Median Slopes Analysis
========
-- Extrinsic Time --

Model:
Time ~=    14.26
    + t    0.043
              µs

Reads = 1 + (0 * t)
Writes = 2 + (0 * t)

Min Squares Analysis
========
-- Extrinsic Time --

Data points distribution:
    t   mean µs  sigma µs       %
    1     14.38     0.084    0.5%
    2     14.25     0.128    0.8%
    3     14.22     0.106    0.7%
    4     14.27     0.102    0.7%
    5     14.45     0.043    0.2%
    6     14.63     0.088    0.6%
    7     14.72     0.105    0.7%
    8     14.49     0.086    0.5%
    9     14.95     0.061    0.4%
   10     14.92     0.065    0.4%
   11     14.58     0.098    0.6%
   12     14.63     0.103    0.7%
   13     14.74     0.055    0.3%

Quality and confidence:
param     error
t         0.004

Model:
Time ~=    14.24
    + t    0.045
              µs

Reads = 1 + (0 * t)
Writes = 2 + (0 * t)

