Pallet: "pallet_treasury", Extrinsic: "propose_spend", Lowest values: [], Highest values: [], Steps: 50, Repeat: 20
extrinsic_time_ns,storage_root_time_ns,reads,repeat_reads,writes,repeat_writes,proof_size_bytes
26288,1541,0,0,0,0,0
22324,1375,0,0,0,0,0
21838,1435,0,0,0,0,0
22356,1424,0,0,0,0,0
22090,1492,0,0,0,0,0
22182,1427,0,0,0,0,0
21792,1425,0,0,0,0,0
21911,1375,0,0,0,0,0
21741,1429,0,0,0,0,0
21640,1385,0,0,0,0,0
21736,1408,0,0,0,0,0
21623,1433,0,0,0,0,0
21363,1359,0,0,0,0,0
21457,1357,0,0,0,0,0
21752,1417,0,0,0,0,0
21610,1377,0,0,0,0,0
21870,1375,0,0,0,0,0
21713,1392,0,0,0,0,0
21300,1398,0,0,0,0,0
21675,1334,0,0,0,0,0

Raw Storage Info
========
Storage: Treasury ProposalCount (r:1 w:1)
Storage: Treasury Proposals (r:0 w:1)

Median Slopes Analysis
========
-- Extrinsic Time --

Model:
Time ~=    21.75
              µs

Reads = 1
Writes = 2

Min Squares Analysis
========
-- Extrinsic Time --

Model:
Time ~=    21.75
              µs

Reads = 1
Writes = 2

Pallet: "pallet_treasury", Extrinsic: "reject_proposal", Lowest values: [], Highest values: [], Steps: 50, Repeat: 20
extrinsic_time_ns,storage_root_time_ns,reads,repeat_reads,writes,repeat_writes,proof_size_bytes
27721,1603,0,0,0,0,0
25709,1479,0,0,0,0,0
25565,1579,0,0,0,0,0
25148,1507,0,0,0,0,0
25049,1513,0,0,0,0,0
25196,1404,0,0,0,0,0
25057,1482,0,0,0,0,0
25305,1476,0,0,0,0,0
25256,1477,0,0,0,0,0
24789,1502,0,0,0,0,0
25566,1447,0,0,0,0,0
25400,1498,0,0,0,0,0
25692,1493,0,0,0,0,0
25723,1487,0,0,0,0,0
25380,1527,0,0,0,0,0
24864,1475,0,0,0,0,0
25337,1494,0,0,0,0,0
25371,1471,0,0,0,0,0
25769,1419,0,0,0,0,0
25582,1496,0,0,0,0,0

Raw Storage Info
========
Storage: Treasury Proposals (r:1 w:1)
Storage: System Account (r:1 w:1)

Median Slopes Analysis
========
-- Extrinsic Time --

Model:
Time ~=    25.38
              µs

Reads = 2
Writes = 2

Min Squares Analysis
========
-- Extrinsic Time --

Model:
Time ~=    25.38
              µs

Reads = 2
Writes = 2

Pallet: "pallet_treasury", Extrinsic: "approve_proposal", Lowest values: [], Highest values: [], Steps: 50, Repeat: 20
p,extrinsic_time_ns,storage_root_time_ns,reads,repeat_reads,writes,repeat_writes,proof_size_bytes
0,7449,1519,0,0,0,0,0
0,5932,1327,0,0,0,0,0
0,5993,1276,0,0,0,0,0
0,6002,1270,0,0,0,0,0
0,5703,1258,0,0,0,0,0
0,5705,1286,0,0,0,0,0
0,5615,1285,0,0,0,0,0
0,5706,1287,0,0,0,0,0
0,5546,1225,0,0,0,0,0
0,5760,1276,0,0,0,0,0
0,5810,1270,0,0,0,0,0
0,5590,1263,0,0,0,0,0
0,5577,1357,0,0,0,0,0
0,5682,1225,0,0,0,0,0
0,5573,1267,0,0,0,0,0
0,5633,1228,0,0,0,0,0
0,5731,1305,0,0,0,0,0
0,5726,1256,0,0,0,0,0
0,5698,1278,0,0,0,0,0
0,5696,1226,0,0,0,0,0
1,7473,1450,0,0,0,0,0
1,6720,1340,0,0,0,0,0
1,6505,1351,0,0,0,0,0
1,6426,1265,0,0,0,0,0
1,6462,1284,0,0,0,0,0
1,6663,1331,0,0,0,0,0
1,6600,1301,0,0,0,0,0
1,6563,1307,0,0,0,0,0
1,6536,1298,0,0,0,0,0
1,6412,1225,0,0,0,0,0
1,6288,1275,0,0,0,0,0
1,6294,1285,0,0,0,0,0
1,6265,1319,0,0,0,0,0
1,6243,1259,0,0,0,0,0
1,6465,1227,0,0,0,0,0
1,6357,1286,0,0,0,0,0
1,6368,1298,0,0,0,0,0
1,6303,1319,0,0,0,0,0
1,6164,1302,0,0,0,0,0
1,6248,1295,0,0,0,0,0
2,7342,1420,0,0,0,0,0
2,6864,1295,0,0,0,0,0
2,6732,1295,0,0,0,0,0
2,6593,1301,0,0,0,0,0
2,6578,1275,0,0,0,0,0
2,6479,1257,0,0,0,0,0
2,6608,1247,0,0,0,0,0
2,6378,1278,0,0,0,0,0
2,6476,1287,0,0,0,0,0
2,6511,1285,0,0,0,0,0
2,6477,1278,0,0,0,0,0
2,6614,1340,0,0,0,0,0
2,6660,1270,0,0,0,0,0
2,6405,1314,0,0,0,0,0
2,6562,1227,0,0,0,0,0
2,6590,1286,0,0,0,0,0
2,6239,1234,0,0,0,0,0
2,6656,1259,0,0,0,0,0
2,6496,1274,0,0,0,0,0
2,6419,1250,0,0,0,0,0
3,7636,1446,0,0,0,0,0
3,7284,1296,0,0,0,0,0
3,6894,1279,0,0,0,0,0
3,6883,1323,0,0,0,0,0
3,6975,1308,0,0,0,0,0
3,7005,1291,0,0,0,0,0
3,6749,1267,0,0,0,0,0
3,6753,1295,0,0,0,0,0
3,6926,1298,0,0,0,0,0
3,7413,1291,0,0,0,0,0
3,9824,1398,0,0,0,0,0
3,7107,1265,0,0,0,0,0
3,6847,1270,0,0,0,0,0
3,6967,1269,0,0,0,0,0
3,7003,1301,0,0,0,0,0
3,7100,1275,0,0,0,0,0
3,7256,1295,0,0,0,0,0
3,7189,1294,0,0,0,0,0
3,7209,1247,0,0,0,0,0
3,7065,1335,0,0,0,0,0
4,7716,1418,0,0,0,0,0
4,7023,1391,0,0,0,0,0
4,7168,1358,0,0,0,0,0
4,6960,1373,0,0,0,0,0
4,7048,1327,0,0,0,0,0
4,7224,1427,0,0,0,0,0
4,6976,1381,0,0,0,0,0
4,7040,1369,0,0,0,0,0
4,7117,1367,0,0,0,0,0
4,6940,1339,0,0,0,0,0
4,7026,1392,0,0,0,0,0
4,7103,1386,0,0,0,0,0
4,7019,1392,0,0,0,0,0
4,7185,1405,0,0,0,0,0
4,7115,1322,0,0,0,0,0
4,7031,1372,0,0,0,0,0
4,7076,1348,0,0,0,0,0
4,7040,1385,0,0,0,0,0
4,6869,1312,0,0,0,0,0
4,6870,1367,0,0,0,0,0
5,7689,1455,0,0,0,0,0
5,7301,1433,0,0,0,0,0
5,7279,1412,0,0,0,0,0
5,7238,1385,0,0,0,0,0
5,7217,1399,0,0,0,0,0
5,7355,1348,0,0,0,0,0
5,7236,1366,0,0,0,0,0
5,7153,1320,0,0,0,0,0
5,7268,1377,0,0,0,0,0
5,7295,1326,0,0,0,0,0
5,7151,1363,0,0,0,0,0
5,7249,1329,0,0,0,0,0
5,7255,1381,0,0,0,0,0
5,7325,1397,0,0,0,0,0
5,7437,1417,0,0,0,0,0
5,7398,1341,0,0,0,0,0
5,7188,1401,0,0,0,0,0
5,7193,1354,0,0,0,0,0
5,7089,1354,0,0,0,0,0
5,7096,1360,0,0,0,0,0
6,8331,1427,0,0,0,0,0
6,7608,1325,0,0,0,0,0
6,7406,1410,0,0,0,0,0
6,7562,1349,0,0,0,0,0
6,7515,1369,0,0,0,0,0
6,7559,1279,0,0,0,0,0
6,7479,1354,0,0,0,0,0
6,7565,1287,0,0,0,0,0
6,7616,1425,0,0,0,0,0
6,7789,1375,0,0,0,0,0
6,7730,1427,0,0,0,0,0
6,7803,1373,0,0,0,0,0
6,7698,1325,0,0,0,0,0
6,7703,1348,0,0,0,0,0
6,7648,1333,0,0,0,0,0
6,7626,1334,0,0,0,0,0
6,7613,1350,0,0,0,0,0
6,7841,1377,0,0,0,0,0
6,7575,1413,0,0,0,0,0
6,7798,1362,0,0,0,0,0
7,8415,1485,0,0,0,0,0
7,7581,1370,0,0,0,0,0
7,7226,1300,0,0,0,0,0
7,7313,1280,0,0,0,0,0
7,7233,1268,0,0,0,0,0
7,7265,1312,0,0,0,0,0
7,7526,1298,0,0,0,0,0
7,7389,1328,0,0,0,0,0
7,7222,1317,0,0,0,0,0
7,7354,1263,0,0,0,0,0
7,7216,1241,0,0,0,0,0
7,7217,1278,0,0,0,0,0
7,7137,1282,0,0,0,0,0
7,7272,1295,0,0,0,0,0
7,7322,1278,0,0,0,0,0
7,7239,1323,0,0,0,0,0
7,7279,1278,0,0,0,0,0
7,7445,1285,0,0,0,0,0
7,7324,1302,0,0,0,0,0
7,7256,1288,0,0,0,0,0
8,7916,1373,0,0,0,0,0
8,7893,1359,0,0,0,0,0
8,7614,1357,0,0,0,0,0
8,7924,1354,0,0,0,0,0
8,7818,1332,0,0,0,0,0
8,7529,1282,0,0,0,0,0
8,7814,1305,0,0,0,0,0
8,7827,1356,0,0,0,0,0
8,7887,1294,0,0,0,0,0
8,7159,1296,0,0,0,0,0
8,7440,1298,0,0,0,0,0
8,7446,1359,0,0,0,0,0
8,7667,1328,0,0,0,0,0
8,7516,1338,0,0,0,0,0
8,7718,1278,0,0,0,0,0
8,7522,1278,0,0,0,0,0
8,7700,1342,0,0,0,0,0
8,7730,1309,0,0,0,0,0
8,7626,1267,0,0,0,0,0
8,7942,1352,0,0,0,0,0
9,8927,1456,0,0,0,0,0
9,8046,1340,0,0,0,0,0
9,8360,1405,0,0,0,0,0
9,8314,1399,0,0,0,0,0
9,8061,1365,0,0,0,0,0
9,8081,1377,0,0,0,0,0
9,8228,1344,0,0,0,0,0
9,8147,1433,0,0,0,0,0
9,8249,1349,0,0,0,0,0
9,8152,1355,0,0,0,0,0
9,8696,1339,0,0,0,0,0
9,7923,1377,0,0,0,0,0
9,8129,1428,0,0,0,0,0
9,8124,1388,0,0,0,0,0
9,8188,1436,0,0,0,0,0
9,8144,1377,0,0,0,0,0
9,8271,1373,0,0,0,0,0
9,8063,1385,0,0,0,0,0
9,8208,1384,0,0,0,0,0
9,8156,1313,0,0,0,0,0
10,8558,1483,0,0,0,0,0
10,8331,1438,0,0,0,0,0
10,8197,1403,0,0,0,0,0
10,8046,1398,0,0,0,0,0
10,8301,1398,0,0,0,0,0
10,7946,1400,0,0,0,0,0
10,8270,1400,0,0,0,0,0
10,7874,1359,0,0,0,0,0
10,7895,1473,0,0,0,0,0
10,7950,1431,0,0,0,0,0
10,8366,1460,0,0,0,0,0
10,7951,1398,0,0,0,0,0
10,8316,1405,0,0,0,0,0
10,8343,1400,0,0,0,0,0
10,8106,1415,0,0,0,0,0
10,8176,1366,0,0,0,0,0
10,7946,1405,0,0,0,0,0
10,8235,1382,0,0,0,0,0
10,7989,1336,0,0,0,0,0
10,8105,1383,0,0,0,0,0
11,8964,1482,0,0,0,0,0
11,8594,1423,0,0,0,0,0
11,8753,1407,0,0,0,0,0
11,8626,1402,0,0,0,0,0
11,8705,1416,0,0,0,0,0
11,8834,1447,0,0,0,0,0
11,8717,1418,0,0,0,0,0
11,8709,1464,0,0,0,0,0
11,8680,1403,0,0,0,0,0
11,8528,1421,0,0,0,0,0
11,8637,1440,0,0,0,0,0
11,8741,1363,0,0,0,0,0
11,8876,1383,0,0,0,0,0
11,8609,1412,0,0,0,0,0
11,8320,1413,0,0,0,0,0
11,21347,1415,0,0,0,0,0
11,8271,1410,0,0,0,0,0
11,8418,1334,0,0,0,0,0
11,8327,1386,0,0,0,0,0
11,8398,1402,0,0,0,0,0
12,8787,1390,0,0,0,0,0
12,8696,1395,0,0,0,0,0
12,8043,1379,0,0,0,0,0
12,8100,1386,0,0,0,0,0
12,8332,1407,0,0,0,0,0
12,8091,1373,0,0,0,0,0
12,8797,1376,0,0,0,0,0
12,8150,1395,0,0,0,0,0
12,8345,1331,0,0,0,0,0
12,8521,1334,0,0,0,0,0
12,8262,1387,0,0,0,0,0
12,8327,1371,0,0,0,0,0
12,8362,1352,0,0,0,0,0
12,8296,1360,0,0,0,0,0
12,8213,1368,0,0,0,0,0
12,8060,1308,0,0,0,0,0
12,8022,1332,0,0,0,0,0
12,8167,1411,0,0,0,0,0
12,8328,1382,0,0,0,0,0
12,8119,1407,0,0,0,0,0
13,9178,1428,0,0,0,0,0
13,8512,1451,0,0,0,0,0
13,8428,1358,0,0,0,0,0
13,8540,1418,0,0,0,0,0
13,8355,1355,0,0,0,0,0
13,8617,1343,0,0,0,0,0
13,8601,1392,0,0,0,0,0
13,8545,1394,0,0,0,0,0
13,8631,1413,0,0,0,0,0
13,8759,1325,0,0,0,0,0
13,10649,1421,0,0,0,0,0
13,8544,1387,0,0,0,0,0
13,8807,1378,0,0,0,0,0
13,8900,1378,0,0,0,0,0
13,8649,1340,0,0,0,0,0
13,8965,1401,0,0,0,0,0
13,8398,1381,0,0,0,0,0
13,8746,1411,0,0,0,0,0
13,8605,1401,0,0,0,0,0
13,8736,1419,0,0,0,0,0
14,9242,1459,0,0,0,0,0
14,8615,1416,0,0,0,0,0
14,9239,1403,0,0,0,0,0
14,8439,1371,0,0,0,0,0
14,8633,1348,0,0,0,0,0
14,8927,1417,0,0,0,0,0
14,8732,1402,0,0,0,0,0
14,8912,1373,0,0,0,0,0
14,9028,1422,0,0,0,0,0
14,8702,1457,0,0,0,0,0
14,8628,1396,0,0,0,0,0
14,8688,1317,0,0,0,0,0
14,8600,1349,0,0,0,0,0
14,8305,1372,0,0,0,0,0
14,8475,1409,0,0,0,0,0
14,8565,1331,0,0,0,0,0
14,8434,1377,0,0,0,0,0
14,8654,1377,0,0,0,0,0
14,8684,1347,0,0,0,0,0
14,8553,1384,0,0,0,0,0
15,8885,1401,0,0,0,0,0
15,8375,1341,0,0,0,0,0
15,8591,1393,0,0,0,0,0
15,8507,1404,0,0,0,0,0
15,8709,1340,0,0,0,0,0
15,8616,1374,0,0,0,0,0
15,8564,1398,0,0,0,0,0
15,8387,1344,0,0,0,0,0
15,8313,1391,0,0,0,0,0
15,8440,1427,0,0,0,0,0
15,8524,1332,0,0,0,0,0
15,8403,1290,0,0,0,0,0
15,8521,1393,0,0,0,0,0
15,8499,1397,0,0,0,0,0
15,8529,1424,0,0,0,0,0
15,8482,1376,0,0,0,0,0
15,8785,1361,0,0,0,0,0
15,8677,1436,0,0,0,0,0
15,8444,1342,0,0,0,0,0
15,8559,1334,0,0,0,0,0
16,9290,1431,0,0,0,0,0
16,8824,1377,0,0,0,0,0
16,8724,1368,0,0,0,0,0
16,8907,1318,0,0,0,0,0
16,8777,1373,0,0,0,0,0
16,8756,1361,0,0,0,0,0
16,8921,1352,0,0,0,0,0
16,8879,1289,0,0,0,0,0
16,8880,1359,0,0,0,0,0
16,8634,1326,0,0,0,0,0
16,9043,1316,0,0,0,0,0
16,8936,1316,0,0,0,0,0
16,8998,1305,0,0,0,0,0
16,8624,1334,0,0,0,0,0
16,8776,1325,0,0,0,0,0
16,8969,1277,0,0,0,0,0
16,8984,1355,0,0,0,0,0
16,8944,1307,0,0,0,0,0
16,8816,1382,0,0,0,0,0
16,8648,1299,0,0,0,0,0
17,9270,1458,0,0,0,0,0
17,8663,1388,0,0,0,0,0
17,8709,1416,0,0,0,0,0
17,8912,1406,0,0,0,0,0
17,8779,1400,0,0,0,0,0
17,8728,1410,0,0,0,0,0
17,8776,1400,0,0,0,0,0
17,8790,1376,0,0,0,0,0
17,8945,1384,0,0,0,0,0
17,8707,1383,0,0,0,0,0
17,8611,1397,0,0,0,0,0
17,8744,1392,0,0,0,0,0
17,8883,1380,0,0,0,0,0
17,8652,1396,0,0,0,0,0
17,8696,1385,0,0,0,0,0
17,8783,1423,0,0,0,0,0
17,8556,1364,0,0,0,0,0
17,8800,1418,0,0,0,0,0
17,8780,1430,0,0,0,0,0
17,8824,1389,0,0,0,0,0
18,9446,1410,0,0,0,0,0
18,9445,1347,0,0,0,0,0
18,9354,1398,0,0,0,0,0
18,9130,1339,0,0,0,0,0
18,8988,1279,0,0,0,0,0
18,9163,1385,0,0,0,0,0
18,9231,1330,0,0,0,0,0
18,9003,1375,0,0,0,0,0
18,9324,1373,0,0,0,0,0
18,9391,1366,0,0,0,0,0
18,9120,1376,0,0,0,0,0
18,9471,1344,0,0,0,0,0
18,9493,1356,0,0,0,0,0
18,9186,1362,0,0,0,0,0
18,9164,1365,0,0,0,0,0
18,9132,1342,0,0,0,0,0
18,9087,1297,0,0,0,0,0
18,8978,1332,0,0,0,0,0
18,9163,1342,0,0,0,0,0
18,9249,1360,0,0,0,0,0
19,10077,1484,0,0,0,0,0
19,9269,1394,0,0,0,0,0
19,9347,1415,0,0,0,0,0
19,9158,1383,0,0,0,0,0
19,9833,1385,0,0,0,0,0
19,9258,1397,0,0,0,0,0
19,9206,1420,0,0,0,0,0
19,9225,1420,0,0,0,0,0
19,9151,1421,0,0,0,0,0
19,9460,1469,0,0,0,0,0
19,9459,1425,0,0,0,0,0
19,9458,1400,0,0,0,0,0
19,9265,1386,0,0,0,0,0
19,9209,1439,0,0,0,0,0
19,9177,1444,0,0,0,0,0
19,9453,1483,0,0,0,0,0
19,9524,1406,0,0,0,0,0
19,9231,1415,0,0,0,0,0
19,9273,1409,0,0,0,0,0
19,9436,1424,0,0,0,0,0
20,9658,1426,0,0,0,0,0
20,9489,1318,0,0,0,0,0
20,22618,1388,0,0,0,0,0
20,9104,1410,0,0,0,0,0
20,9167,1385,0,0,0,0,0
20,8887,1389,0,0,0,0,0
20,9178,1376,0,0,0,0,0
20,9281,1384,0,0,0,0,0
20,9085,1378,0,0,0,0,0
20,11096,1419,0,0,0,0,0
20,8992,1399,0,0,0,0,0
20,9195,1364,0,0,0,0,0
20,9221,1331,0,0,0,0,0
20,9200,1335,0,0,0,0,0
20,9252,1375,0,0,0,0,0
20,8978,1338,0,0,0,0,0
20,9032,2178,0,0,0,0,0
20,9003,1355,0,0,0,0,0
20,9157,1391,0,0,0,0,0
20,9046,1400,0,0,0,0,0
21,9996,1446,0,0,0,0,0
21,9525,1389,0,0,0,0,0
21,9390,1392,0,0,0,0,0
21,9348,1341,0,0,0,0,0
21,9558,1313,0,0,0,0,0
21,9670,1319,0,0,0,0,0
21,9458,1366,0,0,0,0,0
21,9699,1335,0,0,0,0,0
21,9540,1347,0,0,0,0,0
21,9686,1360,0,0,0,0,0
21,9320,1314,0,0,0,0,0
21,9555,1422,0,0,0,0,0
21,9660,1374,0,0,0,0,0
21,9572,1354,0,0,0,0,0
21,9624,1350,0,0,0,0,0
21,9747,1377,0,0,0,0,0
21,9509,1363,0,0,0,0,0
21,9651,1381,0,0,0,0,0
21,9705,1336,0,0,0,0,0
21,9305,1329,0,0,0,0,0
22,10092,1499,0,0,0,0,0
22,9917,1442,0,0,0,0,0
22,9507,1379,0,0,0,0,0
22,9601,1409,0,0,0,0,0
22,9755,1421,0,0,0,0,0
22,9491,1414,0,0,0,0,0
22,9665,1382,0,0,0,0,0
22,9601,1482,0,0,0,0,0
22,9554,1442,0,0,0,0,0
22,9925,1468,0,0,0,0,0
22,9317,1440,0,0,0,0,0
22,9730,1422,0,0,0,0,0
22,9480,1430,0,0,0,0,0
22,9484,1442,0,0,0,0,0
22,10133,1402,0,0,0,0,0
22,9699,1429,0,0,0,0,0
22,9711,1430,0,0,0,0,0
22,9504,1465,0,0,0,0,0
22,9491,1417,0,0,0,0,0
22,9606,1447,0,0,0,0,0
23,10163,1376,0,0,0,0,0
23,9841,1384,0,0,0,0,0
23,9681,1405,0,0,0,0,0
23,9981,1409,0,0,0,0,0
23,9901,1435,0,0,0,0,0
23,9645,1401,0,0,0,0,0
23,9433,1391,0,0,0,0,0
23,9897,1376,0,0,0,0,0
23,9774,1478,0,0,0,0,0
23,9530,1434,0,0,0,0,0
23,9890,1397,0,0,0,0,0
23,9814,1443,0,0,0,0,0
23,9815,1395,0,0,0,0,0
23,9760,1449,0,0,0,0,0
23,9797,1387,0,0,0,0,0
23,9716,1453,0,0,0,0,0
23,9813,1387,0,0,0,0,0
23,9758,1477,0,0,0,0,0
23,9715,1436,0,0,0,0,0
23,9631,1407,0,0,0,0,0
24,30809,1520,0,0,0,0,0
24,9675,1410,0,0,0,0,0
24,9429,1393,0,0,0,0,0
24,9523,1368,0,0,0,0,0
24,9787,1409,0,0,0,0,0
24,9352,1410,0,0,0,0,0
24,9336,1387,0,0,0,0,0
24,9612,1393,0,0,0,0,0
24,9520,1430,0,0,0,0,0
24,9296,1331,0,0,0,0,0
24,9466,1360,0,0,0,0,0
24,9506,1397,0,0,0,0,0
24,9636,1422,0,0,0,0,0
24,9429,1392,0,0,0,0,0
24,9434,1422,0,0,0,0,0
24,9422,1384,0,0,0,0,0
24,9577,1399,0,0,0,0,0
24,9461,1384,0,0,0,0,0
24,9702,1424,0,0,0,0,0
24,9586,1372,0,0,0,0,0
25,10319,1447,0,0,0,0,0
25,9791,1396,0,0,0,0,0
25,9590,1372,0,0,0,0,0
25,9688,1408,0,0,0,0,0
25,9818,1384,0,0,0,0,0
25,10164,1391,0,0,0,0,0
25,9868,1411,0,0,0,0,0
25,9983,1419,0,0,0,0,0
25,9834,1352,0,0,0,0,0
25,10277,1460,0,0,0,0,0
25,9733,1415,0,0,0,0,0
25,9645,1409,0,0,0,0,0
25,9949,1403,0,0,0,0,0
25,9935,1402,0,0,0,0,0
25,10014,1400,0,0,0,0,0
25,9945,1379,0,0,0,0,0
25,9756,1433,0,0,0,0,0
25,10359,1421,0,0,0,0,0
25,9685,1362,0,0,0,0,0
25,10046,1442,0,0,0,0,0
26,10789,1367,0,0,0,0,0
26,10209,1363,0,0,0,0,0
26,10365,1324,0,0,0,0,0
26,10456,1332,0,0,0,0,0
26,10365,1362,0,0,0,0,0
26,10407,1359,0,0,0,0,0
26,10446,1323,0,0,0,0,0
26,10527,1398,0,0,0,0,0
26,10168,1323,0,0,0,0,0
26,10032,1331,0,0,0,0,0
26,10257,1346,0,0,0,0,0
26,10175,5369,0,0,0,0,0
26,10425,1380,0,0,0,0,0
26,10247,1320,0,0,0,0,0
26,10435,1386,0,0,0,0,0
26,10308,1363,0,0,0,0,0
26,10308,1347,0,0,0,0,0
26,10140,1340,0,0,0,0,0
26,10189,1296,0,0,0,0,0
26,10290,1336,0,0,0,0,0
27,10926,1477,0,0,0,0,0
27,10774,1394,0,0,0,0,0
27,10194,1441,0,0,0,0,0
27,10474,1369,0,0,0,0,0
27,10295,1344,0,0,0,0,0
27,10479,1402,0,0,0,0,0
27,10550,1411,0,0,0,0,0
27,10214,1377,0,0,0,0,0
27,10247,1406,0,0,0,0,0
27,10504,1420,0,0,0,0,0
27,10599,1402,0,0,0,0,0
27,10384,1386,0,0,0,0,0
27,10266,1402,0,0,0,0,0
27,10436,1453,0,0,0,0,0
27,10587,1404,0,0,0,0,0
27,10596,1406,0,0,0,0,0
27,10267,1391,0,0,0,0,0
27,10618,1426,0,0,0,0,0
27,10233,1392,0,0,0,0,0
27,10204,1453,0,0,0,0,0
28,10776,1459,0,0,0,0,0
28,10631,1392,0,0,0,0,0
28,10150,1372,0,0,0,0,0
28,10336,1359,0,0,0,0,0
28,10468,1427,0,0,0,0,0
28,10863,1354,0,0,0,0,0
28,10299,1378,0,0,0,0,0
28,10386,1370,0,0,0,0,0
28,10293,1384,0,0,0,0,0
28,10174,1356,0,0,0,0,0
28,10221,1386,0,0,0,0,0
28,10344,1344,0,0,0,0,0
28,10302,1362,0,0,0,0,0
28,10628,1399,0,0,0,0,0
28,10564,1345,0,0,0,0,0
28,10216,1364,0,0,0,0,0
28,10555,1418,0,0,0,0,0
28,10217,1384,0,0,0,0,0
28,10728,1381,0,0,0,0,0
28,10392,1412,0,0,0,0,0
29,11089,1490,0,0,0,0,0
29,10500,1474,0,0,0,0,0
29,10283,1471,0,0,0,0,0
29,10302,1439,0,0,0,0,0
29,10156,1434,0,0,0,0,0
29,10242,1407,0,0,0,0,0
29,10211,1460,0,0,0,0,0
29,10405,1388,0,0,0,0,0
29,10338,1447,0,0,0,0,0
29,10253,1393,0,0,0,0,0
29,10328,1412,0,0,0,0,0
29,10418,1395,0,0,0,0,0
29,10446,1355,0,0,0,0,0
29,10178,1465,0,0,0,0,0
29,10402,1496,0,0,0,0,0
29,10341,1390,0,0,0,0,0
29,10108,1439,0,0,0,0,0
29,10175,1450,0,0,0,0,0
29,10509,1436,0,0,0,0,0
29,10351,1467,0,0,0,0,0
30,11750,1489,0,0,0,0,0
30,10428,1377,0,0,0,0,0
30,10601,1467,0,0,0,0,0
30,11429,2175,0,0,0,0,0
30,10816,1547,0,0,0,0,0
30,10960,1421,0,0,0,0,0
30,10623,1467,0,0,0,0,0
30,10196,1428,0,0,0,0,0
30,10477,1412,0,0,0,0,0
30,10567,1388,0,0,0,0,0
30,10905,1419,0,0,0,0,0
30,10390,1416,0,0,0,0,0
30,10560,1367,0,0,0,0,0
30,10313,1384,0,0,0,0,0
30,10242,1429,0,0,0,0,0
30,10586,1412,0,0,0,0,0
30,10061,1324,0,0,0,0,0
30,10578,1356,0,0,0,0,0
30,10280,1370,0,0,0,0,0
30,10136,1404,0,0,0,0,0
31,11001,1386,0,0,0,0,0
31,10335,1388,0,0,0,0,0
31,10193,1324,0,0,0,0,0
31,10377,1392,0,0,0,0,0
31,10601,1401,0,0,0,0,0
31,10508,1406,0,0,0,0,0
31,10457,1414,0,0,0,0,0
31,10583,1354,0,0,0,0,0
31,10486,1348,0,0,0,0,0
31,10656,1316,0,0,0,0,0
31,10658,1381,0,0,0,0,0
31,10562,1423,0,0,0,0,0
31,10502,1366,0,0,0,0,0
31,10281,1425,0,0,0,0,0
31,10423,1337,0,0,0,0,0
31,10467,1427,0,0,0,0,0
31,10559,1390,0,0,0,0,0
31,10522,1401,0,0,0,0,0
31,10670,1403,0,0,0,0,0
31,10233,1408,0,0,0,0,0
32,11248,1425,0,0,0,0,0
32,10683,1389,0,0,0,0,0
32,10481,1436,0,0,0,0,0
32,10703,1391,0,0,0,0,0
32,10616,1426,0,0,0,0,0
32,10571,1405,0,0,0,0,0
32,10696,1415,0,0,0,0,0
32,10340,1424,0,0,0,0,0
32,10499,1443,0,0,0,0,0
32,10412,1382,0,0,0,0,0
32,10408,1434,0,0,0,0,0
32,10518,1353,0,0,0,0,0
32,10364,1398,0,0,0,0,0
32,10651,1425,0,0,0,0,0
32,10437,1457,0,0,0,0,0
32,11416,1396,0,0,0,0,0
32,10504,1422,0,0,0,0,0
32,10497,1428,0,0,0,0,0
32,10595,1402,0,0,0,0,0
32,10425,1382,0,0,0,0,0
33,10940,1448,0,0,0,0,0
33,10735,1460,0,0,0,0,0
33,10505,1455,0,0,0,0,0
33,10493,1389,0,0,0,0,0
33,10769,1464,0,0,0,0,0
33,10687,1435,0,0,0,0,0
33,10652,1414,0,0,0,0,0
33,10290,1488,0,0,0,0,0
33,10683,1417,0,0,0,0,0
33,10620,1430,0,0,0,0,0
33,10538,1412,0,0,0,0,0
33,10605,1441,0,0,0,0,0
33,10288,1434,0,0,0,0,0
33,10957,1427,0,0,0,0,0
33,10687,1381,0,0,0,0,0
33,10651,1476,0,0,0,0,0
33,10354,1379,0,0,0,0,0
33,10504,1422,0,0,0,0,0
33,11147,1473,0,0,0,0,0
33,10537,1439,0,0,0,0,0
34,11291,1470,0,0,0,0,0
34,10686,1382,0,0,0,0,0
34,10825,1398,0,0,0,0,0
34,10556,1413,0,0,0,0,0
34,10593,1341,0,0,0,0,0
34,10877,1427,0,0,0,0,0
34,10595,1443,0,0,0,0,0
34,10886,1468,0,0,0,0,0
34,10548,1375,0,0,0,0,0
34,10703,1443,0,0,0,0,0
34,10739,1362,0,0,0,0,0
34,10480,1407,0,0,0,0,0
34,10728,1421,0,0,0,0,0
34,10679,1397,0,0,0,0,0
34,10696,1419,0,0,0,0,0
34,10508,1486,0,0,0,0,0
34,10686,1474,0,0,0,0,0
34,10842,1429,0,0,0,0,0
34,10698,1398,0,0,0,0,0
34,10638,1414,0,0,0,0,0
35,11291,1508,0,0,0,0,0
35,10645,1451,0,0,0,0,0
35,10539,1499,0,0,0,0,0
35,10832,1480,0,0,0,0,0
35,10572,1411,0,0,0,0,0
35,11075,1418,0,0,0,0,0
35,10892,1513,0,0,0,0,0
35,10768,1410,0,0,0,0,0
35,23272,1419,0,0,0,0,0
35,10648,1402,0,0,0,0,0
35,10705,1382,0,0,0,0,0
35,11008,1451,0,0,0,0,0
35,10638,1405,0,0,0,0,0
35,10700,1487,0,0,0,0,0
35,10930,1530,0,0,0,0,0
35,10899,1459,0,0,0,0,0
35,11454,1469,0,0,0,0,0
35,10950,1457,0,0,0,0,0
35,10670,1414,0,0,0,0,0
35,10824,1441,0,0,0,0,0
36,11441,1390,0,0,0,0,0
36,10898,1370,0,0,0,0,0
36,11003,1351,0,0,0,0,0
36,11028,1410,0,0,0,0,0
36,10615,1380,0,0,0,0,0
36,10707,1331,0,0,0,0,0
36,10889,1407,0,0,0,0,0
36,10371,1404,0,0,0,0,0
36,10803,1378,0,0,0,0,0
36,10616,1409,0,0,0,0,0
36,10796,1390,0,0,0,0,0
36,10773,1350,0,0,0,0,0
36,10673,1372,0,0,0,0,0
36,10712,1355,0,0,0,0,0
36,10526,1378,0,0,0,0,0
36,10504,1367,0,0,0,0,0
36,10516,1368,0,0,0,0,0
36,10589,1370,0,0,0,0,0
36,10477,1351,0,0,0,0,0
36,10534,1414,0,0,0,0,0
37,11938,1505,0,0,0,0,0
37,11226,1415,0,0,0,0,0
37,11137,1432,0,0,0,0,0
37,11125,1409,0,0,0,0,0
37,11297,1404,0,0,0,0,0
37,11269,1480,0,0,0,0,0
37,10981,1403,0,0,0,0,0
37,11345,1438,0,0,0,0,0
37,11274,1425,0,0,0,0,0
37,10974,1409,0,0,0,0,0
37,11221,1433,0,0,0,0,0
37,11371,1398,0,0,0,0,0
37,11109,1435,0,0,0,0,0
37,10914,1479,0,0,0,0,0
37,11053,1427,0,0,0,0,0
37,11299,1388,0,0,0,0,0
37,11111,1428,0,0,0,0,0
37,11002,1392,0,0,0,0,0
37,11209,1436,0,0,0,0,0
37,11267,1471,0,0,0,0,0
38,11599,1413,0,0,0,0,0
38,10904,1383,0,0,0,0,0
38,10854,1395,0,0,0,0,0
38,10713,1373,0,0,0,0,0
38,11335,1443,0,0,0,0,0
38,10716,1342,0,0,0,0,0
38,10864,1372,0,0,0,0,0
38,10939,1384,0,0,0,0,0
38,11114,1358,0,0,0,0,0
38,10890,1353,0,0,0,0,0
38,10745,1326,0,0,0,0,0
38,10711,1352,0,0,0,0,0
38,10962,2141,0,0,0,0,0
38,10977,1370,0,0,0,0,0
38,10585,1392,0,0,0,0,0
38,10668,1384,0,0,0,0,0
38,10688,1365,0,0,0,0,0
38,10613,1402,0,0,0,0,0
38,10684,1396,0,0,0,0,0
38,10907,1387,0,0,0,0,0
39,11988,1399,0,0,0,0,0
39,11506,1387,0,0,0,0,0
39,11162,1355,0,0,0,0,0
39,11407,1485,0,0,0,0,0
39,11368,1381,0,0,0,0,0
39,11527,1461,0,0,0,0,0
39,11268,1396,0,0,0,0,0
39,11211,1390,0,0,0,0,0
39,11127,1368,0,0,0,0,0
39,11654,1453,0,0,0,0,0
39,11390,1389,0,0,0,0,0
39,11371,1317,0,0,0,0,0
39,11145,1313,0,0,0,0,0
39,11338,1419,0,0,0,0,0
39,11245,1346,0,0,0,0,0
39,11527,1402,0,0,0,0,0
39,11417,1346,0,0,0,0,0
39,11406,1383,0,0,0,0,0
39,11669,1348,0,0,0,0,0
39,11557,1331,0,0,0,0,0
40,11741,1422,0,0,0,0,0
40,11156,1382,0,0,0,0,0
40,11494,1362,0,0,0,0,0
40,11293,1407,0,0,0,0,0
40,11348,1385,0,0,0,0,0
40,11188,1399,0,0,0,0,0
40,11346,1419,0,0,0,0,0
40,10960,1434,0,0,0,0,0
40,11306,1401,0,0,0,0,0
40,11472,1364,0,0,0,0,0
40,11319,1406,0,0,0,0,0
40,11417,1476,0,0,0,0,0
40,24534,1441,0,0,0,0,0
40,10918,1391,0,0,0,0,0
40,11347,1462,0,0,0,0,0
40,11348,1411,0,0,0,0,0
40,11658,1422,0,0,0,0,0
40,11302,1375,0,0,0,0,0
40,11319,1385,0,0,0,0,0
40,11430,1400,0,0,0,0,0
41,12443,1458,0,0,0,0,0
41,11845,1429,0,0,0,0,0
41,11603,1415,0,0,0,0,0
41,11521,1470,0,0,0,0,0
41,11684,1451,0,0,0,0,0
41,11549,1388,0,0,0,0,0
41,11534,1442,0,0,0,0,0
41,11298,1431,0,0,0,0,0
41,11554,1420,0,0,0,0,0
41,11879,1400,0,0,0,0,0
41,11588,1488,0,0,0,0,0
41,11775,1459,0,0,0,0,0
41,11714,1432,0,0,0,0,0
41,11278,1476,0,0,0,0,0
41,11855,1475,0,0,0,0,0
41,12159,1560,0,0,0,0,0
41,12218,1536,0,0,0,0,0
41,12200,1540,0,0,0,0,0
41,11985,1446,0,0,0,0,0
41,11564,1426,0,0,0,0,0
42,11887,1448,0,0,0,0,0
42,11686,1423,0,0,0,0,0
42,11371,1460,0,0,0,0,0
42,11696,1375,0,0,0,0,0
42,11808,1448,0,0,0,0,0
42,11689,1464,0,0,0,0,0
42,11622,1422,0,0,0,0,0
42,11367,1413,0,0,0,0,0
42,11896,1446,0,0,0,0,0
42,11606,1445,0,0,0,0,0
42,11536,1441,0,0,0,0,0
42,11431,1427,0,0,0,0,0
42,11384,1374,0,0,0,0,0
42,11458,1435,0,0,0,0,0
42,11395,1370,0,0,0,0,0
42,11288,1355,0,0,0,0,0
42,11823,1396,0,0,0,0,0
42,11524,1384,0,0,0,0,0
42,11382,1401,0,0,0,0,0
42,11503,1394,0,0,0,0,0
43,12358,1467,0,0,0,0,0
43,11786,1420,0,0,0,0,0
43,12134,1409,0,0,0,0,0
43,12155,1420,0,0,0,0,0
43,11836,1402,0,0,0,0,0
43,11740,1432,0,0,0,0,0
43,11524,1388,0,0,0,0,0
43,12003,1403,0,0,0,0,0
43,12023,1402,0,0,0,0,0
43,11689,1368,0,0,0,0,0
43,12614,1482,0,0,0,0,0
43,12151,1457,0,0,0,0,0
43,11958,1430,0,0,0,0,0
43,12004,1407,0,0,0,0,0
43,11996,1408,0,0,0,0,0
43,12474,1448,0,0,0,0,0
43,12285,1406,0,0,0,0,0
43,11619,1393,0,0,0,0,0
43,12013,1404,0,0,0,0,0
43,12297,1391,0,0,0,0,0
44,12162,1491,0,0,0,0,0
44,11839,1440,0,0,0,0,0
44,11956,1388,0,0,0,0,0
44,12175,1417,0,0,0,0,0
44,11981,1373,0,0,0,0,0
44,11915,1378,0,0,0,0,0
44,11993,1335,0,0,0,0,0
44,11692,1442,0,0,0,0,0
44,11792,1384,0,0,0,0,0
44,12214,1394,0,0,0,0,0
44,11859,1382,0,0,0,0,0
44,12044,1472,0,0,0,0,0
44,11983,1375,0,0,0,0,0
44,11809,1388,0,0,0,0,0
44,12250,1439,0,0,0,0,0
44,11870,1406,0,0,0,0,0
44,11894,1403,0,0,0,0,0
44,11933,1405,0,0,0,0,0
44,11942,1393,0,0,0,0,0
44,11768,1390,0,0,0,0,0
45,12349,1428,0,0,0,0,0
45,11833,1390,0,0,0,0,0
45,11617,1368,0,0,0,0,0
45,11533,1425,0,0,0,0,0
45,11728,1431,0,0,0,0,0
45,11794,1423,0,0,0,0,0
45,12075,1383,0,0,0,0,0
45,12240,1419,0,0,0,0,0
45,11829,1385,0,0,0,0,0
45,11969,1409,0,0,0,0,0
45,11921,1392,0,0,0,0,0
45,12212,1398,0,0,0,0,0
45,12569,1417,0,0,0,0,0
45,12334,1398,0,0,0,0,0
45,11920,1375,0,0,0,0,0
45,11995,1393,0,0,0,0,0
45,11627,1368,0,0,0,0,0
45,11891,1411,0,0,0,0,0
45,11716,1410,0,0,0,0,0
45,11666,1410,0,0,0,0,0
46,12357,1436,0,0,0,0,0
46,11718,1433,0,0,0,0,0
46,12110,1387,0,0,0,0,0
46,11398,1399,0,0,0,0,0
46,11606,1365,0,0,0,0,0
46,11921,1438,0,0,0,0,0
46,11599,1404,0,0,0,0,0
46,11605,1414,0,0,0,0,0
46,11830,1452,0,0,0,0,0
46,11690,1397,0,0,0,0,0
46,11803,1381,0,0,0,0,0
46,11712,1418,0,0,0,0,0
46,11573,1389,0,0,0,0,0
46,11989,1408,0,0,0,0,0
46,11747,1393,0,0,0,0,0
46,11715,1417,0,0,0,0,0
46,11823,1327,0,0,0,0,0
46,11889,1381,0,0,0,0,0
46,11797,1474,0,0,0,0,0
46,11916,1377,0,0,0,0,0
47,13009,1483,0,0,0,0,0
47,12224,1406,0,0,0,0,0
47,12439,1403,0,0,0,0,0
47,12133,1389,0,0,0,0,0
47,12355,1447,0,0,0,0,0
47,12224,1431,0,0,0,0,0
47,12306,1408,0,0,0,0,0
47,12240,1379,0,0,0,0,0
47,12240,1411,0,0,0,0,0
47,12296,1417,0,0,0,0,0
47,12162,1322,0,0,0,0,0
47,12622,1393,0,0,0,0,0
47,12368,1367,0,0,0,0,0
47,12467,1347,0,0,0,0,0
47,11965,1407,0,0,0,0,0
47,12274,1386,0,0,0,0,0
47,12200,1372,0,0,0,0,0
47,12478,1368,0,0,0,0,0
47,12324,1357,0,0,0,0,0
47,12210,1388,0,0,0,0,0
48,10651,1463,0,0,0,0,0
48,9531,1405,0,0,0,0,0
48,12154,1435,0,0,0,0,0
48,12323,1442,0,0,0,0,0
48,12105,1382,0,0,0,0,0
48,12230,1377,0,0,0,0,0
48,12207,1386,0,0,0,0,0
48,12321,1352,0,0,0,0,0
48,12240,1398,0,0,0,0,0
48,12431,1383,0,0,0,0,0
48,12436,1431,0,0,0,0,0
48,12166,1396,0,0,0,0,0
48,12343,1421,0,0,0,0,0
48,12024,1400,0,0,0,0,0
48,12246,1405,0,0,0,0,0
48,12104,1357,0,0,0,0,0
48,11972,1399,0,0,0,0,0
48,12159,1423,0,0,0,0,0
48,12104,1435,0,0,0,0,0
48,12278,1428,0,0,0,0,0
49,10257,1576,0,0,0,0,0
49,12962,1460,0,0,0,0,0
49,9947,1488,0,0,0,0,0
49,10324,1446,0,0,0,0,0
49,9893,1395,0,0,0,0,0
49,10027,1445,0,0,0,0,0
49,10304,1415,0,0,0,0,0
49,10177,1468,0,0,0,0,0
49,10008,1368,0,0,0,0,0
49,9860,1487,0,0,0,0,0
49,10162,1449,0,0,0,0,0
49,12518,1380,0,0,0,0,0
49,12429,1463,0,0,0,0,0
49,12179,1428,0,0,0,0,0
49,10816,1441,0,0,0,0,0
49,10170,1468,0,0,0,0,0
49,30087,1476,0,0,0,0,0
49,10274,1418,0,0,0,0,0
49,9969,1466,0,0,0,0,0
49,9866,1439,0,0,0,0,0
50,13048,1438,0,0,0,0,0
50,12205,1354,0,0,0,0,0
50,12397,1404,0,0,0,0,0
50,12396,1382,0,0,0,0,0
50,12384,1406,0,0,0,0,0
50,12241,1370,0,0,0,0,0
50,12671,1419,0,0,0,0,0
50,12282,1375,0,0,0,0,0
50,12678,1443,0,0,0,0,0
50,12564,1401,0,0,0,0,0
50,12388,1431,0,0,0,0,0
50,12478,1386,0,0,0,0,0
50,12883,1430,0,0,0,0,0
50,12500,1389,0,0,0,0,0
50,12417,1362,0,0,0,0,0
50,12581,1361,0,0,0,0,0
50,12464,1403,0,0,0,0,0
50,12617,1403,0,0,0,0,0
50,12599,1348,0,0,0,0,0
50,12154,1433,0,0,0,0,0
51,13212,1558,0,0,0,0,0
51,12649,1430,0,0,0,0,0
51,12576,1488,0,0,0,0,0
51,12747,1418,0,0,0,0,0
51,12773,1419,0,0,0,0,0
51,12391,1438,0,0,0,0,0
51,12739,1447,0,0,0,0,0
51,12675,1469,0,0,0,0,0
51,12355,1468,0,0,0,0,0
51,12869,1439,0,0,0,0,0
51,13035,1409,0,0,0,0,0
51,12302,1410,0,0,0,0,0
51,12074,1411,0,0,0,0,0
51,13161,1461,0,0,0,0,0
51,12600,1455,0,0,0,0,0
51,12654,1503,0,0,0,0,0
51,12750,1469,0,0,0,0,0
51,12508,1447,0,0,0,0,0
51,12645,1400,0,0,0,0,0
51,12861,1479,0,0,0,0,0
52,10680,1457,0,0,0,0,0
52,12609,1361,0,0,0,0,0
52,12806,1384,0,0,0,0,0
52,12460,1377,0,0,0,0,0
52,12421,1361,0,0,0,0,0
52,12599,1415,0,0,0,0,0
52,12428,1450,0,0,0,0,0
52,12369,1334,0,0,0,0,0
52,12537,1349,0,0,0,0,0
52,12740,1463,0,0,0,0,0
52,12599,1408,0,0,0,0,0
52,10057,1367,0,0,0,0,0
52,12515,1366,0,0,0,0,0
52,9907,1386,0,0,0,0,0
52,12536,1422,0,0,0,0,0
52,12574,1421,0,0,0,0,0
52,12454,1474,0,0,0,0,0
52,12580,1400,0,0,0,0,0
52,10006,1339,0,0,0,0,0
52,12656,1296,0,0,0,0,0
53,10650,1444,0,0,0,0,0
53,12859,1485,0,0,0,0,0
53,10279,1413,0,0,0,0,0
53,10040,1415,0,0,0,0,0
53,9881,1370,0,0,0,0,0
53,10177,1390,0,0,0,0,0
53,9862,1363,0,0,0,0,0
53,10187,1358,0,0,0,0,0
53,10122,1433,0,0,0,0,0
53,9903,1364,0,0,0,0,0
53,10043,1322,0,0,0,0,0
53,12721,1350,0,0,0,0,0
53,9847,1337,0,0,0,0,0
53,10317,1337,0,0,0,0,0
53,12759,1316,0,0,0,0,0
53,10120,1414,0,0,0,0,0
53,10328,1368,0,0,0,0,0
53,12745,1379,0,0,0,0,0
53,10294,1354,0,0,0,0,0
53,9865,1349,0,0,0,0,0
54,15523,1495,0,0,0,0,0
54,12733,1504,0,0,0,0,0
54,12787,1484,0,0,0,0,0
54,12588,1418,0,0,0,0,0
54,13072,1509,0,0,0,0,0
54,12640,1436,0,0,0,0,0
54,12850,1457,0,0,0,0,0
54,12569,1433,0,0,0,0,0
54,13056,1500,0,0,0,0,0
54,12637,1473,0,0,0,0,0
54,12233,1521,0,0,0,0,0
54,12434,1375,0,0,0,0,0
54,12703,1423,0,0,0,0,0
54,13196,1463,0,0,0,0,0
54,12887,1487,0,0,0,0,0
54,12606,1454,0,0,0,0,0
54,12464,1396,0,0,0,0,0
54,12749,1452,0,0,0,0,0
54,12787,1496,0,0,0,0,0
54,12838,1398,0,0,0,0,0
55,13333,1468,0,0,0,0,0
55,13507,1441,0,0,0,0,0
55,13654,1399,0,0,0,0,0
55,13282,1366,0,0,0,0,0
55,13304,1382,0,0,0,0,0
55,13428,1401,0,0,0,0,0
55,13181,1421,0,0,0,0,0
55,13162,1440,0,0,0,0,0
55,13092,1403,0,0,0,0,0
55,13057,1461,0,0,0,0,0
55,13165,1489,0,0,0,0,0
55,13415,1499,0,0,0,0,0
55,12989,1415,0,0,0,0,0
55,13085,1426,0,0,0,0,0
55,13051,1382,0,0,0,0,0
55,13126,1414,0,0,0,0,0
55,12887,1432,0,0,0,0,0
55,13471,1406,0,0,0,0,0
55,13243,1428,0,0,0,0,0
55,13015,1379,0,0,0,0,0
56,13357,1568,0,0,0,0,0
56,10133,1440,0,0,0,0,0
56,10139,1410,0,0,0,0,0
56,10092,1544,0,0,0,0,0
56,9954,1407,0,0,0,0,0
56,15790,1515,0,0,0,0,0
56,12800,1501,0,0,0,0,0
56,10117,1458,0,0,0,0,0
56,12640,1489,0,0,0,0,0
56,12959,1423,0,0,0,0,0
56,12732,1496,0,0,0,0,0
56,10388,1471,0,0,0,0,0
56,12821,1445,0,0,0,0,0
56,12731,1475,0,0,0,0,0
56,12759,1450,0,0,0,0,0
56,10080,1473,0,0,0,0,0
56,12739,1431,0,0,0,0,0
56,12589,1541,0,0,0,0,0
56,13042,1438,0,0,0,0,0
56,12823,1479,0,0,0,0,0
57,13776,1441,0,0,0,0,0
57,10111,1451,0,0,0,0,0
57,12750,1409,0,0,0,0,0
57,13148,1478,0,0,0,0,0
57,12963,1396,0,0,0,0,0
57,10367,1437,0,0,0,0,0
57,10328,1437,0,0,0,0,0
57,22906,1420,0,0,0,0,0
57,13243,1466,0,0,0,0,0
57,13066,1463,0,0,0,0,0
57,10175,1463,0,0,0,0,0
57,10268,1409,0,0,0,0,0
57,10200,1391,0,0,0,0,0
57,10253,1435,0,0,0,0,0
57,10235,1419,0,0,0,0,0
57,10642,1432,0,0,0,0,0
57,12890,1411,0,0,0,0,0
57,12775,1398,0,0,0,0,0
57,12998,1395,0,0,0,0,0
57,9987,1351,0,0,0,0,0
58,11079,1455,0,0,0,0,0
58,10058,1360,0,0,0,0,0
58,10594,1443,0,0,0,0,0
58,13021,1356,0,0,0,0,0
58,10459,1440,0,0,0,0,0
58,10514,1385,0,0,0,0,0
58,10030,1401,0,0,0,0,0
58,12915,1416,0,0,0,0,0
58,13032,1409,0,0,0,0,0
58,12892,1344,0,0,0,0,0
58,13252,1370,0,0,0,0,0
58,10117,1369,0,0,0,0,0
58,12818,1396,0,0,0,0,0
58,13066,1359,0,0,0,0,0
58,12948,1408,0,0,0,0,0
58,13181,1369,0,0,0,0,0
58,12823,1384,0,0,0,0,0
58,12889,1405,0,0,0,0,0
58,10276,1366,0,0,0,0,0
58,10400,1309,0,0,0,0,0
59,13687,1461,0,0,0,0,0
59,13716,1457,0,0,0,0,0
59,13358,1440,0,0,0,0,0
59,18040,1463,0,0,0,0,0
59,13441,1417,0,0,0,0,0
59,13205,1454,0,0,0,0,0
59,13705,1404,0,0,0,0,0
59,13119,1412,0,0,0,0,0
59,13609,1434,0,0,0,0,0
59,13846,1412,0,0,0,0,0
59,13222,1489,0,0,0,0,0
59,13322,1416,0,0,0,0,0
59,13428,1395,0,0,0,0,0
59,13520,1415,0,0,0,0,0
59,13219,1356,0,0,0,0,0
59,10727,1418,0,0,0,0,0
59,13533,1407,0,0,0,0,0
59,13722,1418,0,0,0,0,0
59,13600,1398,0,0,0,0,0
59,13419,1446,0,0,0,0,0
60,14153,1444,0,0,0,0,0
60,13529,1393,0,0,0,0,0
60,13098,1399,0,0,0,0,0
60,13202,1368,0,0,0,0,0
60,13048,1362,0,0,0,0,0
60,13328,1372,0,0,0,0,0
60,13419,1363,0,0,0,0,0
60,13145,1390,0,0,0,0,0
60,13294,1414,0,0,0,0,0
60,13507,1432,0,0,0,0,0
60,13017,1366,0,0,0,0,0
60,12919,1368,0,0,0,0,0
60,13063,1405,0,0,0,0,0
60,13398,1400,0,0,0,0,0
60,13379,1388,0,0,0,0,0
60,13477,1419,0,0,0,0,0
60,13209,1405,0,0,0,0,0
60,13391,1418,0,0,0,0,0
60,13213,1336,0,0,0,0,0
60,13220,1426,0,0,0,0,0
61,10970,1495,0,0,0,0,0
61,10052,1392,0,0,0,0,0
61,10265,1416,0,0,0,0,0
61,13681,1440,0,0,0,0,0
61,10395,1375,0,0,0,0,0
61,10467,1485,0,0,0,0,0
61,13151,1414,0,0,0,0,0
61,10856,1397,0,0,0,0,0
61,13353,1389,0,0,0,0,0
61,10635,1443,0,0,0,0,0
61,10767,1459,0,0,0,0,0
61,10683,1408,0,0,0,0,0
61,10235,1432,0,0,0,0,0
61,10621,1369,0,0,0,0,0
61,13458,1402,0,0,0,0,0
61,10248,1373,0,0,0,0,0
61,10522,1437,0,0,0,0,0
61,10545,1416,0,0,0,0,0
61,10527,1369,0,0,0,0,0
61,10376,1405,0,0,0,0,0
62,10743,1431,0,0,0,0,0
62,13486,1389,0,0,0,0,0
62,10298,1384,0,0,0,0,0
62,10447,1357,0,0,0,0,0
62,11089,1399,0,0,0,0,0
62,10508,1431,0,0,0,0,0
62,10526,1399,0,0,0,0,0
62,10697,1353,0,0,0,0,0
62,10051,1410,0,0,0,0,0
62,13299,1397,0,0,0,0,0
62,13300,1408,0,0,0,0,0
62,13267,1402,0,0,0,0,0
62,13825,1381,0,0,0,0,0
62,13504,1355,0,0,0,0,0
62,13086,1403,0,0,0,0,0
62,13415,1416,0,0,0,0,0
62,13349,1396,0,0,0,0,0
62,13488,1424,0,0,0,0,0
62,13483,1380,0,0,0,0,0
62,13381,1394,0,0,0,0,0
63,11320,1469,0,0,0,0,0
63,10739,1460,0,0,0,0,0
63,13837,1420,0,0,0,0,0
63,13622,1441,0,0,0,0,0
63,16572,1479,0,0,0,0,0
63,11088,1510,0,0,0,0,0
63,11038,1475,0,0,0,0,0
63,10857,1517,0,0,0,0,0
63,10908,1397,0,0,0,0,0
63,13795,1528,0,0,0,0,0
63,13641,1425,0,0,0,0,0
63,10978,1524,0,0,0,0,0
63,10611,1416,0,0,0,0,0
63,11192,1516,0,0,0,0,0
63,10686,1414,0,0,0,0,0
63,10792,1522,0,0,0,0,0
63,13840,1468,0,0,0,0,0
63,10783,1460,0,0,0,0,0
63,14043,1442,0,0,0,0,0
63,13739,1453,0,0,0,0,0
64,13780,1510,0,0,0,0,0
64,13789,1363,0,0,0,0,0
64,13564,1470,0,0,0,0,0
64,13617,1480,0,0,0,0,0
64,13425,1502,0,0,0,0,0
64,13507,1407,0,0,0,0,0
64,13613,1447,0,0,0,0,0
64,13366,1464,0,0,0,0,0
64,13605,1466,0,0,0,0,0
64,13371,1419,0,0,0,0,0
64,13382,1492,0,0,0,0,0
64,13566,1414,0,0,0,0,0
64,14171,1439,0,0,0,0,0
64,13280,1474,0,0,0,0,0
64,13744,1451,0,0,0,0,0
64,13269,1462,0,0,0,0,0
64,13576,1454,0,0,0,0,0
64,13602,1448,0,0,0,0,0
64,13999,1498,0,0,0,0,0
64,14057,1479,0,0,0,0,0
65,13907,1543,0,0,0,0,0
65,13604,1463,0,0,0,0,0
65,13352,1468,0,0,0,0,0
65,13682,1499,0,0,0,0,0
65,13547,1468,0,0,0,0,0
65,13162,1488,0,0,0,0,0
65,13574,1486,0,0,0,0,0
65,13655,1518,0,0,0,0,0
65,13358,1456,0,0,0,0,0
65,13447,1475,0,0,0,0,0
65,13279,1482,0,0,0,0,0
65,13516,1483,0,0,0,0,0
65,13715,1452,0,0,0,0,0
65,13599,1480,0,0,0,0,0
65,13630,1498,0,0,0,0,0
65,13446,1412,0,0,0,0,0
65,13366,1426,0,0,0,0,0
65,13494,1474,0,0,0,0,0
65,13614,1449,0,0,0,0,0
65,13508,1405,0,0,0,0,0
66,14134,1478,0,0,0,0,0
66,14229,1446,0,0,0,0,0
66,14138,1477,0,0,0,0,0
66,13679,1453,0,0,0,0,0
66,14209,1437,0,0,0,0,0
66,13892,1414,0,0,0,0,0
66,14068,1394,0,0,0,0,0
66,13921,1396,0,0,0,0,0
66,13968,1405,0,0,0,0,0
66,13977,1389,0,0,0,0,0
66,13714,1460,0,0,0,0,0
66,13964,1375,0,0,0,0,0
66,14053,1440,0,0,0,0,0
66,13922,1387,0,0,0,0,0
66,13711,1424,0,0,0,0,0
66,13978,1434,0,0,0,0,0
66,13838,1424,0,0,0,0,0
66,13802,1358,0,0,0,0,0
66,14055,1408,0,0,0,0,0
66,13604,1421,0,0,0,0,0
67,10692,1413,0,0,0,0,0
67,13944,1430,0,0,0,0,0
67,13923,1436,0,0,0,0,0
67,13659,1465,0,0,0,0,0
67,10487,1434,0,0,0,0,0
67,10561,1431,0,0,0,0,0
67,13585,1441,0,0,0,0,0
67,14051,1436,0,0,0,0,0
67,13502,1480,0,0,0,0,0
67,13817,1448,0,0,0,0,0
67,10569,1466,0,0,0,0,0
67,13914,1438,0,0,0,0,0
67,13664,1431,0,0,0,0,0
67,10812,1494,0,0,0,0,0
67,10396,1480,0,0,0,0,0
67,13626,1442,0,0,0,0,0
67,14243,1441,0,0,0,0,0
67,13890,1476,0,0,0,0,0
67,13665,1433,0,0,0,0,0
67,10498,1414,0,0,0,0,0
68,15125,1492,0,0,0,0,0
68,13995,1438,0,0,0,0,0
68,10710,1394,0,0,0,0,0
68,14164,1425,0,0,0,0,0
68,10676,1457,0,0,0,0,0
68,10628,1397,0,0,0,0,0
68,14041,1397,0,0,0,0,0
68,14125,1429,0,0,0,0,0
68,14136,1408,0,0,0,0,0
68,13784,1433,0,0,0,0,0
68,11090,1347,0,0,0,0,0
68,13988,1395,0,0,0,0,0
68,14047,1434,0,0,0,0,0
68,14133,1411,0,0,0,0,0
68,10753,1412,0,0,0,0,0
68,14434,1407,0,0,0,0,0
68,13927,1432,0,0,0,0,0
68,14127,1412,0,0,0,0,0
68,14197,1426,0,0,0,0,0
68,10669,1425,0,0,0,0,0
69,14424,1474,0,0,0,0,0
69,14191,1434,0,0,0,0,0
69,14341,1527,0,0,0,0,0
69,13895,1534,0,0,0,0,0
69,10733,1435,0,0,0,0,0
69,10677,1499,0,0,0,0,0
69,10710,1457,0,0,0,0,0
69,10707,1501,0,0,0,0,0
69,14098,1527,0,0,0,0,0
69,14317,1461,0,0,0,0,0
69,14430,1522,0,0,0,0,0
69,14049,1473,0,0,0,0,0
69,14266,1457,0,0,0,0,0
69,14015,1475,0,0,0,0,0
69,13846,1467,0,0,0,0,0
69,14394,1425,0,0,0,0,0
69,10837,1464,0,0,0,0,0
69,14242,1494,0,0,0,0,0
69,13945,1467,0,0,0,0,0
69,10789,1449,0,0,0,0,0
70,10855,1539,0,0,0,0,0
70,14958,1458,0,0,0,0,0
70,14128,1484,0,0,0,0,0
70,14351,1483,0,0,0,0,0
70,14128,1507,0,0,0,0,0
70,14107,1548,0,0,0,0,0
70,11168,1499,0,0,0,0,0
70,14365,1443,0,0,0,0,0
70,14656,1465,0,0,0,0,0
70,14559,1490,0,0,0,0,0
70,14422,1497,0,0,0,0,0
70,14469,1514,0,0,0,0,0
70,14502,1452,0,0,0,0,0
70,14205,1464,0,0,0,0,0
70,14176,1532,0,0,0,0,0
70,14312,1452,0,0,0,0,0
70,14212,1513,0,0,0,0,0
70,14019,1454,0,0,0,0,0
70,14297,1462,0,0,0,0,0
70,14452,1444,0,0,0,0,0
71,11562,1523,0,0,0,0,0
71,10864,1445,0,0,0,0,0
71,10850,1425,0,0,0,0,0
71,10827,1424,0,0,0,0,0
71,10958,1389,0,0,0,0,0
71,11445,1397,0,0,0,0,0
71,11199,1424,0,0,0,0,0
71,10910,1430,0,0,0,0,0
71,11067,1410,0,0,0,0,0
71,11168,1455,0,0,0,0,0
71,10944,1489,0,0,0,0,0
71,11055,1421,0,0,0,0,0
71,11192,1430,0,0,0,0,0
71,10964,1503,0,0,0,0,0
71,11024,1409,0,0,0,0,0
71,10943,1420,0,0,0,0,0
71,11027,1435,0,0,0,0,0
71,10905,1426,0,0,0,0,0
71,10901,1490,0,0,0,0,0
71,11303,1462,0,0,0,0,0
72,11733,1418,0,0,0,0,0
72,10736,1393,0,0,0,0,0
72,11084,1421,0,0,0,0,0
72,10862,1377,0,0,0,0,0
72,11469,1380,0,0,0,0,0
72,10953,1350,0,0,0,0,0
72,10970,1426,0,0,0,0,0
72,11031,1361,0,0,0,0,0
72,11194,1389,0,0,0,0,0
72,11191,1454,0,0,0,0,0
72,10852,1408,0,0,0,0,0
72,11504,1386,0,0,0,0,0
72,11019,1410,0,0,0,0,0
72,10876,1370,0,0,0,0,0
72,10937,1424,0,0,0,0,0
72,14551,1427,0,0,0,0,0
72,10748,1405,0,0,0,0,0
72,10956,1349,0,0,0,0,0
72,11012,1407,0,0,0,0,0
72,10928,1406,0,0,0,0,0
73,11606,1453,0,0,0,0,0
73,14415,1401,0,0,0,0,0
73,11015,1364,0,0,0,0,0
73,11070,1444,0,0,0,0,0
73,11062,1419,0,0,0,0,0
73,14696,1464,0,0,0,0,0
73,11019,1376,0,0,0,0,0
73,11183,1434,0,0,0,0,0
73,10917,1421,0,0,0,0,0
73,11355,1417,0,0,0,0,0
73,10722,1374,0,0,0,0,0
73,10982,1443,0,0,0,0,0
73,10873,1367,0,0,0,0,0
73,11009,1471,0,0,0,0,0
73,11015,1426,0,0,0,0,0
73,10854,1427,0,0,0,0,0
73,10962,1410,0,0,0,0,0
73,10847,1403,0,0,0,0,0
73,10924,1343,0,0,0,0,0
73,10936,1449,0,0,0,0,0
74,11539,1498,0,0,0,0,0
74,11492,1465,0,0,0,0,0
74,11205,1429,0,0,0,0,0
74,11646,1373,0,0,0,0,0
74,11400,1454,0,0,0,0,0
74,11533,1367,0,0,0,0,0
74,11203,1430,0,0,0,0,0
74,11645,1446,0,0,0,0,0
74,11039,1384,0,0,0,0,0
74,11212,1390,0,0,0,0,0
74,11075,1445,0,0,0,0,0
74,11103,1372,0,0,0,0,0
74,11169,1445,0,0,0,0,0
74,11428,1377,0,0,0,0,0
74,11257,1414,0,0,0,0,0
74,10949,1452,0,0,0,0,0
74,14844,1402,0,0,0,0,0
74,11107,1394,0,0,0,0,0
74,11237,1423,0,0,0,0,0
74,11279,1401,0,0,0,0,0
75,11168,1486,0,0,0,0,0
75,14744,1402,0,0,0,0,0
75,10843,1350,0,0,0,0,0
75,10815,1386,0,0,0,0,0
75,10834,1373,0,0,0,0,0
75,10768,1354,0,0,0,0,0
75,10971,1406,0,0,0,0,0
75,10837,1438,0,0,0,0,0
75,10583,1405,0,0,0,0,0
75,11199,1392,0,0,0,0,0
75,10911,1384,0,0,0,0,0
75,10887,1404,0,0,0,0,0
75,11458,1382,0,0,0,0,0
75,11024,1424,0,0,0,0,0
75,10654,1434,0,0,0,0,0
75,10473,1365,0,0,0,0,0
75,10895,1410,0,0,0,0,0
75,11041,1403,0,0,0,0,0
75,11149,1372,0,0,0,0,0
75,10641,1388,0,0,0,0,0
76,15013,1479,0,0,0,0,0
76,14966,1390,0,0,0,0,0
76,14732,1374,0,0,0,0,0
76,15029,1388,0,0,0,0,0
76,15258,1420,0,0,0,0,0
76,14599,1421,0,0,0,0,0
76,15312,1441,0,0,0,0,0
76,15137,1332,0,0,0,0,0
76,14928,1390,0,0,0,0,0
76,14845,1422,0,0,0,0,0
76,15037,1383,0,0,0,0,0
76,14791,1383,0,0,0,0,0
76,16470,1423,0,0,0,0,0
76,15123,1440,0,0,0,0,0
76,14905,1437,0,0,0,0,0
76,14647,1389,0,0,0,0,0
76,10898,1390,0,0,0,0,0
76,15341,1410,0,0,0,0,0
76,10953,1436,0,0,0,0,0
76,15359,1395,0,0,0,0,0
77,11314,1536,0,0,0,0,0
77,10740,1438,0,0,0,0,0
77,10926,1392,0,0,0,0,0
77,10842,1425,0,0,0,0,0
77,10884,1424,0,0,0,0,0
77,10909,1416,0,0,0,0,0
77,10992,1340,0,0,0,0,0
77,10959,1423,0,0,0,0,0
77,10970,1348,0,0,0,0,0
77,31493,1428,0,0,0,0,0
77,10534,1420,0,0,0,0,0
77,14534,1428,0,0,0,0,0
77,11064,1461,0,0,0,0,0
77,10584,1404,0,0,0,0,0
77,10923,1469,0,0,0,0,0
77,10852,1417,0,0,0,0,0
77,10845,1377,0,0,0,0,0
77,10942,1468,0,0,0,0,0
77,10942,1468,0,0,0,0,0
77,11006,1487,0,0,0,0,0
78,15144,1545,0,0,0,0,0
78,10863,1369,0,0,0,0,0
78,14684,1382,0,0,0,0,0
78,23693,1378,0,0,0,0,0
78,10763,1412,0,0,0,0,0
78,10578,1399,0,0,0,0,0
78,11192,1406,0,0,0,0,0
78,10662,1384,0,0,0,0,0
78,10788,1430,0,0,0,0,0
78,10954,1325,0,0,0,0,0
78,14758,1457,0,0,0,0,0
78,10696,1389,0,0,0,0,0
78,10914,1397,0,0,0,0,0
78,10737,1421,0,0,0,0,0
78,10552,1362,0,0,0,0,0
78,10703,1338,0,0,0,0,0
78,14709,1379,0,0,0,0,0
78,10823,1400,0,0,0,0,0
78,10757,1408,0,0,0,0,0
78,10424,1414,0,0,0,0,0
79,14986,1529,0,0,0,0,0
79,15010,1473,0,0,0,0,0
79,14614,1385,0,0,0,0,0
79,15069,1500,0,0,0,0,0
79,14732,1485,0,0,0,0,0
79,11456,1440,0,0,0,0,0
79,10615,1394,0,0,0,0,0
79,10878,1577,0,0,0,0,0
79,15195,1449,0,0,0,0,0
79,10719,1396,0,0,0,0,0
79,11129,1409,0,0,0,0,0
79,11023,1400,0,0,0,0,0
79,14858,1382,0,0,0,0,0
79,14582,1363,0,0,0,0,0
79,10996,1517,0,0,0,0,0
79,10810,1411,0,0,0,0,0
79,14953,1421,0,0,0,0,0
79,10812,1361,0,0,0,0,0
79,14780,1404,0,0,0,0,0
79,10632,1416,0,0,0,0,0
80,15677,1522,0,0,0,0,0
80,15365,1448,0,0,0,0,0
80,15367,1503,0,0,0,0,0
80,28221,1443,0,0,0,0,0
80,11246,1406,0,0,0,0,0
80,15795,1459,0,0,0,0,0
80,15424,1438,0,0,0,0,0
80,15019,1400,0,0,0,0,0
80,15146,1468,0,0,0,0,0
80,11130,1432,0,0,0,0,0
80,15580,1455,0,0,0,0,0
80,11255,1396,0,0,0,0,0
80,15301,1462,0,0,0,0,0
80,15770,1463,0,0,0,0,0
80,15252,1443,0,0,0,0,0
80,15436,1443,0,0,0,0,0
80,15327,1472,0,0,0,0,0
80,16170,1507,0,0,0,0,0
80,15543,1493,0,0,0,0,0
80,14997,1388,0,0,0,0,0
81,16289,1536,0,0,0,0,0
81,16118,2201,0,0,0,0,0
81,15844,1416,0,0,0,0,0
81,15840,1464,0,0,0,0,0
81,11451,1461,0,0,0,0,0
81,15597,1427,0,0,0,0,0
81,15695,1376,0,0,0,0,0
81,15790,1436,0,0,0,0,0
81,15686,1463,0,0,0,0,0
81,15589,1458,0,0,0,0,0
81,15463,1423,0,0,0,0,0
81,15272,1434,0,0,0,0,0
81,15640,1478,0,0,0,0,0
81,11113,1421,0,0,0,0,0
81,15280,1446,0,0,0,0,0
81,15491,1458,0,0,0,0,0
81,15065,1437,0,0,0,0,0
81,15304,1488,0,0,0,0,0
81,15505,1463,0,0,0,0,0
81,15374,1420,0,0,0,0,0
82,11759,1455,0,0,0,0,0
82,15628,1407,0,0,0,0,0
82,11376,1521,0,0,0,0,0
82,23911,1451,0,0,0,0,0
82,11248,1467,0,0,0,0,0
82,10926,1482,0,0,0,0,0
82,11488,1455,0,0,0,0,0
82,11310,1435,0,0,0,0,0
82,11324,1497,0,0,0,0,0
82,11187,1386,0,0,0,0,0
82,11093,1519,0,0,0,0,0
82,11323,1389,0,0,0,0,0
82,11439,1490,0,0,0,0,0
82,11404,1483,0,0,0,0,0
82,11424,1519,0,0,0,0,0
82,11231,1466,0,0,0,0,0
82,11290,1452,0,0,0,0,0
82,11486,1419,0,0,0,0,0
82,11066,1486,0,0,0,0,0
82,11472,1450,0,0,0,0,0
83,32252,1515,0,0,0,0,0
83,11135,1396,0,0,0,0,0
83,10800,1360,0,0,0,0,0
83,11096,1391,0,0,0,0,0
83,11004,1374,0,0,0,0,0
83,11187,1406,0,0,0,0,0
83,11229,1406,0,0,0,0,0
83,11085,1468,0,0,0,0,0
83,10930,1398,0,0,0,0,0
83,11311,1432,0,0,0,0,0
83,10932,1413,0,0,0,0,0
83,11011,1404,0,0,0,0,0
83,11200,1385,0,0,0,0,0
83,11249,1429,0,0,0,0,0
83,11601,1434,0,0,0,0,0
83,11180,1467,0,0,0,0,0
83,11002,1427,0,0,0,0,0
83,11172,1449,0,0,0,0,0
83,11030,1423,0,0,0,0,0
83,11296,1403,0,0,0,0,0
84,11784,1496,0,0,0,0,0
84,15626,1472,0,0,0,0,0
84,15535,1421,0,0,0,0,0
84,10719,1427,0,0,0,0,0
84,10830,1427,0,0,0,0,0
84,11355,1428,0,0,0,0,0
84,11431,1429,0,0,0,0,0
84,11327,1446,0,0,0,0,0
84,11677,1450,0,0,0,0,0
84,15994,1393,0,0,0,0,0
84,11241,1462,0,0,0,0,0
84,15846,1477,0,0,0,0,0
84,11220,1452,0,0,0,0,0
84,11370,1404,0,0,0,0,0
84,11463,1423,0,0,0,0,0
84,11316,1403,0,0,0,0,0
84,15561,1460,0,0,0,0,0
84,11575,1463,0,0,0,0,0
84,11651,1419,0,0,0,0,0
84,11350,1410,0,0,0,0,0
85,11491,1448,0,0,0,0,0
85,11140,1472,0,0,0,0,0
85,10909,1493,0,0,0,0,0
85,11125,1506,0,0,0,0,0
85,10861,1434,0,0,0,0,0
85,11276,1470,0,0,0,0,0
85,11044,1483,0,0,0,0,0
85,11137,1498,0,0,0,0,0
85,10870,1427,0,0,0,0,0
85,10777,1445,0,0,0,0,0
85,10890,1421,0,0,0,0,0
85,10800,1524,0,0,0,0,0
85,11075,1490,0,0,0,0,0
85,10585,1495,0,0,0,0,0
85,11177,1490,0,0,0,0,0
85,10851,1512,0,0,0,0,0
85,11182,1448,0,0,0,0,0
85,11286,1469,0,0,0,0,0
85,11411,1452,0,0,0,0,0
85,11294,1480,0,0,0,0,0
86,12559,1462,0,0,0,0,0
86,12013,1439,0,0,0,0,0
86,11723,1457,0,0,0,0,0
86,12664,1465,0,0,0,0,0
86,11581,1458,0,0,0,0,0
86,11813,1399,0,0,0,0,0
86,11860,1372,0,0,0,0,0
86,12037,1410,0,0,0,0,0
86,11675,1421,0,0,0,0,0
86,11739,1406,0,0,0,0,0
86,11692,1460,0,0,0,0,0
86,11591,1393,0,0,0,0,0
86,11605,1434,0,0,0,0,0
86,11963,1429,0,0,0,0,0
86,11563,1424,0,0,0,0,0
86,11593,1422,0,0,0,0,0
86,11564,1425,0,0,0,0,0
86,11789,1453,0,0,0,0,0
86,11719,1403,0,0,0,0,0
86,11790,1396,0,0,0,0,0
87,11504,1493,0,0,0,0,0
87,11212,1438,0,0,0,0,0
87,10662,1401,0,0,0,0,0
87,10824,1492,0,0,0,0,0
87,10863,1436,0,0,0,0,0
87,11328,1523,0,0,0,0,0
87,15608,1478,0,0,0,0,0
87,11101,1489,0,0,0,0,0
87,11005,1502,0,0,0,0,0
87,15830,1458,0,0,0,0,0
87,10710,1498,0,0,0,0,0
87,11199,1483,0,0,0,0,0
87,11030,1471,0,0,0,0,0
87,15687,1470,0,0,0,0,0
87,11057,1470,0,0,0,0,0
87,11195,1468,0,0,0,0,0
87,11089,1485,0,0,0,0,0
87,15571,1456,0,0,0,0,0
87,16182,1439,0,0,0,0,0
87,10935,1484,0,0,0,0,0
88,12182,1544,0,0,0,0,0
88,16042,1510,0,0,0,0,0
88,11384,1525,0,0,0,0,0
88,15871,1517,0,0,0,0,0
88,11552,1521,0,0,0,0,0
88,11394,1457,0,0,0,0,0
88,11085,1577,0,0,0,0,0
88,16032,1439,0,0,0,0,0
88,16045,1475,0,0,0,0,0
88,16379,1416,0,0,0,0,0
88,15941,1481,0,0,0,0,0
88,15952,1498,0,0,0,0,0
88,11679,1509,0,0,0,0,0
88,16314,2317,0,0,0,0,0
88,11579,1487,0,0,0,0,0
88,11745,1493,0,0,0,0,0
88,16229,1446,0,0,0,0,0
88,16315,1507,0,0,0,0,0
88,16015,1532,0,0,0,0,0
88,16303,1506,0,0,0,0,0
89,11438,1411,0,0,0,0,0
89,11183,1413,0,0,0,0,0
89,10949,1350,0,0,0,0,0
89,11209,1329,0,0,0,0,0
89,10957,1433,0,0,0,0,0
89,11049,1435,0,0,0,0,0
89,11749,1314,0,0,0,0,0
89,11022,1363,0,0,0,0,0
89,11318,1345,0,0,0,0,0
89,10902,1377,0,0,0,0,0
89,10927,1309,0,0,0,0,0
89,11197,1373,0,0,0,0,0
89,10695,1380,0,0,0,0,0
89,15368,1358,0,0,0,0,0
89,11218,1373,0,0,0,0,0
89,11140,1396,0,0,0,0,0
89,10906,1372,0,0,0,0,0
89,11116,1409,0,0,0,0,0
89,11129,1341,0,0,0,0,0
89,11127,1408,0,0,0,0,0
90,11548,1514,0,0,0,0,0
90,11256,1462,0,0,0,0,0
90,11181,1454,0,0,0,0,0
90,11292,1465,0,0,0,0,0
90,11170,1483,0,0,0,0,0
90,11243,1449,0,0,0,0,0
90,11143,1431,0,0,0,0,0
90,11109,1416,0,0,0,0,0
90,11046,1412,0,0,0,0,0
90,11188,1411,0,0,0,0,0
90,11429,1409,0,0,0,0,0
90,11186,1424,0,0,0,0,0
90,11195,1446,0,0,0,0,0
90,11168,1408,0,0,0,0,0
90,11045,1419,0,0,0,0,0
90,11147,1389,0,0,0,0,0
90,11101,1430,0,0,0,0,0
90,11257,1391,0,0,0,0,0
90,11343,1417,0,0,0,0,0
90,11295,1448,0,0,0,0,0
91,11843,1501,0,0,0,0,0
91,11493,1534,0,0,0,0,0
91,11140,1528,0,0,0,0,0
91,11474,1548,0,0,0,0,0
91,24268,1514,0,0,0,0,0
91,11415,1481,0,0,0,0,0
91,11626,1487,0,0,0,0,0
91,11005,1500,0,0,0,0,0
91,11238,1488,0,0,0,0,0
91,10981,1550,0,0,0,0,0
91,11433,1487,0,0,0,0,0
91,11395,1516,0,0,0,0,0
91,11096,1591,0,0,0,0,0
91,11241,1483,0,0,0,0,0
91,11117,1518,0,0,0,0,0
91,11032,1551,0,0,0,0,0
91,11048,1452,0,0,0,0,0
91,11159,1462,0,0,0,0,0
91,11337,1507,0,0,0,0,0
91,11325,1520,0,0,0,0,0
92,11873,1455,0,0,0,0,0
92,11040,1452,0,0,0,0,0
92,11174,1400,0,0,0,0,0
92,11328,1411,0,0,0,0,0
92,11107,1445,0,0,0,0,0
92,11371,1412,0,0,0,0,0
92,11075,1408,0,0,0,0,0
92,11133,1387,0,0,0,0,0
92,11305,1410,0,0,0,0,0
92,11426,1431,0,0,0,0,0
92,11096,1428,0,0,0,0,0
92,11192,1381,0,0,0,0,0
92,11376,1456,0,0,0,0,0
92,11391,1442,0,0,0,0,0
92,11321,1482,0,0,0,0,0
92,11218,1392,0,0,0,0,0
92,11220,1404,0,0,0,0,0
92,11052,1396,0,0,0,0,0
92,10921,1418,0,0,0,0,0
92,11078,1387,0,0,0,0,0
93,16895,1470,0,0,0,0,0
93,16030,1462,0,0,0,0,0
93,16331,1428,0,0,0,0,0
93,28832,1421,0,0,0,0,0
93,15958,1409,0,0,0,0,0
93,15777,1415,0,0,0,0,0
93,16439,1434,0,0,0,0,0
93,16189,1430,0,0,0,0,0
93,11575,1395,0,0,0,0,0
93,16737,1446,0,0,0,0,0
93,11308,1390,0,0,0,0,0
93,11301,1430,0,0,0,0,0
93,16318,1395,0,0,0,0,0
93,16072,1425,0,0,0,0,0
93,16517,1429,0,0,0,0,0
93,16551,1385,0,0,0,0,0
93,16082,1380,0,0,0,0,0
93,15930,1440,0,0,0,0,0
93,15668,1374,0,0,0,0,0
93,16373,1450,0,0,0,0,0
94,11864,1496,0,0,0,0,0
94,29858,1418,0,0,0,0,0
94,15831,1424,0,0,0,0,0
94,11578,1445,0,0,0,0,0
94,16626,1455,0,0,0,0,0
94,11420,1375,0,0,0,0,0
94,11202,1431,0,0,0,0,0
94,11420,1443,0,0,0,0,0
94,11482,1466,0,0,0,0,0
94,16279,1435,0,0,0,0,0
94,11837,1472,0,0,0,0,0
94,16377,1436,0,0,0,0,0
94,11111,1411,0,0,0,0,0
94,16451,1416,0,0,0,0,0
94,11004,1511,0,0,0,0,0
94,11353,1471,0,0,0,0,0
94,16160,1442,0,0,0,0,0
94,11275,1452,0,0,0,0,0
94,11459,1424,0,0,0,0,0
94,11331,1402,0,0,0,0,0
95,11843,1534,0,0,0,0,0
95,16574,1502,0,0,0,0,0
95,11344,1491,0,0,0,0,0
95,11627,1496,0,0,0,0,0
95,16190,1418,0,0,0,0,0
95,16562,1469,0,0,0,0,0
95,11230,1445,0,0,0,0,0
95,11607,1477,0,0,0,0,0
95,16266,1482,0,0,0,0,0
95,16338,1450,0,0,0,0,0
95,16968,1448,0,0,0,0,0
95,11482,1386,0,0,0,0,0
95,11129,1456,0,0,0,0,0
95,16342,1493,0,0,0,0,0
95,11231,1429,0,0,0,0,0
95,11382,1455,0,0,0,0,0
95,11206,1470,0,0,0,0,0
95,16792,1442,0,0,0,0,0
95,16598,1414,0,0,0,0,0
95,11362,1469,0,0,0,0,0
96,11882,1472,0,0,0,0,0
96,11573,1438,0,0,0,0,0
96,11464,1473,0,0,0,0,0
96,12188,1417,0,0,0,0,0
96,11523,1403,0,0,0,0,0
96,12046,1379,0,0,0,0,0
96,12209,1418,0,0,0,0,0
96,11801,1401,0,0,0,0,0
96,11950,1428,0,0,0,0,0
96,11400,1386,0,0,0,0,0
96,11916,1436,0,0,0,0,0
96,11382,1361,0,0,0,0,0
96,11394,1420,0,0,0,0,0
96,11979,1454,0,0,0,0,0
96,11666,1470,0,0,0,0,0
96,11880,1417,0,0,0,0,0
96,11742,1407,0,0,0,0,0
96,11824,1441,0,0,0,0,0
96,11818,1429,0,0,0,0,0
96,11728,1388,0,0,0,0,0
97,12126,1517,0,0,0,0,0
97,11442,1384,0,0,0,0,0
97,11366,1408,0,0,0,0,0
97,11491,1486,0,0,0,0,0
97,11199,1454,0,0,0,0,0
97,11242,1405,0,0,0,0,0
97,11387,1403,0,0,0,0,0
97,11815,1418,0,0,0,0,0
97,11236,1387,0,0,0,0,0
97,11253,1442,0,0,0,0,0
97,11182,1378,0,0,0,0,0
97,11288,1436,0,0,0,0,0
97,11300,1451,0,0,0,0,0
97,11150,1419,0,0,0,0,0
97,11598,1428,0,0,0,0,0
97,11329,1415,0,0,0,0,0
97,11422,1331,0,0,0,0,0
97,11475,1456,0,0,0,0,0
97,11340,1423,0,0,0,0,0
97,11437,1473,0,0,0,0,0
98,12164,1542,0,0,0,0,0
98,12128,1453,0,0,0,0,0
98,11790,1411,0,0,0,0,0
98,11519,1355,0,0,0,0,0
98,11884,1404,0,0,0,0,0
98,11466,1384,0,0,0,0,0
98,16692,1463,0,0,0,0,0
98,11387,1333,0,0,0,0,0
98,11773,1426,0,0,0,0,0
98,11699,1384,0,0,0,0,0
98,11323,1384,0,0,0,0,0
98,11546,1459,0,0,0,0,0
98,11392,1418,0,0,0,0,0
98,11607,1392,0,0,0,0,0
98,11578,1397,0,0,0,0,0
98,11546,1399,0,0,0,0,0
98,11869,1405,0,0,0,0,0
98,11485,1405,0,0,0,0,0
98,11397,1340,0,0,0,0,0
98,11510,1417,0,0,0,0,0
99,11437,1539,0,0,0,0,0
99,11116,1442,0,0,0,0,0
99,11338,1421,0,0,0,0,0
99,11470,1459,0,0,0,0,0
99,11751,1414,0,0,0,0,0
99,11164,1422,0,0,0,0,0
99,11291,1396,0,0,0,0,0
99,11512,1471,0,0,0,0,0
99,11516,1427,0,0,0,0,0
99,11431,1537,0,0,0,0,0
99,11244,1443,0,0,0,0,0
99,11180,1543,0,0,0,0,0
99,11073,1471,0,0,0,0,0
99,11208,1493,0,0,0,0,0
99,11423,1484,0,0,0,0,0
99,11299,1545,0,0,0,0,0
99,11223,1480,0,0,0,0,0
99,11349,1523,0,0,0,0,0
99,11150,1433,0,0,0,0,0
99,11160,1429,0,0,0,0,0

Raw Storage Info
========
Storage: Treasury Proposals (r:1 w:0)
Storage: Treasury Approvals (r:1 w:1)

Median Slopes Analysis
========
-- Extrinsic Time --

Model:
Time ~=    7.935
    + p    0.073
              µs

Reads = 2 + (0 * p)
Writes = 1 + (0 * p)

Min Squares Analysis
========
-- Extrinsic Time --

Data points distribution:
    p   mean µs  sigma µs       %
    0     5.704     0.031    0.5%
    1     6.412     0.077    1.2%
    2      6.55     0.051    0.7%
    3     7.054      0.09    1.2%
    4     7.052     0.032    0.4%
    5     7.253     0.032    0.4%
    6     7.638     0.052    0.6%
    7     7.285     0.038    0.5%
    8     7.704     0.093    1.2%
    9     8.172     0.041    0.5%
   10     8.137     0.112    1.3%
   11     8.654     0.063    0.7%
   12     8.253      0.08    0.9%
   13     8.643     0.074    0.8%
   14      8.65     0.048    0.5%
   15     8.522      0.04    0.4%
   16     8.866      0.06    0.6%
   17     8.759     0.032    0.3%
   18     9.209     0.074    0.8%
   19     9.321     0.089    0.9%
   20      9.16      0.06    0.6%
   21     9.586     0.056    0.5%
   22     9.617     0.077    0.8%
   23      9.78      0.04    0.4%
   24     9.511     0.061    0.6%
   25     9.889     0.083    0.8%
   26     10.31     0.067    0.6%
   27     10.42      0.11    1.0%
   28     10.39     0.096    0.9%
   29     10.32     0.052    0.5%
   30     10.51     0.099    0.9%
   31      10.5     0.048    0.4%
   32     10.53     0.064    0.6%
   33     10.61     0.064    0.6%
   34     10.68     0.039    0.3%
   35     10.81     0.096    0.8%
   36     10.68     0.087    0.8%
   37     11.19     0.064    0.5%
   38     10.82     0.087    0.8%
   39     11.39     0.071    0.6%
   40     11.34     0.041    0.3%
   41      11.7      0.12    1.0%
   42     11.54     0.097    0.8%
   43     12.02     0.093    0.7%
   44     11.93     0.045    0.3%
   45     11.89     0.097    0.8%
   46     11.77     0.061    0.5%
   47     12.28      0.05    0.4%
   48     12.18     0.057    0.4%
   49     10.25     0.213    2.0%
   50     12.47     0.076    0.6%
   51     12.68     0.064    0.5%
   52     12.51     0.062    0.4%
   53     10.19     0.103    1.0%
   54     12.73     0.081    0.6%
   55     13.19     0.083    0.6%
   56     12.23     0.988    8.0%
   57     11.62     1.257   10.8%
   58     11.99     1.098    9.1%
   59     13.49     0.111    0.8%
   60     13.27     0.087    0.6%
   61      10.6     0.132    1.2%
   62     12.56     1.132    9.0%
   63     11.83     1.204   10.1%
   64     13.58     0.077    0.5%
   65     13.53     0.059    0.4%
   66     13.95     0.063    0.4%
   67     13.09     1.174    8.9%
   68     13.72     0.884    6.4%
   69     13.73     0.976    7.1%
   70     14.29     0.102    0.7%
   71        11     0.073    0.6%
   72        11     0.076    0.6%
   73     10.99     0.046    0.4%
   74     11.28     0.105    0.9%
   75      10.9     0.076    0.6%
   76     14.97     0.106    0.7%
   77     10.92     0.039    0.3%
   78     10.84     0.136    1.2%
   79      12.9     1.815   14.0%
   80     15.37     0.123    0.8%
   81     15.53     0.123    0.7%
   82     11.36     0.069    0.6%
   83     11.13      0.07    0.6%
   84     11.49     0.153    1.3%
   85     11.05     0.115    1.0%
   86     11.74      0.07    0.5%
   87     11.17     0.145    1.2%
   88     14.75     1.891   12.8%
   89     11.11     0.076    0.6%
   90     11.19     0.036    0.3%
   91     11.28     0.111    0.9%
   92      11.2     0.081    0.7%
   93     16.17     0.173    1.0%
   94     12.44     1.786   14.3%
   95     13.44     2.322   17.2%
   96     11.78     0.101    0.8%
   97     11.35     0.062    0.5%
   98      11.6     0.104    0.8%
   99     11.29     0.082    0.7%

Quality and confidence:
param     error
p         0.001

Model:
Time ~=     8.32
    + p    0.054
              µs

Reads = 2 + (0 * p)
Writes = 1 + (0 * p)

Pallet: "pallet_treasury", Extrinsic: "on_initialize_proposals", Lowest values: [], Highest values: [], Steps: 50, Repeat: 20
p,extrinsic_time_ns,storage_root_time_ns,reads,repeat_reads,writes,repeat_writes,proof_size_bytes
0,36931,1535,0,0,0,0,0
0,34377,1368,0,0,0,0,0
0,34596,1382,0,0,0,0,0
0,33657,1346,0,0,0,0,0
0,33195,1335,0,0,0,0,0
0,33617,1346,0,0,0,0,0
0,33144,1310,0,0,0,0,0
0,33331,1301,0,0,0,0,0
0,32887,1423,0,0,0,0,0
0,33005,1333,0,0,0,0,0
0,33249,1360,0,0,0,0,0
0,33069,1327,0,0,0,0,0
0,33260,1268,0,0,0,0,0
0,33409,1324,0,0,0,0,0
0,33479,1358,0,0,0,0,0
0,33355,1366,0,0,0,0,0
0,33271,1345,0,0,0,0,0
0,35225,1331,0,0,0,0,0
0,33575,1395,0,0,0,0,0
0,32981,1359,0,0,0,0,0
2,96957,1566,0,0,0,0,0
2,92452,1497,0,0,0,0,0
2,91772,1441,0,0,0,0,0
2,93169,1499,0,0,0,0,0
2,92627,1499,0,0,0,0,0
2,92761,1529,0,0,0,0,0
2,92649,1457,0,0,0,0,0
2,92164,1483,0,0,0,0,0
2,92312,1401,0,0,0,0,0
2,92407,1458,0,0,0,0,0
2,91832,1455,0,0,0,0,0
2,91751,1508,0,0,0,0,0
2,92428,1420,0,0,0,0,0
2,92286,1461,0,0,0,0,0
2,92033,1499,0,0,0,0,0
2,96595,1432,0,0,0,0,0
2,91730,1471,0,0,0,0,0
2,93760,1426,0,0,0,0,0
2,92487,1471,0,0,0,0,0
2,92212,1549,0,0,0,0,0
4,151873,1586,0,0,0,0,0
4,146057,1626,0,0,0,0,0
4,146666,1574,0,0,0,0,0
4,145798,1581,0,0,0,0,0
4,144630,1557,0,0,0,0,0
4,146512,1565,0,0,0,0,0
4,146280,1555,0,0,0,0,0
4,146587,1554,0,0,0,0,0
4,151569,1573,0,0,0,0,0
4,146282,1573,0,0,0,0,0
4,145197,1659,0,0,0,0,0
4,145070,1510,0,0,0,0,0
4,145205,1600,0,0,0,0,0
4,141373,1510,0,0,0,0,0
4,142296,1518,0,0,0,0,0
4,143671,1545,0,0,0,0,0
4,142731,1545,0,0,0,0,0
4,145463,1707,0,0,0,0,0
4,142974,1584,0,0,0,0,0
4,143957,1531,0,0,0,0,0
6,200231,1686,0,0,0,0,0
6,196568,1617,0,0,0,0,0
6,196176,1577,0,0,0,0,0
6,195272,1597,0,0,0,0,0
6,196615,1605,0,0,0,0,0
6,196397,1535,0,0,0,0,0
6,195989,1542,0,0,0,0,0
6,195017,1557,0,0,0,0,0
6,195329,1557,0,0,0,0,0
6,234334,1594,0,0,0,0,0
6,195431,1533,0,0,0,0,0
6,195039,1568,0,0,0,0,0
6,193831,1527,0,0,0,0,0
6,193247,1580,0,0,0,0,0
6,194018,1498,0,0,0,0,0
6,196242,1588,0,0,0,0,0
6,196091,1656,0,0,0,0,0
6,197865,1572,0,0,0,0,0
6,194890,1614,0,0,0,0,0
6,195938,1555,0,0,0,0,0
8,256677,1674,0,0,0,0,0
8,254766,1684,0,0,0,0,0
8,253963,1664,0,0,0,0,0
8,254111,1636,0,0,0,0,0
8,253532,1630,0,0,0,0,0
8,255830,1630,0,0,0,0,0
8,256418,1537,0,0,0,0,0
8,293339,1555,0,0,0,0,0
8,256056,1588,0,0,0,0,0
8,253940,1569,0,0,0,0,0
8,253492,1652,0,0,0,0,0
8,254721,1594,0,0,0,0,0
8,254578,1584,0,0,0,0,0
8,255092,1580,0,0,0,0,0
8,254544,1563,0,0,0,0,0
8,253932,1546,0,0,0,0,0
8,255749,1637,0,0,0,0,0
8,255723,1607,0,0,0,0,0
8,253746,1625,0,0,0,0,0
8,253468,1631,0,0,0,0,0
10,309448,1668,0,0,0,0,0
10,307212,1600,0,0,0,0,0
10,306141,1579,0,0,0,0,0
10,304242,1557,0,0,0,0,0
10,305254,1545,0,0,0,0,0
10,304716,1630,0,0,0,0,0
10,306212,1638,0,0,0,0,0
10,305082,1567,0,0,0,0,0
10,305333,1609,0,0,0,0,0
10,304366,1570,0,0,0,0,0
10,303580,1525,0,0,0,0,0
10,305805,1619,0,0,0,0,0
10,306963,1604,0,0,0,0,0
10,305701,1579,0,0,0,0,0
10,303538,1547,0,0,0,0,0
10,306101,1578,0,0,0,0,0
10,306175,1574,0,0,0,0,0
10,305409,1601,0,0,0,0,0
10,305097,1548,0,0,0,0,0
10,306204,1563,0,0,0,0,0
12,403243,1724,0,0,0,0,0
12,360429,1622,0,0,0,0,0
12,357703,1622,0,0,0,0,0
12,361461,1608,0,0,0,0,0
12,357684,1686,0,0,0,0,0
12,359570,1601,0,0,0,0,0
12,362020,1586,0,0,0,0,0
12,358621,1609,0,0,0,0,0
12,359740,1671,0,0,0,0,0
12,360966,1636,0,0,0,0,0
12,359438,1642,0,0,0,0,0
12,358837,1635,0,0,0,0,0
12,359221,1646,0,0,0,0,0
12,402388,1657,0,0,0,0,0
12,358222,1601,0,0,0,0,0
12,359617,1603,0,0,0,0,0
12,358858,1566,0,0,0,0,0
12,400057,1644,0,0,0,0,0
12,359592,1734,0,0,0,0,0
12,359978,1687,0,0,0,0,0
14,456281,1719,0,0,0,0,0
14,413741,1657,0,0,0,0,0
14,444589,1646,0,0,0,0,0
14,412696,1638,0,0,0,0,0
14,412801,1634,0,0,0,0,0
14,412168,1702,0,0,0,0,0
14,410642,1646,0,0,0,0,0
14,413821,1651,0,0,0,0,0
14,416542,1618,0,0,0,0,0
14,413755,1595,0,0,0,0,0
14,413493,1559,0,0,0,0,0
14,447879,1657,0,0,0,0,0
14,413067,1615,0,0,0,0,0
14,412601,1620,0,0,0,0,0
14,413658,1620,0,0,0,0,0
14,429725,1658,0,0,0,0,0
14,414184,1617,0,0,0,0,0
14,417884,1657,0,0,0,0,0
14,414082,1663,0,0,0,0,0
14,411221,1686,0,0,0,0,0
16,467110,1767,0,0,0,0,0
16,464568,1675,0,0,0,0,0
16,504222,1589,0,0,0,0,0
16,467518,1685,0,0,0,0,0
16,464614,1639,0,0,0,0,0
16,464169,1805,0,0,0,0,0
16,467547,1672,0,0,0,0,0
16,464791,1710,0,0,0,0,0
16,464298,1609,0,0,0,0,0
16,466767,1708,0,0,0,0,0
16,466828,1714,0,0,0,0,0
16,466869,1626,0,0,0,0,0
16,503500,1649,0,0,0,0,0
16,469394,1609,0,0,0,0,0
16,466797,1668,0,0,0,0,0
16,463986,1680,0,0,0,0,0
16,466041,1721,0,0,0,0,0
16,466703,1667,0,0,0,0,0
16,463697,1626,0,0,0,0,0
16,506681,1673,0,0,0,0,0
18,559834,1696,0,0,0,0,0
18,517908,1635,0,0,0,0,0
18,521347,1627,0,0,0,0,0
18,564488,1795,0,0,0,0,0
18,516965,1665,0,0,0,0,0
18,517660,1688,0,0,0,0,0
18,576689,1674,0,0,0,0,0
18,545735,1697,0,0,0,0,0
18,517636,1689,0,0,0,0,0
18,535962,1652,0,0,0,0,0
18,519356,1688,0,0,0,0,0
18,519518,1670,0,0,0,0,0
18,560117,1680,0,0,0,0,0
18,517077,1624,0,0,0,0,0
18,517329,1585,0,0,0,0,0
18,556696,1676,0,0,0,0,0
18,517364,1646,0,0,0,0,0
18,519571,1586,0,0,0,0,0
18,558116,1701,0,0,0,0,0
18,518753,1641,0,0,0,0,0
20,577932,1695,0,0,0,0,0
20,600571,1743,0,0,0,0,0
20,570340,1740,0,0,0,0,0
20,571382,1667,0,0,0,0,0
20,569643,1658,0,0,0,0,0
20,607073,1791,0,0,0,0,0
20,573437,1670,0,0,0,0,0
20,574663,1652,0,0,0,0,0
20,614461,1638,0,0,0,0,0
20,571394,1643,0,0,0,0,0
20,573482,1643,0,0,0,0,0
20,573912,1720,0,0,0,0,0
20,575158,1664,0,0,0,0,0
20,572005,1657,0,0,0,0,0
20,571143,1690,0,0,0,0,0
20,572250,1681,0,0,0,0,0
20,604294,1665,0,0,0,0,0
20,571137,1685,0,0,0,0,0
20,585152,1662,0,0,0,0,0
20,610912,1718,0,0,0,0,0
22,623551,1804,0,0,0,0,0
22,686274,1728,0,0,0,0,0
22,625113,1673,0,0,0,0,0
22,623667,1710,0,0,0,0,0
22,620969,1706,0,0,0,0,0
22,622670,1685,0,0,0,0,0
22,623895,1666,0,0,0,0,0
22,618163,1652,0,0,0,0,0
22,620796,1640,0,0,0,0,0
22,659979,1676,0,0,0,0,0
22,620147,1643,0,0,0,0,0
22,625510,1706,0,0,0,0,0
22,621061,1620,0,0,0,0,0
22,622938,1668,0,0,0,0,0
22,661062,1651,0,0,0,0,0
22,624730,1649,0,0,0,0,0
22,620813,1640,0,0,0,0,0
22,620410,1731,0,0,0,0,0
22,622251,1652,0,0,0,0,0
22,659460,1710,0,0,0,0,0
24,713928,1778,0,0,0,0,0
24,685921,1725,0,0,0,0,0
24,718879,1635,0,0,0,0,0
24,681127,1733,0,0,0,0,0
24,682902,1741,0,0,0,0,0
24,680392,1650,0,0,0,0,0
24,678910,1585,0,0,0,0,0
24,680478,1651,0,0,0,0,0
24,680143,1660,0,0,0,0,0
24,719094,1714,0,0,0,0,0
24,681504,1773,0,0,0,0,0
24,683650,1739,0,0,0,0,0
24,680041,1646,0,0,0,0,0
24,679098,1741,0,0,0,0,0
24,693181,1655,0,0,0,0,0
24,682297,1698,0,0,0,0,0
24,717250,1699,0,0,0,0,0
24,684217,1621,0,0,0,0,0
24,677750,1779,0,0,0,0,0
24,682531,1658,0,0,0,0,0
26,777429,1807,0,0,0,0,0
26,764785,1818,0,0,0,0,0
26,771077,1752,0,0,0,0,0
26,731448,1641,0,0,0,0,0
26,733054,1767,0,0,0,0,0
26,731019,1699,0,0,0,0,0
26,733769,1664,0,0,0,0,0
26,733964,1758,0,0,0,0,0
26,728959,1674,0,0,0,0,0
26,729511,1775,0,0,0,0,0
26,733062,1745,0,0,0,0,0
26,766961,1756,0,0,0,0,0
26,731553,1743,0,0,0,0,0
26,764923,1663,0,0,0,0,0
26,728611,1700,0,0,0,0,0
26,733647,1742,0,0,0,0,0
26,729634,1651,0,0,0,0,0
26,731366,1716,0,0,0,0,0
26,731962,1679,0,0,0,0,0
26,730052,1704,0,0,0,0,0
28,796757,1704,0,0,0,0,0
28,788112,1702,0,0,0,0,0
28,827912,1673,0,0,0,0,0
28,791893,1694,0,0,0,0,0
28,822497,1734,0,0,0,0,0
28,793588,1667,0,0,0,0,0
28,826535,1672,0,0,0,0,0
28,817991,1748,0,0,0,0,0
28,826510,1742,0,0,0,0,0
28,847492,1653,0,0,0,0,0
28,821453,1681,0,0,0,0,0
28,788071,1670,0,0,0,0,0
28,824630,1716,0,0,0,0,0
28,792678,1693,0,0,0,0,0
28,793892,1687,0,0,0,0,0
28,789952,1689,0,0,0,0,0
28,792730,1706,0,0,0,0,0
28,794665,1773,0,0,0,0,0
28,786573,1700,0,0,0,0,0
28,854348,1662,0,0,0,0,0
30,840087,1719,0,0,0,0,0
30,873297,1778,0,0,0,0,0
30,831504,1707,0,0,0,0,0
30,875439,1691,0,0,0,0,0
30,833602,1714,0,0,0,0,0
30,876025,1687,0,0,0,0,0
30,833938,1793,0,0,0,0,0
30,879522,1693,0,0,0,0,0
30,835271,1793,0,0,0,0,0
30,878995,1703,0,0,0,0,0
30,835257,1777,0,0,0,0,0
30,870193,1852,0,0,0,0,0
30,865396,1694,0,0,0,0,0
30,870363,1722,0,0,0,0,0
30,861912,1768,0,0,0,0,0
30,832229,1774,0,0,0,0,0
30,837904,1778,0,0,0,0,0
30,833149,1750,0,0,0,0,0
30,835164,1690,0,0,0,0,0
30,834077,1809,0,0,0,0,0
32,941803,1877,0,0,0,0,0
32,890807,1738,0,0,0,0,0
32,892334,1797,0,0,0,0,0
32,896302,1734,0,0,0,0,0
32,887546,1735,0,0,0,0,0
32,890783,1700,0,0,0,0,0
32,892024,1689,0,0,0,0,0
32,896148,1778,0,0,0,0,0
32,896465,1733,0,0,0,0,0
32,932196,1751,0,0,0,0,0
32,894182,1769,0,0,0,0,0
32,932466,1755,0,0,0,0,0
32,894946,1775,0,0,0,0,0
32,928821,1782,0,0,0,0,0
32,920637,1748,0,0,0,0,0
32,894285,1785,0,0,0,0,0
32,897264,1783,0,0,0,0,0
32,895426,1774,0,0,0,0,0
32,936275,1769,0,0,0,0,0
32,926880,1745,0,0,0,0,0
34,990901,1757,0,0,0,0,0
34,952878,1796,0,0,0,0,0
34,985513,1779,0,0,0,0,0
34,947676,1727,0,0,0,0,0
34,945680,1702,0,0,0,0,0
34,944174,1745,0,0,0,0,0
34,944847,1778,0,0,0,0,0
34,980214,1718,0,0,0,0,0
34,943801,1792,0,0,0,0,0
34,980878,1778,0,0,0,0,0
34,941773,1693,0,0,0,0,0
34,947252,1748,0,0,0,0,0
34,947868,1864,0,0,0,0,0
34,1005318,1805,0,0,0,0,0
34,980882,1747,0,0,0,0,0
34,1001288,1759,0,0,0,0,0
34,950396,1743,0,0,0,0,0
34,943249,1929,0,0,0,0,0
34,946575,1750,0,0,0,0,0
34,944646,1819,0,0,0,0,0
36,1050193,1733,0,0,0,0,0
36,1009546,1761,0,0,0,0,0
36,1003561,1778,0,0,0,0,0
36,1004749,1851,0,0,0,0,0
36,1001330,1747,0,0,0,0,0
36,1041442,1790,0,0,0,0,0
36,996937,1790,0,0,0,0,0
36,1004241,1719,0,0,0,0,0
36,1003611,1793,0,0,0,0,0
36,1000195,1681,0,0,0,0,0
36,1047036,1802,0,0,0,0,0
36,1028235,1762,0,0,0,0,0
36,998287,1763,0,0,0,0,0
36,1042993,1793,0,0,0,0,0
36,1001779,1717,0,0,0,0,0
36,1045851,1744,0,0,0,0,0
36,1004602,1698,0,0,0,0,0
36,1007357,1716,0,0,0,0,0
36,1034042,1767,0,0,0,0,0
36,1006842,1733,0,0,0,0,0
38,1079861,1710,0,0,0,0,0
38,1074798,1647,0,0,0,0,0
38,1071467,1686,0,0,0,0,0
38,1071352,1765,0,0,0,0,0
38,1083962,1801,0,0,0,0,0
38,1073628,1726,0,0,0,0,0
38,1072837,1678,0,0,0,0,0
38,1080088,1675,0,0,0,0,0
38,1105340,1786,0,0,0,0,0
38,1073981,1663,0,0,0,0,0
38,1112907,1752,0,0,0,0,0
38,1075165,1720,0,0,0,0,0
38,1068261,1692,0,0,0,0,0
38,1076462,1716,0,0,0,0,0
38,1071331,1786,0,0,0,0,0
38,1163964,1771,0,0,0,0,0
38,1071141,1723,0,0,0,0,0
38,1069952,1720,0,0,0,0,0
38,1076963,1676,0,0,0,0,0
38,1071816,1691,0,0,0,0,0
40,1110321,1930,0,0,0,0,0
40,1149283,1805,0,0,0,0,0
40,1111202,1806,0,0,0,0,0
40,1121661,1806,0,0,0,0,0
40,1149621,1817,0,0,0,0,0
40,1112305,1907,0,0,0,0,0
40,1114027,1781,0,0,0,0,0
40,1226928,1800,0,0,0,0,0
40,1111717,1874,0,0,0,0,0
40,1144514,1803,0,0,0,0,0
40,1116588,1795,0,0,0,0,0
40,1116354,1736,0,0,0,0,0
40,1112636,1776,0,0,0,0,0
40,1109234,1776,0,0,0,0,0
40,1106933,1728,0,0,0,0,0
40,1111896,1760,0,0,0,0,0
40,1116380,1750,0,0,0,0,0
40,1111347,1764,0,0,0,0,0
40,1114364,1714,0,0,0,0,0
40,1140951,1736,0,0,0,0,0
42,1167271,1803,0,0,0,0,0
42,1271751,1769,0,0,0,0,0
42,1165255,1888,0,0,0,0,0
42,1169083,1766,0,0,0,0,0
42,1164269,1787,0,0,0,0,0
42,1204999,1816,0,0,0,0,0
42,1164099,1777,0,0,0,0,0
42,1169039,1780,0,0,0,0,0
42,1206471,1804,0,0,0,0,0
42,1170175,1797,0,0,0,0,0
42,1169373,1720,0,0,0,0,0
42,1169550,1795,0,0,0,0,0
42,1166041,1719,0,0,0,0,0
42,1159904,1673,0,0,0,0,0
42,1162121,1774,0,0,0,0,0
42,1163396,1829,0,0,0,0,0
42,1168158,1770,0,0,0,0,0
42,1165521,1730,0,0,0,0,0
42,1164354,1758,0,0,0,0,0
42,1161566,1744,0,0,0,0,0
44,1219770,1757,0,0,0,0,0
44,1215399,1725,0,0,0,0,0
44,1245240,1774,0,0,0,0,0
44,1260964,1791,0,0,0,0,0
44,1219602,1917,0,0,0,0,0
44,1215144,1748,0,0,0,0,0
44,1216164,1794,0,0,0,0,0
44,1221233,1673,0,0,0,0,0
44,1218296,1703,0,0,0,0,0
44,1216529,1738,0,0,0,0,0
44,1249059,1707,0,0,0,0,0
44,1215707,1693,0,0,0,0,0
44,1220412,1746,0,0,0,0,0
44,1216563,1640,0,0,0,0,0
44,1212583,1674,0,0,0,0,0
44,1215778,1692,0,0,0,0,0
44,1207966,1799,0,0,0,0,0
44,1217366,1690,0,0,0,0,0
44,1217499,1614,0,0,0,0,0
44,1216321,1734,0,0,0,0,0
46,1274826,1761,0,0,0,0,0
46,1275141,1767,0,0,0,0,0
46,1302564,1818,0,0,0,0,0
46,1265432,1822,0,0,0,0,0
46,1265050,1678,0,0,0,0,0
46,1268438,1805,0,0,0,0,0
46,1306974,1701,0,0,0,0,0
46,1270822,1840,0,0,0,0,0
46,1269366,1684,0,0,0,0,0
46,1301685,1664,0,0,0,0,0
46,1316011,1678,0,0,0,0,0
46,1303934,1829,0,0,0,0,0
46,1264164,1769,0,0,0,0,0
46,1268657,1689,0,0,0,0,0
46,1271911,1714,0,0,0,0,0
46,1299334,1748,0,0,0,0,0
46,1270059,1791,0,0,0,0,0
46,1272128,1739,0,0,0,0,0
46,1267748,1723,0,0,0,0,0
46,1273096,1678,0,0,0,0,0
48,1326351,1835,0,0,0,0,0
48,1317592,1769,0,0,0,0,0
48,1366790,1776,0,0,0,0,0
48,1363680,1770,0,0,0,0,0
48,1319145,1693,0,0,0,0,0
48,1328439,1686,0,0,0,0,0
48,1323986,1691,0,0,0,0,0
48,1326800,1721,0,0,0,0,0
48,1318375,1767,0,0,0,0,0
48,1328910,1682,0,0,0,0,0
48,1328722,1786,0,0,0,0,0
48,1353079,1783,0,0,0,0,0
48,1334176,1785,0,0,0,0,0
48,1321031,1811,0,0,0,0,0
48,1322938,1631,0,0,0,0,0
48,1327015,1711,0,0,0,0,0
48,1326322,1754,0,0,0,0,0
48,1328497,1741,0,0,0,0,0
48,1343959,1800,0,0,0,0,0
48,1354072,1752,0,0,0,0,0
50,1376322,1817,0,0,0,0,0
50,1377585,1776,0,0,0,0,0
50,1381486,1793,0,0,0,0,0
50,1374562,1762,0,0,0,0,0
50,1417277,1791,0,0,0,0,0
50,1413643,1774,0,0,0,0,0
50,1369088,2609,0,0,0,0,0
50,1376988,1759,0,0,0,0,0
50,1382790,1746,0,0,0,0,0
50,1410768,1762,0,0,0,0,0
50,1380616,1698,0,0,0,0,0
50,1384019,1853,0,0,0,0,0
50,1375540,1754,0,0,0,0,0
50,1370296,1728,0,0,0,0,0
50,1400427,1712,0,0,0,0,0
50,1440362,1694,0,0,0,0,0
50,1380597,1727,0,0,0,0,0
50,1376599,1710,0,0,0,0,0
50,1378386,1755,0,0,0,0,0
50,1374622,1790,0,0,0,0,0
52,1438267,1786,0,0,0,0,0
52,1506194,1821,0,0,0,0,0
52,1463514,1805,0,0,0,0,0
52,1471796,1784,0,0,0,0,0
52,1432191,1888,0,0,0,0,0
52,1427608,1854,0,0,0,0,0
52,1429701,1748,0,0,0,0,0
52,1498923,1782,0,0,0,0,0
52,1431127,1800,0,0,0,0,0
52,1463653,1797,0,0,0,0,0
52,1464920,1830,0,0,0,0,0
52,1433046,1837,0,0,0,0,0
52,1426406,1805,0,0,0,0,0
52,1428774,1782,0,0,0,0,0
52,1431793,1796,0,0,0,0,0
52,1478079,1841,0,0,0,0,0
52,1434764,1795,0,0,0,0,0
52,1433801,1805,0,0,0,0,0
52,1437336,1838,0,0,0,0,0
52,1429113,1799,0,0,0,0,0
54,1487825,1846,0,0,0,0,0
54,1520767,1816,0,0,0,0,0
54,1530059,1859,0,0,0,0,0
54,1527855,1784,0,0,0,0,0
54,1526376,1810,0,0,0,0,0
54,1489519,1853,0,0,0,0,0
54,1490281,1748,0,0,0,0,0
54,1490262,1763,0,0,0,0,0
54,1482346,1807,0,0,0,0,0
54,1482389,1755,0,0,0,0,0
54,1517055,1801,0,0,0,0,0
54,1519360,1798,0,0,0,0,0
54,1519471,1837,0,0,0,0,0
54,1489550,1806,0,0,0,0,0
54,1478890,1827,0,0,0,0,0
54,1519543,1768,0,0,0,0,0
54,1486795,1735,0,0,0,0,0
54,1549307,1818,0,0,0,0,0
54,1490728,1902,0,0,0,0,0
54,1585872,1816,0,0,0,0,0
56,1537989,1808,0,0,0,0,0
56,1566159,1785,0,0,0,0,0
56,1544424,1750,0,0,0,0,0
56,1561253,1750,0,0,0,0,0
56,1639772,1750,0,0,0,0,0
56,1575199,1727,0,0,0,0,0
56,1583434,1747,0,0,0,0,0
56,1550861,1776,0,0,0,0,0
56,1549018,1745,0,0,0,0,0
56,1547348,1760,0,0,0,0,0
56,1539964,1834,0,0,0,0,0
56,1547043,1774,0,0,0,0,0
56,1540748,1747,0,0,0,0,0
56,1543625,1697,0,0,0,0,0
56,1538629,1783,0,0,0,0,0
56,1538815,1688,0,0,0,0,0
56,1538669,1741,0,0,0,0,0
56,1549097,1736,0,0,0,0,0
56,1550870,1786,0,0,0,0,0
56,1555009,1684,0,0,0,0,0
58,1630902,1851,0,0,0,0,0
58,1629326,1820,0,0,0,0,0
58,1593509,1792,0,0,0,0,0
58,1593706,1761,0,0,0,0,0
58,1595803,1842,0,0,0,0,0
58,1608008,1794,0,0,0,0,0
58,1595730,1817,0,0,0,0,0
58,1591460,1734,0,0,0,0,0
58,1598507,1715,0,0,0,0,0
58,1682170,1704,0,0,0,0,0
58,1603571,1805,0,0,0,0,0
58,1595602,1754,0,0,0,0,0
58,1607380,1834,0,0,0,0,0
58,1605664,1812,0,0,0,0,0
58,1642465,1733,0,0,0,0,0
58,1605219,1805,0,0,0,0,0
58,1634776,1803,0,0,0,0,0
58,1616465,1754,0,0,0,0,0
58,1602087,1797,0,0,0,0,0
58,1600814,1745,0,0,0,0,0
60,1648186,1847,0,0,0,0,0
60,1633962,1840,0,0,0,0,0
60,1649170,1824,0,0,0,0,0
60,1634474,1826,0,0,0,0,0
60,1631995,1765,0,0,0,0,0
60,1647677,1777,0,0,0,0,0
60,1672303,1815,0,0,0,0,0
60,1651958,1802,0,0,0,0,0
60,1642299,1756,0,0,0,0,0
60,1646434,1772,0,0,0,0,0
60,1650351,1799,0,0,0,0,0
60,1669991,1911,0,0,0,0,0
60,1652021,1809,0,0,0,0,0
60,1643131,1834,0,0,0,0,0
60,1647417,1805,0,0,0,0,0
60,1641263,1799,0,0,0,0,0
60,1652270,1789,0,0,0,0,0
60,1638149,1814,0,0,0,0,0
60,1656496,1743,0,0,0,0,0
60,1640628,1859,0,0,0,0,0
62,1757005,1894,0,0,0,0,0
62,1744037,1851,0,0,0,0,0
62,1739140,1740,0,0,0,0,0
62,1746053,1749,0,0,0,0,0
62,1845890,1798,0,0,0,0,0
62,1751547,1793,0,0,0,0,0
62,1747177,1720,0,0,0,0,0
62,1722293,1750,0,0,0,0,0
62,1716904,1839,0,0,0,0,0
62,1723271,1762,0,0,0,0,0
62,1750256,1785,0,0,0,0,0
62,1723736,1896,0,0,0,0,0
62,1748946,1760,0,0,0,0,0
62,1718570,1793,0,0,0,0,0
62,1714745,1849,0,0,0,0,0
62,1719673,1690,0,0,0,0,0
62,1724694,1697,0,0,0,0,0
62,1716936,1737,0,0,0,0,0
62,1709174,1771,0,0,0,0,0
62,1734770,1759,0,0,0,0,0
64,1799239,1845,0,0,0,0,0
64,1759926,1772,0,0,0,0,0
64,1756117,1757,0,0,0,0,0
64,1761511,1810,0,0,0,0,0
64,1746388,1762,0,0,0,0,0
64,1820657,1792,0,0,0,0,0
64,1758538,1759,0,0,0,0,0
64,1777427,1792,0,0,0,0,0
64,1758881,1769,0,0,0,0,0
64,1756882,1729,0,0,0,0,0
64,1782991,1766,0,0,0,0,0
64,1748422,1771,0,0,0,0,0
64,1748939,1753,0,0,0,0,0
64,1767148,1805,0,0,0,0,0
64,1752434,1776,0,0,0,0,0
64,1749780,1683,0,0,0,0,0
64,1749664,1669,0,0,0,0,0
64,1751408,1754,0,0,0,0,0
64,1756795,1678,0,0,0,0,0
64,1767993,1693,0,0,0,0,0
66,1810973,1972,0,0,0,0,0
66,1812502,1791,0,0,0,0,0
66,1809773,1790,0,0,0,0,0
66,1799800,1834,0,0,0,0,0
66,1797182,1827,0,0,0,0,0
66,1809849,1849,0,0,0,0,0
66,1802527,1870,0,0,0,0,0
66,1811796,1757,0,0,0,0,0
66,1832659,1766,0,0,0,0,0
66,1809622,1843,0,0,0,0,0
66,1812994,1806,0,0,0,0,0
66,1812694,1835,0,0,0,0,0
66,1845882,1897,0,0,0,0,0
66,1961615,1828,0,0,0,0,0
66,1905030,1792,0,0,0,0,0
66,1812634,1785,0,0,0,0,0
66,1799413,1802,0,0,0,0,0
66,1798211,1786,0,0,0,0,0
66,1801220,1867,0,0,0,0,0
66,1799663,1772,0,0,0,0,0
68,1915820,1942,0,0,0,0,0
68,1942807,1846,0,0,0,0,0
68,1876882,1878,0,0,0,0,0
68,1871286,1979,0,0,0,0,0
68,1882019,1906,0,0,0,0,0
68,1885055,1914,0,0,0,0,0
68,1882104,1830,0,0,0,0,0
68,1874779,1830,0,0,0,0,0
68,1873431,1750,0,0,0,0,0
68,1877548,1789,0,0,0,0,0
68,1872465,1806,0,0,0,0,0
68,1873677,1760,0,0,0,0,0
68,1902581,1803,0,0,0,0,0
68,1869945,1760,0,0,0,0,0
68,1870254,1851,0,0,0,0,0
68,1860751,1799,0,0,0,0,0
68,1865619,1795,0,0,0,0,0
68,1905126,1875,0,0,0,0,0
68,1868044,1762,0,0,0,0,0
68,1876770,1776,0,0,0,0,0
70,1957706,1849,0,0,0,0,0
70,1965359,1776,0,0,0,0,0
70,1919291,1758,0,0,0,0,0
70,1953705,1865,0,0,0,0,0
70,1922236,1820,0,0,0,0,0
70,1925146,1784,0,0,0,0,0
70,1971547,1784,0,0,0,0,0
70,1950140,1849,0,0,0,0,0
70,1957550,1712,0,0,0,0,0
70,1956799,1722,0,0,0,0,0
70,1922284,1827,0,0,0,0,0
70,1924068,1745,0,0,0,0,0
70,1911562,1805,0,0,0,0,0
70,1928402,1877,0,0,0,0,0
70,1990718,1772,0,0,0,0,0
70,1962245,1773,0,0,0,0,0
70,1979149,1728,0,0,0,0,0
70,1955467,1774,0,0,0,0,0
70,1958968,1832,0,0,0,0,0
70,1921928,1704,0,0,0,0,0
72,1965207,1937,0,0,0,0,0
72,1986624,1809,0,0,0,0,0
72,1978085,1800,0,0,0,0,0
72,1964280,1805,0,0,0,0,0
72,1991299,1753,0,0,0,0,0
72,2003150,1820,0,0,0,0,0
72,2000752,1765,0,0,0,0,0
72,1963223,1758,0,0,0,0,0
72,1966883,1734,0,0,0,0,0
72,1961816,1801,0,0,0,0,0
72,1982803,1778,0,0,0,0,0
72,1973759,1810,0,0,0,0,0
72,2009422,1798,0,0,0,0,0
72,1955126,1761,0,0,0,0,0
72,2029320,1745,0,0,0,0,0
72,1963848,1765,0,0,0,0,0
72,2004877,1849,0,0,0,0,0
72,1975754,1744,0,0,0,0,0
72,1982341,1969,0,0,0,0,0
72,1980342,1803,0,0,0,0,0
74,2086047,2148,0,0,0,0,0
74,2073873,1828,0,0,0,0,0
74,2087543,1921,0,0,0,0,0
74,2068815,1881,0,0,0,0,0
74,2049067,1814,0,0,0,0,0
74,2060903,1789,0,0,0,0,0
74,2084357,1809,0,0,0,0,0
74,2042079,1870,0,0,0,0,0
74,2064679,1801,0,0,0,0,0
74,2041009,1820,0,0,0,0,0
74,2044529,1869,0,0,0,0,0
74,2077303,1798,0,0,0,0,0
74,2052823,1772,0,0,0,0,0
74,2103759,1839,0,0,0,0,0
74,2041588,1853,0,0,0,0,0
74,2056967,1877,0,0,0,0,0
74,2034641,1790,0,0,0,0,0
74,2069748,1843,0,0,0,0,0
74,2051313,1771,0,0,0,0,0
74,2043044,1832,0,0,0,0,0
76,2084357,2154,0,0,0,0,0
76,2125377,1782,0,0,0,0,0
76,2114623,1787,0,0,0,0,0
76,2125711,1784,0,0,0,0,0
76,2088579,1780,0,0,0,0,0
76,2085437,1846,0,0,0,0,0
76,2133050,1768,0,0,0,0,0
76,2119005,1820,0,0,0,0,0
76,2138609,1765,0,0,0,0,0
76,2103381,1845,0,0,0,0,0
76,2085139,1765,0,0,0,0,0
76,2124188,1798,0,0,0,0,0
76,2130426,1939,0,0,0,0,0
76,2094547,1849,0,0,0,0,0
76,2099916,1947,0,0,0,0,0
76,2135441,1926,0,0,0,0,0
76,2123408,1808,0,0,0,0,0
76,2113333,1847,0,0,0,0,0
76,2089681,1726,0,0,0,0,0
76,2089181,1803,0,0,0,0,0
78,2171518,1978,0,0,0,0,0
78,2205146,1830,0,0,0,0,0
78,2214967,1824,0,0,0,0,0
78,2167352,1802,0,0,0,0,0
78,2163764,1874,0,0,0,0,0
78,2169960,1820,0,0,0,0,0
78,2195527,1829,0,0,0,0,0
78,2159581,1813,0,0,0,0,0
78,2163328,1788,0,0,0,0,0
78,2247327,1854,0,0,0,0,0
78,2163578,1854,0,0,0,0,0
78,2204375,1730,0,0,0,0,0
78,2162807,1763,0,0,0,0,0
78,2162098,1869,0,0,0,0,0
78,2169164,1836,0,0,0,0,0
78,2172748,1796,0,0,0,0,0
78,2167009,1841,0,0,0,0,0
78,2175814,1783,0,0,0,0,0
78,2203254,1762,0,0,0,0,0
78,2167894,1835,0,0,0,0,0
80,2241301,1882,0,0,0,0,0
80,2245497,1775,0,0,0,0,0
80,2202609,1778,0,0,0,0,0
80,2211285,1836,0,0,0,0,0
80,2231786,1784,0,0,0,0,0
80,2266781,1937,0,0,0,0,0
80,2209332,1741,0,0,0,0,0
80,2211292,1907,0,0,0,0,0
80,2196382,1839,0,0,0,0,0
80,2244828,1779,0,0,0,0,0
80,2201789,1803,0,0,0,0,0
80,2206331,1779,0,0,0,0,0
80,2206199,1760,0,0,0,0,0
80,2206943,1810,0,0,0,0,0
80,2196350,1830,0,0,0,0,0
80,2207232,1768,0,0,0,0,0
80,2201102,1796,0,0,0,0,0
80,2211490,1821,0,0,0,0,0
80,2197428,1764,0,0,0,0,0
80,2204166,1765,0,0,0,0,0
82,2271233,1979,0,0,0,0,0
82,2378991,1969,0,0,0,0,0
82,2290992,1849,0,0,0,0,0
82,2301519,1777,0,0,0,0,0
82,2239952,2024,0,0,0,0,0
82,2289460,1841,0,0,0,0,0
82,2279164,1800,0,0,0,0,0
82,2247021,1751,0,0,0,0,0
82,2253578,1803,0,0,0,0,0
82,2256200,1868,0,0,0,0,0
82,2251283,1757,0,0,0,0,0
82,2274553,1772,0,0,0,0,0
82,2285080,1823,0,0,0,0,0
82,2258236,1850,0,0,0,0,0
82,2250197,1914,0,0,0,0,0
82,2260019,1760,0,0,0,0,0
82,2316442,1876,0,0,0,0,0
82,2255153,1765,0,0,0,0,0
82,2259606,1869,0,0,0,0,0
82,2312160,1930,0,0,0,0,0
84,2364196,2027,0,0,0,0,0
84,2305059,1881,0,0,0,0,0
84,2340280,1894,0,0,0,0,0
84,2358939,1816,0,0,0,0,0
84,2309543,1848,0,0,0,0,0
84,2341531,1797,0,0,0,0,0
84,2340352,1744,0,0,0,0,0
84,2312009,1856,0,0,0,0,0
84,2313868,1812,0,0,0,0,0
84,2305576,1780,0,0,0,0,0
84,2306954,1781,0,0,0,0,0
84,2344360,1793,0,0,0,0,0
84,2309182,1849,0,0,0,0,0
84,2319044,1802,0,0,0,0,0
84,2317670,1805,0,0,0,0,0
84,2389104,1790,0,0,0,0,0
84,2301900,1835,0,0,0,0,0
84,2310052,1793,0,0,0,0,0
84,2387947,1886,0,0,0,0,0
84,2310670,1788,0,0,0,0,0
86,2426302,1833,0,0,0,0,0
86,2408658,1842,0,0,0,0,0
86,2378309,1840,0,0,0,0,0
86,2402049,1795,0,0,0,0,0
86,2535613,1793,0,0,0,0,0
86,2373644,1797,0,0,0,0,0
86,2405261,1796,0,0,0,0,0
86,2378081,1686,0,0,0,0,0
86,2503571,1853,0,0,0,0,0
86,2416360,1819,0,0,0,0,0
86,2418064,1742,0,0,0,0,0
86,2389190,1801,0,0,0,0,0
86,2370583,1809,0,0,0,0,0
86,2377986,1746,0,0,0,0,0
86,2379496,1778,0,0,0,0,0
86,2375403,1812,0,0,0,0,0
86,2408738,1895,0,0,0,0,0
86,2371178,1752,0,0,0,0,0
86,2378830,1791,0,0,0,0,0
86,2366932,1747,0,0,0,0,0
88,2434513,1876,0,0,0,0,0
88,2491292,1853,0,0,0,0,0
88,2430833,1853,0,0,0,0,0
88,2521447,1943,0,0,0,0,0
88,2547922,1820,0,0,0,0,0
88,2446955,1816,0,0,0,0,0
88,2463256,1833,0,0,0,0,0
88,2425019,1895,0,0,0,0,0
88,2436069,1917,0,0,0,0,0
88,2432235,1841,0,0,0,0,0
88,2432529,1823,0,0,0,0,0
88,2443143,1785,0,0,0,0,0
88,2429039,1854,0,0,0,0,0
88,2429538,1830,0,0,0,0,0
88,2420366,1810,0,0,0,0,0
88,2422170,1783,0,0,0,0,0
88,2451942,1781,0,0,0,0,0
88,2426242,1744,0,0,0,0,0
88,2439992,1807,0,0,0,0,0
88,2427486,1864,0,0,0,0,0
90,2461816,1817,0,0,0,0,0
90,2500642,1895,0,0,0,0,0
90,2458451,1848,0,0,0,0,0
90,2499088,1794,0,0,0,0,0
90,2471407,1807,0,0,0,0,0
90,2495046,1836,0,0,0,0,0
90,2470389,1817,0,0,0,0,0
90,2466686,1824,0,0,0,0,0
90,2452340,1877,0,0,0,0,0
90,2451517,1776,0,0,0,0,0
90,2481274,1804,0,0,0,0,0
90,2499504,1879,0,0,0,0,0
90,2495671,1846,0,0,0,0,0
90,2499858,1782,0,0,0,0,0
90,2477167,1795,0,0,0,0,0
90,2464208,1832,0,0,0,0,0
90,2454965,1901,0,0,0,0,0
90,2470838,1817,0,0,0,0,0
90,2457098,1789,0,0,0,0,0
90,2459580,1810,0,0,0,0,0
92,2575243,2079,0,0,0,0,0
92,2550660,1906,0,0,0,0,0
92,2571553,1985,0,0,0,0,0
92,2547714,1906,0,0,0,0,0
92,2560052,1903,0,0,0,0,0
92,2568039,1936,0,0,0,0,0
92,2534001,1838,0,0,0,0,0
92,2534181,1851,0,0,0,0,0
92,2532921,1876,0,0,0,0,0
92,2532707,1929,0,0,0,0,0
92,2563475,1878,0,0,0,0,0
92,2553014,1838,0,0,0,0,0
92,2542845,1772,0,0,0,0,0
92,2527480,1881,0,0,0,0,0
92,2527335,1814,0,0,0,0,0
92,2533652,1868,0,0,0,0,0
92,2540963,1826,0,0,0,0,0
92,2532356,1904,0,0,0,0,0
92,2535116,1904,0,0,0,0,0
92,2546640,1772,0,0,0,0,0
94,2608640,2037,0,0,0,0,0
94,2664460,1819,0,0,0,0,0
94,2595396,1878,0,0,0,0,0
94,2619360,1829,0,0,0,0,0
94,2610937,1813,0,0,0,0,0
94,2618616,1825,0,0,0,0,0
94,2630540,1819,0,0,0,0,0
94,2631866,1829,0,0,0,0,0
94,2680940,1867,0,0,0,0,0
94,2640830,1812,0,0,0,0,0
94,2607099,1809,0,0,0,0,0
94,2596285,1822,0,0,0,0,0
94,2596507,1808,0,0,0,0,0
94,2595545,1773,0,0,0,0,0
94,2610708,1850,0,0,0,0,0
94,2605405,1869,0,0,0,0,0
94,2595462,1814,0,0,0,0,0
94,2600146,1845,0,0,0,0,0
94,2592128,1780,0,0,0,0,0
94,2594778,1819,0,0,0,0,0
96,2750414,2056,0,0,0,0,0
96,2731206,1899,0,0,0,0,0
96,2684736,1961,0,0,0,0,0
96,2705208,1830,0,0,0,0,0
96,2688886,1815,0,0,0,0,0
96,2676481,1884,0,0,0,0,0
96,2667498,1939,0,0,0,0,0
96,2681618,1858,0,0,0,0,0
96,2687452,1825,0,0,0,0,0
96,2685129,1930,0,0,0,0,0
96,2686192,1871,0,0,0,0,0
96,2691352,1899,0,0,0,0,0
96,2687120,1800,0,0,0,0,0
96,2680677,1808,0,0,0,0,0
96,2673519,1936,0,0,0,0,0
96,2676446,1934,0,0,0,0,0
96,2666856,1777,0,0,0,0,0
96,2793878,1979,0,0,0,0,0
96,2693804,1894,0,0,0,0,0
96,2701746,1923,0,0,0,0,0
98,2709806,1943,0,0,0,0,0
98,2718669,1910,0,0,0,0,0
98,2716632,1735,0,0,0,0,0
98,2711590,1798,0,0,0,0,0
98,2688612,1962,0,0,0,0,0
98,2673928,1850,0,0,0,0,0
98,2802225,2068,0,0,0,0,0
98,2693171,1913,0,0,0,0,0
98,2696447,1929,0,0,0,0,0
98,2684306,1822,0,0,0,0,0
98,2714334,1817,0,0,0,0,0
98,2682370,1917,0,0,0,0,0
98,2679938,1825,0,0,0,0,0
98,2676561,1912,0,0,0,0,0
98,2710409,1791,0,0,0,0,0
98,2690202,1806,0,0,0,0,0
98,2704883,1770,0,0,0,0,0
98,2675179,1748,0,0,0,0,0
98,2662996,1747,0,0,0,0,0
98,2715796,2013,0,0,0,0,0
100,2774092,1947,0,0,0,0,0
100,2800329,1854,0,0,0,0,0
100,2737354,1784,0,0,0,0,0
100,2765691,1854,0,0,0,0,0
100,2721193,1775,0,0,0,0,0
100,2761711,1811,0,0,0,0,0
100,2733284,1825,0,0,0,0,0
100,2733574,1850,0,0,0,0,0
100,2742791,1782,0,0,0,0,0
100,2737265,1782,0,0,0,0,0
100,2766741,1814,0,0,0,0,0
100,2723490,1821,0,0,0,0,0
100,2720062,1714,0,0,0,0,0
100,2747380,1770,0,0,0,0,0
100,2738534,1793,0,0,0,0,0
100,2726561,1853,0,0,0,0,0
100,2735964,1822,0,0,0,0,0
100,2732595,1811,0,0,0,0,0
100,2735947,1825,0,0,0,0,0
100,2741296,1894,0,0,0,0,0

Raw Storage Info
========
Storage: Treasury Approvals (r:1 w:1)
Storage: Bounties BountyApprovals (r:1 w:1)
Storage: Treasury Proposals (r:2 w:2)
Storage: System Account (r:4 w:4)

Median Slopes Analysis
========
-- Extrinsic Time --

Model:
Time ~=    33.29
    + p    27.17
              µs

Reads = 2 + (3 * p)
Writes = 2 + (3 * p)

Min Squares Analysis
========
-- Extrinsic Time --

Data points distribution:
    p   mean µs  sigma µs       %
    0     33.37     0.136    0.4%
    2      92.4     0.153    0.1%
    4     145.3     0.707    0.4%
    6     195.7     0.452    0.2%
    8     254.7     0.617    0.2%
   10     305.6     0.409    0.1%
   12     359.7     0.569    0.1%
   14     413.9     0.962    0.2%
   16     466.4     0.919    0.1%
   18     527.2     13.23    2.5%
   20     574.9     3.837    0.6%
   22       623     1.322    0.2%
   24     682.5      1.66    0.2%
   26     732.4      1.07    0.1%
   28       805     13.64    1.6%
   30     848.5     15.27    1.7%
   32     901.2     11.37    1.2%
   34     954.4     13.24    1.3%
   36      1010     10.46    1.0%
   38      1074     2.428    0.2%
   40      1114     2.912    0.2%
   42      1166     1.894    0.1%
   44      1217     1.343    0.1%
   46      1274     8.516    0.6%
   48      1327     2.528    0.1%
   50      1379     2.595    0.1%
   52      1439     12.01    0.8%
   54      1504     14.61    0.9%
   56      1547     3.914    0.2%
   58      1604     5.451    0.3%
   60      1646     3.352    0.2%
   62      1732     10.35    0.5%
   64      1757     4.259    0.2%
   66      1809      3.92    0.2%
   68      1876      3.54    0.1%
   70      1946     13.93    0.7%
   72      1978     7.797    0.3%
   74      2059     9.368    0.4%
   76      2110     12.33    0.5%
   78      2172     8.439    0.3%
   80      2207     2.934    0.1%
   82      2268     12.06    0.5%
   84      2321     12.92    0.5%
   86      2390     13.15    0.5%
   88      2435     5.741    0.2%
   90      2471     9.973    0.4%
   92      2541      7.03    0.2%
   94      2607     7.698    0.2%
   96      2686     3.825    0.1%
   98      2697      10.6    0.3%
  100      2738     4.148    0.1%

Quality and confidence:
param     error
p          0.02

Model:
Time ~=    29.22
    + p    27.27
              µs

Reads = 2 + (3 * p)
Writes = 2 + (3 * p)

