Pallet: "pallet_im_online", Extrinsic: "validate_unsigned_and_then_heartbeat", Lowest values: [], Highest values: [], Steps: 50, Repeat: 20
k,e,extrinsic_time_ns,storage_root_time_ns,reads,repeat_reads,writes,repeat_writes,proof_size_bytes
1,100,115255,1506,0,0,0,0,0
1,100,103478,1404,0,0,0,0,0
1,100,103669,1438,0,0,0,0,0
1,100,103295,1474,0,0,0,0,0
1,100,103484,1365,0,0,0,0,0
1,100,102222,1391,0,0,0,0,0
1,100,103504,1441,0,0,0,0,0
1,100,102074,1370,0,0,0,0,0
1,100,102822,1398,0,0,0,0,0
1,100,102819,1321,0,0,0,0,0
1,100,102577,1407,0,0,0,0,0
1,100,102676,1413,0,0,0,0,0
1,100,116495,1292,0,0,0,0,0
1,100,102461,1356,0,0,0,0,0
1,100,103011,1348,0,0,0,0,0
1,100,102996,1391,0,0,0,0,0
1,100,102851,1405,0,0,0,0,0
1,100,103571,1355,0,0,0,0,0
1,100,103467,1423,0,0,0,0,0
1,100,102705,1326,0,0,0,0,0
20,100,114411,1586,0,0,0,0,0
20,100,104653,1444,0,0,0,0,0
20,100,103657,1417,0,0,0,0,0
20,100,102839,1353,0,0,0,0,0
20,100,150964,1467,0,0,0,0,0
20,100,104350,1433,0,0,0,0,0
20,100,103646,1430,0,0,0,0,0
20,100,104102,1450,0,0,0,0,0
20,100,106758,1455,0,0,0,0,0
20,100,104671,1473,0,0,0,0,0
20,100,106290,1391,0,0,0,0,0
20,100,103911,1389,0,0,0,0,0
20,100,103372,1504,0,0,0,0,0
20,100,103828,1442,0,0,0,0,0
20,100,103719,1450,0,0,0,0,0
20,100,103639,1515,0,0,0,0,0
20,100,105934,1534,0,0,0,0,0
20,100,106123,1519,0,0,0,0,0
20,100,103176,1501,0,0,0,0,0
20,100,104287,1375,0,0,0,0,0
39,100,118687,1596,0,0,0,0,0
39,100,107558,1437,0,0,0,0,0
39,100,106891,1412,0,0,0,0,0
39,100,108052,1509,0,0,0,0,0
39,100,108018,1379,0,0,0,0,0
39,100,107550,1449,0,0,0,0,0
39,100,107536,1479,0,0,0,0,0
39,100,107645,1538,0,0,0,0,0
39,100,109356,1536,0,0,0,0,0
39,100,108556,1491,0,0,0,0,0
39,100,140217,1489,0,0,0,0,0
39,100,108282,1488,0,0,0,0,0
39,100,107710,1432,0,0,0,0,0
39,100,107321,1437,0,0,0,0,0
39,100,109989,1496,0,0,0,0,0
39,100,123985,1499,0,0,0,0,0
39,100,123025,1443,0,0,0,0,0
39,100,109182,1461,0,0,0,0,0
39,100,108169,1425,0,0,0,0,0
39,100,107513,1453,0,0,0,0,0
58,100,121211,1571,0,0,0,0,0
58,100,110512,1422,0,0,0,0,0
58,100,109575,1482,0,0,0,0,0
58,100,109666,1521,0,0,0,0,0
58,100,110509,1426,0,0,0,0,0
58,100,110131,1492,0,0,0,0,0
58,100,112238,1550,0,0,0,0,0
58,100,111351,1546,0,0,0,0,0
58,100,110178,1407,0,0,0,0,0
58,100,110012,1409,0,0,0,0,0
58,100,112346,1493,0,0,0,0,0
58,100,111531,1496,0,0,0,0,0
58,100,110524,1378,0,0,0,0,0
58,100,110240,1476,0,0,0,0,0
58,100,125440,1475,0,0,0,0,0
58,100,110191,1477,0,0,0,0,0
58,100,110437,1551,0,0,0,0,0
58,100,112164,1436,0,0,0,0,0
58,100,110341,1559,0,0,0,0,0
58,100,109865,1476,0,0,0,0,0
77,100,125649,1753,0,0,0,0,0
77,100,112503,1496,0,0,0,0,0
77,100,112799,1448,0,0,0,0,0
77,100,112819,1506,0,0,0,0,0
77,100,113097,1454,0,0,0,0,0
77,100,113494,1476,0,0,0,0,0
77,100,113627,1461,0,0,0,0,0
77,100,113100,1520,0,0,0,0,0
77,100,112212,1412,0,0,0,0,0
77,100,113335,1514,0,0,0,0,0
77,100,113170,1552,0,0,0,0,0
77,100,113029,1429,0,0,0,0,0
77,100,112559,1380,0,0,0,0,0
77,100,113167,1496,0,0,0,0,0
77,100,113467,1465,0,0,0,0,0
77,100,113193,1417,0,0,0,0,0
77,100,114746,1505,0,0,0,0,0
77,100,112974,1511,0,0,0,0,0
77,100,113706,1479,0,0,0,0,0
77,100,112644,1474,0,0,0,0,0
96,100,125338,1634,0,0,0,0,0
96,100,115203,1507,0,0,0,0,0
96,100,117612,1566,0,0,0,0,0
96,100,115136,1582,0,0,0,0,0
96,100,115502,1559,0,0,0,0,0
96,100,115525,1497,0,0,0,0,0
96,100,115744,1509,0,0,0,0,0
96,100,115422,1514,0,0,0,0,0
96,100,114667,1459,0,0,0,0,0
96,100,115089,1488,0,0,0,0,0
96,100,115495,1466,0,0,0,0,0
96,100,116196,1424,0,0,0,0,0
96,100,116135,1510,0,0,0,0,0
96,100,116144,1550,0,0,0,0,0
96,100,115024,1537,0,0,0,0,0
96,100,116440,1527,0,0,0,0,0
96,100,116330,1448,0,0,0,0,0
96,100,115783,1478,0,0,0,0,0
96,100,116051,1515,0,0,0,0,0
96,100,116215,1511,0,0,0,0,0
115,100,127630,1617,0,0,0,0,0
115,100,118448,1541,0,0,0,0,0
115,100,118094,1470,0,0,0,0,0
115,100,120856,1521,0,0,0,0,0
115,100,118275,1429,0,0,0,0,0
115,100,117774,1539,0,0,0,0,0
115,100,117672,1487,0,0,0,0,0
115,100,119662,1600,0,0,0,0,0
115,100,118338,1473,0,0,0,0,0
115,100,117137,1509,0,0,0,0,0
115,100,117970,1589,0,0,0,0,0
115,100,118108,1467,0,0,0,0,0
115,100,118698,1549,0,0,0,0,0
115,100,117922,1463,0,0,0,0,0
115,100,118013,1544,0,0,0,0,0
115,100,117419,1535,0,0,0,0,0
115,100,118120,1524,0,0,0,0,0
115,100,118912,1478,0,0,0,0,0
115,100,119510,1563,0,0,0,0,0
115,100,117945,1520,0,0,0,0,0
134,100,128827,1667,0,0,0,0,0
134,100,120857,1544,0,0,0,0,0
134,100,121100,1543,0,0,0,0,0
134,100,120626,1531,0,0,0,0,0
134,100,120405,1558,0,0,0,0,0
134,100,121889,1557,0,0,0,0,0
134,100,120893,1614,0,0,0,0,0
134,100,120337,1511,0,0,0,0,0
134,100,121126,1501,0,0,0,0,0
134,100,120530,1614,0,0,0,0,0
134,100,119740,1518,0,0,0,0,0
134,100,120020,1536,0,0,0,0,0
134,100,119911,1475,0,0,0,0,0
134,100,120442,1459,0,0,0,0,0
134,100,122843,1562,0,0,0,0,0
134,100,119122,1485,0,0,0,0,0
134,100,123000,1549,0,0,0,0,0
134,100,121599,1542,0,0,0,0,0
134,100,120663,1463,0,0,0,0,0
134,100,121237,1467,0,0,0,0,0
153,100,131300,1668,0,0,0,0,0
153,100,123200,1532,0,0,0,0,0
153,100,126200,1498,0,0,0,0,0
153,100,123349,1553,0,0,0,0,0
153,100,158197,1495,0,0,0,0,0
153,100,123283,1540,0,0,0,0,0
153,100,123749,1604,0,0,0,0,0
153,100,123486,1571,0,0,0,0,0
153,100,126876,1555,0,0,0,0,0
153,100,125570,1576,0,0,0,0,0
153,100,122673,1540,0,0,0,0,0
153,100,122700,1519,0,0,0,0,0
153,100,123292,1527,0,0,0,0,0
153,100,125923,1581,0,0,0,0,0
153,100,124419,1551,0,0,0,0,0
153,100,123775,1550,0,0,0,0,0
153,100,123242,1560,0,0,0,0,0
153,100,122686,1554,0,0,0,0,0
153,100,122473,1457,0,0,0,0,0
153,100,123257,1575,0,0,0,0,0
172,100,133234,1666,0,0,0,0,0
172,100,125702,1536,0,0,0,0,0
172,100,125948,1565,0,0,0,0,0
172,100,128288,1527,0,0,0,0,0
172,100,129352,1638,0,0,0,0,0
172,100,126106,1553,0,0,0,0,0
172,100,126689,1534,0,0,0,0,0
172,100,125761,1510,0,0,0,0,0
172,100,125859,1527,0,0,0,0,0
172,100,125315,1543,0,0,0,0,0
172,100,127131,1630,0,0,0,0,0
172,100,125728,1500,0,0,0,0,0
172,100,124921,1538,0,0,0,0,0
172,100,124725,1547,0,0,0,0,0
172,100,125489,1537,0,0,0,0,0
172,100,124702,1563,0,0,0,0,0
172,100,125131,1560,0,0,0,0,0
172,100,127601,1547,0,0,0,0,0
172,100,127774,1483,0,0,0,0,0
172,100,125383,1536,0,0,0,0,0
191,100,137244,1982,0,0,0,0,0
191,100,132050,1611,0,0,0,0,0
191,100,131295,1600,0,0,0,0,0
191,100,132358,1536,0,0,0,0,0
191,100,128053,1504,0,0,0,0,0
191,100,128520,1553,0,0,0,0,0
191,100,127991,1476,0,0,0,0,0
191,100,128607,1526,0,0,0,0,0
191,100,143799,1642,0,0,0,0,0
191,100,130055,1562,0,0,0,0,0
191,100,128855,1589,0,0,0,0,0
191,100,128324,1502,0,0,0,0,0
191,100,128250,1508,0,0,0,0,0
191,100,127228,1514,0,0,0,0,0
191,100,127197,1546,0,0,0,0,0
191,100,128000,1577,0,0,0,0,0
191,100,128654,1482,0,0,0,0,0
191,100,127854,1576,0,0,0,0,0
191,100,128548,1491,0,0,0,0,0
191,100,128741,1523,0,0,0,0,0
210,100,139389,1757,0,0,0,0,0
210,100,130971,1459,0,0,0,0,0
210,100,129289,1601,0,0,0,0,0
210,100,130230,1506,0,0,0,0,0
210,100,129687,1617,0,0,0,0,0
210,100,130020,1596,0,0,0,0,0
210,100,130163,1606,0,0,0,0,0
210,100,130621,1498,0,0,0,0,0
210,100,131576,1580,0,0,0,0,0
210,100,131361,1572,0,0,0,0,0
210,100,129681,1498,0,0,0,0,0
210,100,131265,1532,0,0,0,0,0
210,100,130670,1494,0,0,0,0,0
210,100,130312,1540,0,0,0,0,0
210,100,130341,1529,0,0,0,0,0
210,100,129502,1542,0,0,0,0,0
210,100,131064,1506,0,0,0,0,0
210,100,131090,1481,0,0,0,0,0
210,100,131032,1541,0,0,0,0,0
210,100,129987,1552,0,0,0,0,0
229,100,145285,1804,0,0,0,0,0
229,100,134162,1551,0,0,0,0,0
229,100,133148,1495,0,0,0,0,0
229,100,133872,1527,0,0,0,0,0
229,100,133135,1578,0,0,0,0,0
229,100,133510,1544,0,0,0,0,0
229,100,132905,1551,0,0,0,0,0
229,100,134089,1525,0,0,0,0,0
229,100,132109,1549,0,0,0,0,0
229,100,133543,1507,0,0,0,0,0
229,100,134292,1519,0,0,0,0,0
229,100,132825,1515,0,0,0,0,0
229,100,133102,1487,0,0,0,0,0
229,100,133536,1570,0,0,0,0,0
229,100,134222,1547,0,0,0,0,0
229,100,133657,1617,0,0,0,0,0
229,100,133306,1523,0,0,0,0,0
229,100,133680,1574,0,0,0,0,0
229,100,132930,1582,0,0,0,0,0
229,100,132299,1499,0,0,0,0,0
248,100,144159,1678,0,0,0,0,0
248,100,136266,1638,0,0,0,0,0
248,100,135918,1604,0,0,0,0,0
248,100,135101,1556,0,0,0,0,0
248,100,135691,1568,0,0,0,0,0
248,100,135438,1584,0,0,0,0,0
248,100,135722,1587,0,0,0,0,0
248,100,136057,1572,0,0,0,0,0
248,100,135013,1536,0,0,0,0,0
248,100,141935,1509,0,0,0,0,0
248,100,134700,1545,0,0,0,0,0
248,100,135589,1561,0,0,0,0,0
248,100,135297,1587,0,0,0,0,0
248,100,134671,1556,0,0,0,0,0
248,100,136003,1618,0,0,0,0,0
248,100,135942,1545,0,0,0,0,0
248,100,135353,1542,0,0,0,0,0
248,100,135863,1583,0,0,0,0,0
248,100,134567,1504,0,0,0,0,0
248,100,136234,1504,0,0,0,0,0
267,100,148289,2075,0,0,0,0,0
267,100,139002,1601,0,0,0,0,0
267,100,137282,1573,0,0,0,0,0
267,100,137447,1548,0,0,0,0,0
267,100,137691,1626,0,0,0,0,0
267,100,137626,1608,0,0,0,0,0
267,100,138217,1584,0,0,0,0,0
267,100,138558,1595,0,0,0,0,0
267,100,138598,1648,0,0,0,0,0
267,100,137498,1596,0,0,0,0,0
267,100,137534,1567,0,0,0,0,0
267,100,137963,1536,0,0,0,0,0
267,100,137092,1564,0,0,0,0,0
267,100,138174,1596,0,0,0,0,0
267,100,137905,1525,0,0,0,0,0
267,100,138491,1546,0,0,0,0,0
267,100,137343,1660,0,0,0,0,0
267,100,138314,1568,0,0,0,0,0
267,100,138064,1582,0,0,0,0,0
267,100,137403,1576,0,0,0,0,0
286,100,153304,1803,0,0,0,0,0
286,100,141465,1503,0,0,0,0,0
286,100,139653,1561,0,0,0,0,0
286,100,140092,1541,0,0,0,0,0
286,100,139305,1516,0,0,0,0,0
286,100,140421,1535,0,0,0,0,0
286,100,140873,1557,0,0,0,0,0
286,100,138973,1569,0,0,0,0,0
286,100,145034,1512,0,0,0,0,0
286,100,139564,1524,0,0,0,0,0
286,100,141806,1520,0,0,0,0,0
286,100,140055,1616,0,0,0,0,0
286,100,140761,1569,0,0,0,0,0
286,100,138820,1530,0,0,0,0,0
286,100,140225,1536,0,0,0,0,0
286,100,139577,1533,0,0,0,0,0
286,100,139853,1485,0,0,0,0,0
286,100,139636,1526,0,0,0,0,0
286,100,140297,1569,0,0,0,0,0
286,100,140186,1571,0,0,0,0,0
305,100,155225,1830,0,0,0,0,0
305,100,143991,1653,0,0,0,0,0
305,100,144484,1634,0,0,0,0,0
305,100,142409,1572,0,0,0,0,0
305,100,143410,1640,0,0,0,0,0
305,100,142050,1582,0,0,0,0,0
305,100,142653,1532,0,0,0,0,0
305,100,142465,1531,0,0,0,0,0
305,100,142945,1600,0,0,0,0,0
305,100,142723,1541,0,0,0,0,0
305,100,142972,1561,0,0,0,0,0
305,100,143620,1552,0,0,0,0,0
305,100,142067,1505,0,0,0,0,0
305,100,141879,1554,0,0,0,0,0
305,100,143447,1495,0,0,0,0,0
305,100,143045,1584,0,0,0,0,0
305,100,141738,1496,0,0,0,0,0
305,100,145660,1518,0,0,0,0,0
305,100,142445,1582,0,0,0,0,0
305,100,142170,1544,0,0,0,0,0
324,100,157884,1672,0,0,0,0,0
324,100,148440,1594,0,0,0,0,0
324,100,145376,1611,0,0,0,0,0
324,100,145590,1566,0,0,0,0,0
324,100,144952,1463,0,0,0,0,0
324,100,145606,1576,0,0,0,0,0
324,100,145067,1532,0,0,0,0,0
324,100,145456,1537,0,0,0,0,0
324,100,152260,2043,0,0,0,0,0
324,100,147351,1575,0,0,0,0,0
324,100,145631,1549,0,0,0,0,0
324,100,145471,1527,0,0,0,0,0
324,100,149837,1672,0,0,0,0,0
324,100,146677,1480,0,0,0,0,0
324,100,144810,1380,0,0,0,0,0
324,100,145019,1529,0,0,0,0,0
324,100,144831,1620,0,0,0,0,0
324,100,144135,1438,0,0,0,0,0
324,100,144179,1569,0,0,0,0,0
324,100,144371,1518,0,0,0,0,0
343,100,160521,1671,0,0,0,0,0
343,100,150040,1590,0,0,0,0,0
343,100,148780,1545,0,0,0,0,0
343,100,148198,1602,0,0,0,0,0
343,100,147288,1572,0,0,0,0,0
343,100,150114,1611,0,0,0,0,0
343,100,146311,1533,0,0,0,0,0
343,100,147554,1606,0,0,0,0,0
343,100,147605,1548,0,0,0,0,0
343,100,147584,1506,0,0,0,0,0
343,100,147092,1493,0,0,0,0,0
343,100,146998,1552,0,0,0,0,0
343,100,151535,1840,0,0,0,0,0
343,100,148234,1534,0,0,0,0,0
343,100,147926,1594,0,0,0,0,0
343,100,148976,1512,0,0,0,0,0
343,100,148234,1592,0,0,0,0,0
343,100,147095,1541,0,0,0,0,0
343,100,147259,1580,0,0,0,0,0
343,100,150389,1513,0,0,0,0,0
362,100,162374,1707,0,0,0,0,0
362,100,150819,1459,0,0,0,0,0
362,100,150948,1588,0,0,0,0,0
362,100,149716,1582,0,0,0,0,0
362,100,150243,1604,0,0,0,0,0
362,100,149055,1560,0,0,0,0,0
362,100,149387,1589,0,0,0,0,0
362,100,149994,1503,0,0,0,0,0
362,100,150334,1630,0,0,0,0,0
362,100,156886,1582,0,0,0,0,0
362,100,149653,1491,0,0,0,0,0
362,100,150096,1620,0,0,0,0,0
362,100,149746,1524,0,0,0,0,0
362,100,150565,1513,0,0,0,0,0
362,100,150259,1542,0,0,0,0,0
362,100,150118,1573,0,0,0,0,0
362,100,150548,1501,0,0,0,0,0
362,100,150500,1591,0,0,0,0,0
362,100,151007,1588,0,0,0,0,0
362,100,150831,1533,0,0,0,0,0
381,100,178719,1811,0,0,0,0,0
381,100,153421,1577,0,0,0,0,0
381,100,153974,1581,0,0,0,0,0
381,100,151620,1516,0,0,0,0,0
381,100,151402,1604,0,0,0,0,0
381,100,154105,1572,0,0,0,0,0
381,100,151577,1554,0,0,0,0,0
381,100,152663,1581,0,0,0,0,0
381,100,152305,1583,0,0,0,0,0
381,100,153318,1590,0,0,0,0,0
381,100,155063,1612,0,0,0,0,0
381,100,152799,1554,0,0,0,0,0
381,100,152815,1556,0,0,0,0,0
381,100,152287,1566,0,0,0,0,0
381,100,152587,1520,0,0,0,0,0
381,100,152068,1574,0,0,0,0,0
381,100,153106,1580,0,0,0,0,0
381,100,152779,1572,0,0,0,0,0
381,100,153111,1510,0,0,0,0,0
381,100,157415,1581,0,0,0,0,0
400,100,169008,1830,0,0,0,0,0
400,100,156820,1561,0,0,0,0,0
400,100,170754,1656,0,0,0,0,0
400,100,158082,1593,0,0,0,0,0
400,100,154758,1552,0,0,0,0,0
400,100,155508,1516,0,0,0,0,0
400,100,154754,1502,0,0,0,0,0
400,100,158015,1549,0,0,0,0,0
400,100,156981,1529,0,0,0,0,0
400,100,154889,1539,0,0,0,0,0
400,100,154819,1570,0,0,0,0,0
400,100,154359,1619,0,0,0,0,0
400,100,154979,1494,0,0,0,0,0
400,100,154796,1606,0,0,0,0,0
400,100,154684,1558,0,0,0,0,0
400,100,155922,1559,0,0,0,0,0
400,100,154270,1584,0,0,0,0,0
400,100,154214,1568,0,0,0,0,0
400,100,154986,1568,0,0,0,0,0
400,100,154659,1516,0,0,0,0,0
419,100,169947,2147,0,0,0,0,0
419,100,160698,1642,0,0,0,0,0
419,100,158859,1636,0,0,0,0,0
419,100,157783,1639,0,0,0,0,0
419,100,158243,1599,0,0,0,0,0
419,100,157458,1576,0,0,0,0,0
419,100,156705,1536,0,0,0,0,0
419,100,159030,1533,0,0,0,0,0
419,100,158403,1574,0,0,0,0,0
419,100,157644,1551,0,0,0,0,0
419,100,157484,1536,0,0,0,0,0
419,100,157850,1508,0,0,0,0,0
419,100,157912,1630,0,0,0,0,0
419,100,158217,1516,0,0,0,0,0
419,100,157398,1568,0,0,0,0,0
419,100,157757,1581,0,0,0,0,0
419,100,158422,1593,0,0,0,0,0
419,100,158046,1566,0,0,0,0,0
419,100,158128,1537,0,0,0,0,0
419,100,156145,1459,0,0,0,0,0
438,100,172933,1767,0,0,0,0,0
438,100,162523,1558,0,0,0,0,0
438,100,161773,1525,0,0,0,0,0
438,100,160999,1543,0,0,0,0,0
438,100,160270,1548,0,0,0,0,0
438,100,158947,1574,0,0,0,0,0
438,100,160584,1647,0,0,0,0,0
438,100,159326,1597,0,0,0,0,0
438,100,159123,1557,0,0,0,0,0
438,100,161551,1525,0,0,0,0,0
438,100,159638,1589,0,0,0,0,0
438,100,160082,1552,0,0,0,0,0
438,100,162638,1471,0,0,0,0,0
438,100,158902,1559,0,0,0,0,0
438,100,160405,1558,0,0,0,0,0
438,100,159530,1471,0,0,0,0,0
438,100,160316,1533,0,0,0,0,0
438,100,158556,1584,0,0,0,0,0
438,100,159330,1528,0,0,0,0,0
438,100,159235,1583,0,0,0,0,0
457,100,174958,1882,0,0,0,0,0
457,100,169065,1746,0,0,0,0,0
457,100,163468,1522,0,0,0,0,0
457,100,162976,1596,0,0,0,0,0
457,100,163747,1589,0,0,0,0,0
457,100,162173,1642,0,0,0,0,0
457,100,162008,1572,0,0,0,0,0
457,100,170054,1859,0,0,0,0,0
457,100,166220,1516,0,0,0,0,0
457,100,163128,1617,0,0,0,0,0
457,100,191653,1549,0,0,0,0,0
457,100,165449,1678,0,0,0,0,0
457,100,166803,1577,0,0,0,0,0
457,100,162294,1579,0,0,0,0,0
457,100,174628,1467,0,0,0,0,0
457,100,163677,1628,0,0,0,0,0
457,100,161752,1598,0,0,0,0,0
457,100,162056,1585,0,0,0,0,0
457,100,161704,1649,0,0,0,0,0
457,100,161680,1588,0,0,0,0,0
476,100,176985,1820,0,0,0,0,0
476,100,166899,1565,0,0,0,0,0
476,100,165007,1545,0,0,0,0,0
476,100,165546,1622,0,0,0,0,0
476,100,165358,1517,0,0,0,0,0
476,100,164042,1455,0,0,0,0,0
476,100,164455,1654,0,0,0,0,0
476,100,164911,1537,0,0,0,0,0
476,100,166007,1576,0,0,0,0,0
476,100,165521,1502,0,0,0,0,0
476,100,194372,1618,0,0,0,0,0
476,100,164378,1613,0,0,0,0,0
476,100,164001,1572,0,0,0,0,0
476,100,163862,1551,0,0,0,0,0
476,100,164784,1531,0,0,0,0,0
476,100,165543,1569,0,0,0,0,0
476,100,164666,1695,0,0,0,0,0
476,100,164516,1468,0,0,0,0,0
476,100,164091,1625,0,0,0,0,0
476,100,164170,1576,0,0,0,0,0
495,100,181008,1918,0,0,0,0,0
495,100,171881,1664,0,0,0,0,0
495,100,167232,1560,0,0,0,0,0
495,100,171571,1637,0,0,0,0,0
495,100,167439,1501,0,0,0,0,0
495,100,167484,1574,0,0,0,0,0
495,100,168164,1617,0,0,0,0,0
495,100,167791,1607,0,0,0,0,0
495,100,166205,1551,0,0,0,0,0
495,100,168156,1591,0,0,0,0,0
495,100,166104,1572,0,0,0,0,0
495,100,168245,1572,0,0,0,0,0
495,100,167421,1609,0,0,0,0,0
495,100,168362,1576,0,0,0,0,0
495,100,167619,1583,0,0,0,0,0
495,100,167392,1595,0,0,0,0,0
495,100,167770,1593,0,0,0,0,0
495,100,167442,1583,0,0,0,0,0
495,100,165438,1543,0,0,0,0,0
495,100,167102,1512,0,0,0,0,0
514,100,181679,1892,0,0,0,0,0
514,100,169593,1650,0,0,0,0,0
514,100,170961,1576,0,0,0,0,0
514,100,170201,1623,0,0,0,0,0
514,100,171128,1633,0,0,0,0,0
514,100,169434,1525,0,0,0,0,0
514,100,196080,1611,0,0,0,0,0
514,100,170904,1598,0,0,0,0,0
514,100,169707,1549,0,0,0,0,0
514,100,170850,1535,0,0,0,0,0
514,100,169955,1646,0,0,0,0,0
514,100,168768,1562,0,0,0,0,0
514,100,169020,1518,0,0,0,0,0
514,100,171430,1538,0,0,0,0,0
514,100,171052,1567,0,0,0,0,0
514,100,169761,1550,0,0,0,0,0
514,100,167835,1578,0,0,0,0,0
514,100,170251,1620,0,0,0,0,0
514,100,168867,1569,0,0,0,0,0
514,100,170655,1500,0,0,0,0,0
533,100,185241,1885,0,0,0,0,0
533,100,173197,1646,0,0,0,0,0
533,100,172624,1591,0,0,0,0,0
533,100,172689,1568,0,0,0,0,0
533,100,172811,1585,0,0,0,0,0
533,100,173782,1621,0,0,0,0,0
533,100,171999,1548,0,0,0,0,0
533,100,171382,1515,0,0,0,0,0
533,100,171085,1538,0,0,0,0,0
533,100,171764,1483,0,0,0,0,0
533,100,170807,1550,0,0,0,0,0
533,100,171705,1510,0,0,0,0,0
533,100,170774,1457,0,0,0,0,0
533,100,173453,1543,0,0,0,0,0
533,100,171668,1469,0,0,0,0,0
533,100,170847,1489,0,0,0,0,0
533,100,199713,1518,0,0,0,0,0
533,100,170502,1515,0,0,0,0,0
533,100,185328,1545,0,0,0,0,0
533,100,172643,1531,0,0,0,0,0
552,100,188844,1938,0,0,0,0,0
552,100,174753,1498,0,0,0,0,0
552,100,175722,1615,0,0,0,0,0
552,100,177543,1713,0,0,0,0,0
552,100,176391,1546,0,0,0,0,0
552,100,175667,1532,0,0,0,0,0
552,100,174715,1548,0,0,0,0,0
552,100,176646,1491,0,0,0,0,0
552,100,173914,1539,0,0,0,0,0
552,100,175443,1585,0,0,0,0,0
552,100,174329,1485,0,0,0,0,0
552,100,175208,1547,0,0,0,0,0
552,100,175487,1591,0,0,0,0,0
552,100,175330,1550,0,0,0,0,0
552,100,174932,1557,0,0,0,0,0
552,100,174138,1530,0,0,0,0,0
552,100,175968,1608,0,0,0,0,0
552,100,174260,1500,0,0,0,0,0
552,100,175035,1566,0,0,0,0,0
552,100,174207,1594,0,0,0,0,0
571,100,188852,1998,0,0,0,0,0
571,100,178383,1534,0,0,0,0,0
571,100,177642,1553,0,0,0,0,0
571,100,178928,1561,0,0,0,0,0
571,100,177055,1528,0,0,0,0,0
571,100,177155,1562,0,0,0,0,0
571,100,179919,1555,0,0,0,0,0
571,100,176139,1531,0,0,0,0,0
571,100,178482,1624,0,0,0,0,0
571,100,176349,1491,0,0,0,0,0
571,100,176134,1544,0,0,0,0,0
571,100,176861,1507,0,0,0,0,0
571,100,179948,1578,0,0,0,0,0
571,100,176897,1479,0,0,0,0,0
571,100,178014,1541,0,0,0,0,0
571,100,177105,1503,0,0,0,0,0
571,100,176849,1603,0,0,0,0,0
571,100,177544,1509,0,0,0,0,0
571,100,176279,1497,0,0,0,0,0
571,100,176597,1439,0,0,0,0,0
590,100,194142,1877,0,0,0,0,0
590,100,180513,1647,0,0,0,0,0
590,100,180109,1538,0,0,0,0,0
590,100,181180,1498,0,0,0,0,0
590,100,179722,1506,0,0,0,0,0
590,100,180175,1591,0,0,0,0,0
590,100,179171,1576,0,0,0,0,0
590,100,181186,1562,0,0,0,0,0
590,100,180118,1592,0,0,0,0,0
590,100,180305,1598,0,0,0,0,0
590,100,181803,1562,0,0,0,0,0
590,100,180396,1533,0,0,0,0,0
590,100,181516,1603,0,0,0,0,0
590,100,179663,1644,0,0,0,0,0
590,100,181150,1661,0,0,0,0,0
590,100,180323,1629,0,0,0,0,0
590,100,180144,1535,0,0,0,0,0
590,100,179324,1510,0,0,0,0,0
590,100,179810,1572,0,0,0,0,0
590,100,179001,1599,0,0,0,0,0
609,100,220421,1986,0,0,0,0,0
609,100,182399,1578,0,0,0,0,0
609,100,183482,1531,0,0,0,0,0
609,100,182631,1568,0,0,0,0,0
609,100,182429,1558,0,0,0,0,0
609,100,182455,1520,0,0,0,0,0
609,100,182800,1547,0,0,0,0,0
609,100,182724,1564,0,0,0,0,0
609,100,182266,1554,0,0,0,0,0
609,100,182680,1575,0,0,0,0,0
609,100,181499,1528,0,0,0,0,0
609,100,184435,1556,0,0,0,0,0
609,100,183151,1558,0,0,0,0,0
609,100,182246,1549,0,0,0,0,0
609,100,183439,1588,0,0,0,0,0
609,100,181661,1552,0,0,0,0,0
609,100,182048,1531,0,0,0,0,0
609,100,182368,1495,0,0,0,0,0
609,100,183058,1551,0,0,0,0,0
609,100,182466,1553,0,0,0,0,0
628,100,203107,1876,0,0,0,0,0
628,100,186002,1684,0,0,0,0,0
628,100,185133,1585,0,0,0,0,0
628,100,186124,1608,0,0,0,0,0
628,100,184920,1605,0,0,0,0,0
628,100,186459,1558,0,0,0,0,0
628,100,183922,1572,0,0,0,0,0
628,100,185975,1518,0,0,0,0,0
628,100,185676,1643,0,0,0,0,0
628,100,187266,1585,0,0,0,0,0
628,100,184387,1532,0,0,0,0,0
628,100,187743,1579,0,0,0,0,0
628,100,185545,1603,0,0,0,0,0
628,100,186805,1661,0,0,0,0,0
628,100,185954,1598,0,0,0,0,0
628,100,184643,1539,0,0,0,0,0
628,100,184428,1585,0,0,0,0,0
628,100,186678,1660,0,0,0,0,0
628,100,186099,1598,0,0,0,0,0
628,100,187892,1606,0,0,0,0,0
647,100,202982,1978,0,0,0,0,0
647,100,191058,1551,0,0,0,0,0
647,100,188657,1557,0,0,0,0,0
647,100,189633,1605,0,0,0,0,0
647,100,187727,1487,0,0,0,0,0
647,100,187495,1580,0,0,0,0,0
647,100,187056,1560,0,0,0,0,0
647,100,189786,1576,0,0,0,0,0
647,100,187308,1510,0,0,0,0,0
647,100,188957,1610,0,0,0,0,0
647,100,187415,1608,0,0,0,0,0
647,100,191733,1597,0,0,0,0,0
647,100,187445,1489,0,0,0,0,0
647,100,189131,1594,0,0,0,0,0
647,100,201394,1577,0,0,0,0,0
647,100,188561,1656,0,0,0,0,0
647,100,186468,1512,0,0,0,0,0
647,100,189303,1584,0,0,0,0,0
647,100,214283,1554,0,0,0,0,0
647,100,189322,1576,0,0,0,0,0
666,100,204465,1790,0,0,0,0,0
666,100,192296,1603,0,0,0,0,0
666,100,191278,1612,0,0,0,0,0
666,100,218003,1609,0,0,0,0,0
666,100,191787,1639,0,0,0,0,0
666,100,189668,1653,0,0,0,0,0
666,100,191038,1577,0,0,0,0,0
666,100,189705,1521,0,0,0,0,0
666,100,190634,1549,0,0,0,0,0
666,100,188680,1577,0,0,0,0,0
666,100,193161,1656,0,0,0,0,0
666,100,189583,1518,0,0,0,0,0
666,100,191558,1565,0,0,0,0,0
666,100,189505,1591,0,0,0,0,0
666,100,191158,1554,0,0,0,0,0
666,100,189172,1559,0,0,0,0,0
666,100,190783,1554,0,0,0,0,0
666,100,191608,1553,0,0,0,0,0
666,100,189469,1561,0,0,0,0,0
666,100,190979,1549,0,0,0,0,0
685,100,208544,1920,0,0,0,0,0
685,100,193560,1545,0,0,0,0,0
685,100,195922,1581,0,0,0,0,0
685,100,207869,1682,0,0,0,0,0
685,100,194398,1614,0,0,0,0,0
685,100,192580,1547,0,0,0,0,0
685,100,194449,1617,0,0,0,0,0
685,100,192622,1533,0,0,0,0,0
685,100,195660,1559,0,0,0,0,0
685,100,193659,1619,0,0,0,0,0
685,100,191410,1519,0,0,0,0,0
685,100,193966,1630,0,0,0,0,0
685,100,191750,1625,0,0,0,0,0
685,100,195108,1572,0,0,0,0,0
685,100,189926,1536,0,0,0,0,0
685,100,193330,1498,0,0,0,0,0
685,100,191227,1550,0,0,0,0,0
685,100,194063,1657,0,0,0,0,0
685,100,192567,1586,0,0,0,0,0
685,100,211725,1517,0,0,0,0,0
704,100,207559,1941,0,0,0,0,0
704,100,198080,1551,0,0,0,0,0
704,100,198060,1560,0,0,0,0,0
704,100,195570,1620,0,0,0,0,0
704,100,196377,1633,0,0,0,0,0
704,100,195609,1530,0,0,0,0,0
704,100,195723,1652,0,0,0,0,0
704,100,196127,1612,0,0,0,0,0
704,100,197077,1604,0,0,0,0,0
704,100,226405,1634,0,0,0,0,0
704,100,213585,1631,0,0,0,0,0
704,100,195990,1608,0,0,0,0,0
704,100,195290,1540,0,0,0,0,0
704,100,196729,1677,0,0,0,0,0
704,100,195182,1566,0,0,0,0,0
704,100,195127,1601,0,0,0,0,0
704,100,193633,1562,0,0,0,0,0
704,100,195501,1608,0,0,0,0,0
704,100,196050,1601,0,0,0,0,0
704,100,195699,1517,0,0,0,0,0
723,100,212698,1978,0,0,0,0,0
723,100,197462,1606,0,0,0,0,0
723,100,201209,1543,0,0,0,0,0
723,100,214752,1600,0,0,0,0,0
723,100,196830,1659,0,0,0,0,0
723,100,199044,1527,0,0,0,0,0
723,100,197150,1515,0,0,0,0,0
723,100,199146,1631,0,0,0,0,0
723,100,195948,1552,0,0,0,0,0
723,100,199541,1723,0,0,0,0,0
723,100,198689,1565,0,0,0,0,0
723,100,198611,1545,0,0,0,0,0
723,100,199106,1572,0,0,0,0,0
723,100,196534,1544,0,0,0,0,0
723,100,197446,1647,0,0,0,0,0
723,100,197624,1547,0,0,0,0,0
723,100,197324,1555,0,0,0,0,0
723,100,198625,1498,0,0,0,0,0
723,100,197019,1525,0,0,0,0,0
723,100,201235,1815,0,0,0,0,0
742,100,213814,1864,0,0,0,0,0
742,100,200401,1539,0,0,0,0,0
742,100,200769,1529,0,0,0,0,0
742,100,199918,1600,0,0,0,0,0
742,100,200528,1544,0,0,0,0,0
742,100,200649,1601,0,0,0,0,0
742,100,199607,1557,0,0,0,0,0
742,100,198973,1550,0,0,0,0,0
742,100,198924,1567,0,0,0,0,0
742,100,201847,1606,0,0,0,0,0
742,100,200665,1531,0,0,0,0,0
742,100,203661,1559,0,0,0,0,0
742,100,200759,1508,0,0,0,0,0
742,100,198281,1630,0,0,0,0,0
742,100,199807,1518,0,0,0,0,0
742,100,200510,1598,0,0,0,0,0
742,100,203343,1599,0,0,0,0,0
742,100,201125,1564,0,0,0,0,0
742,100,199148,1556,0,0,0,0,0
742,100,203253,1673,0,0,0,0,0
761,100,216376,1928,0,0,0,0,0
761,100,207360,1689,0,0,0,0,0
761,100,204445,1693,0,0,0,0,0
761,100,231200,1553,0,0,0,0,0
761,100,202460,1670,0,0,0,0,0
761,100,201780,1612,0,0,0,0,0
761,100,202612,1589,0,0,0,0,0
761,100,205139,1732,0,0,0,0,0
761,100,202102,1561,0,0,0,0,0
761,100,210646,1641,0,0,0,0,0
761,100,204129,1618,0,0,0,0,0
761,100,203089,1624,0,0,0,0,0
761,100,202763,1521,0,0,0,0,0
761,100,201654,1526,0,0,0,0,0
761,100,203807,1633,0,0,0,0,0
761,100,202135,1580,0,0,0,0,0
761,100,201977,1625,0,0,0,0,0
761,100,218500,1587,0,0,0,0,0
761,100,202657,1717,0,0,0,0,0
761,100,204713,1652,0,0,0,0,0
780,100,219144,2034,0,0,0,0,0
780,100,205855,1586,0,0,0,0,0
780,100,208879,1613,0,0,0,0,0
780,100,204988,1672,0,0,0,0,0
780,100,206303,1787,0,0,0,0,0
780,100,205393,1525,0,0,0,0,0
780,100,204751,1539,0,0,0,0,0
780,100,236131,1688,0,0,0,0,0
780,100,206677,1615,0,0,0,0,0
780,100,206426,1557,0,0,0,0,0
780,100,205708,1602,0,0,0,0,0
780,100,204856,1555,0,0,0,0,0
780,100,204835,1523,0,0,0,0,0
780,100,207235,1688,0,0,0,0,0
780,100,204576,1639,0,0,0,0,0
780,100,205787,1667,0,0,0,0,0
780,100,206022,1559,0,0,0,0,0
780,100,204707,1567,0,0,0,0,0
780,100,207783,1695,0,0,0,0,0
780,100,205441,1519,0,0,0,0,0
799,100,224796,2020,0,0,0,0,0
799,100,209466,1606,0,0,0,0,0
799,100,209095,1719,0,0,0,0,0
799,100,207338,1790,0,0,0,0,0
799,100,210347,1668,0,0,0,0,0
799,100,207189,1523,0,0,0,0,0
799,100,206999,1543,0,0,0,0,0
799,100,208572,1596,0,0,0,0,0
799,100,207289,1597,0,0,0,0,0
799,100,206112,1597,0,0,0,0,0
799,100,206917,1688,0,0,0,0,0
799,100,207414,1546,0,0,0,0,0
799,100,208103,1582,0,0,0,0,0
799,100,208372,1621,0,0,0,0,0
799,100,206481,1542,0,0,0,0,0
799,100,207692,1553,0,0,0,0,0
799,100,209143,1596,0,0,0,0,0
799,100,208674,1649,0,0,0,0,0
799,100,207046,1533,0,0,0,0,0
799,100,237923,1544,0,0,0,0,0
818,100,225156,1964,0,0,0,0,0
818,100,212123,1577,0,0,0,0,0
818,100,209505,1636,0,0,0,0,0
818,100,210678,1585,0,0,0,0,0
818,100,212549,1620,0,0,0,0,0
818,100,213292,1674,0,0,0,0,0
818,100,211069,1693,0,0,0,0,0
818,100,208819,1563,0,0,0,0,0
818,100,230933,1754,0,0,0,0,0
818,100,209619,1595,0,0,0,0,0
818,100,210549,1682,0,0,0,0,0
818,100,215362,1576,0,0,0,0,0
818,100,209824,1670,0,0,0,0,0
818,100,209101,1535,0,0,0,0,0
818,100,210095,1599,0,0,0,0,0
818,100,208885,1557,0,0,0,0,0
818,100,209340,1557,0,0,0,0,0
818,100,215110,1667,0,0,0,0,0
818,100,210802,1576,0,0,0,0,0
818,100,210340,1571,0,0,0,0,0
837,100,225091,1891,0,0,0,0,0
837,100,221285,1597,0,0,0,0,0
837,100,213382,1586,0,0,0,0,0
837,100,214893,1681,0,0,0,0,0
837,100,212712,1606,0,0,0,0,0
837,100,211066,1586,0,0,0,0,0
837,100,212741,1553,0,0,0,0,0
837,100,211722,1542,0,0,0,0,0
837,100,211323,1659,0,0,0,0,0
837,100,243054,1569,0,0,0,0,0
837,100,213515,1631,0,0,0,0,0
837,100,213357,1532,0,0,0,0,0
837,100,212009,1635,0,0,0,0,0
837,100,213339,1529,0,0,0,0,0
837,100,211109,1525,0,0,0,0,0
837,100,213270,1538,0,0,0,0,0
837,100,211976,1549,0,0,0,0,0
837,100,214316,1657,0,0,0,0,0
837,100,213362,1568,0,0,0,0,0
837,100,213705,1583,0,0,0,0,0
856,100,229964,1917,0,0,0,0,0
856,100,214783,1617,0,0,0,0,0
856,100,216601,1667,0,0,0,0,0
856,100,216836,1925,0,0,0,0,0
856,100,215005,1653,0,0,0,0,0
856,100,214881,1608,0,0,0,0,0
856,100,215701,1541,0,0,0,0,0
856,100,213854,1544,0,0,0,0,0
856,100,217019,1635,0,0,0,0,0
856,100,216028,1575,0,0,0,0,0
856,100,213234,1664,0,0,0,0,0
856,100,216016,1604,0,0,0,0,0
856,100,215131,1591,0,0,0,0,0
856,100,214921,1610,0,0,0,0,0
856,100,214325,1569,0,0,0,0,0
856,100,216933,1712,0,0,0,0,0
856,100,220110,1953,0,0,0,0,0
856,100,215219,1583,0,0,0,0,0
856,100,215283,1654,0,0,0,0,0
856,100,215730,1961,0,0,0,0,0
875,100,231373,2313,0,0,0,0,0
875,100,219971,1541,0,0,0,0,0
875,100,217356,1598,0,0,0,0,0
875,100,218788,1492,0,0,0,0,0
875,100,219152,1560,0,0,0,0,0
875,100,219140,1576,0,0,0,0,0
875,100,219107,1660,0,0,0,0,0
875,100,219613,1676,0,0,0,0,0
875,100,223726,1650,0,0,0,0,0
875,100,216920,1564,0,0,0,0,0
875,100,216866,1657,0,0,0,0,0
875,100,219524,1643,0,0,0,0,0
875,100,215913,1522,0,0,0,0,0
875,100,219134,1485,0,0,0,0,0
875,100,220339,1566,0,0,0,0,0
875,100,217310,1578,0,0,0,0,0
875,100,220517,1724,0,0,0,0,0
875,100,235025,1566,0,0,0,0,0
875,100,218975,1644,0,0,0,0,0
875,100,216808,1536,0,0,0,0,0
894,100,233488,1893,0,0,0,0,0
894,100,222167,1664,0,0,0,0,0
894,100,224077,1650,0,0,0,0,0
894,100,222901,1673,0,0,0,0,0
894,100,221418,1644,0,0,0,0,0
894,100,220781,1593,0,0,0,0,0
894,100,222892,1638,0,0,0,0,0
894,100,221461,1641,0,0,0,0,0
894,100,222431,1622,0,0,0,0,0
894,100,218814,1511,0,0,0,0,0
894,100,219635,1608,0,0,0,0,0
894,100,220529,1567,0,0,0,0,0
894,100,218163,1524,0,0,0,0,0
894,100,223547,1566,0,0,0,0,0
894,100,218846,1807,0,0,0,0,0
894,100,220229,1599,0,0,0,0,0
894,100,221074,1608,0,0,0,0,0
894,100,220995,1556,0,0,0,0,0
894,100,219870,1501,0,0,0,0,0
894,100,219155,1522,0,0,0,0,0
913,100,233680,1903,0,0,0,0,0
913,100,224118,1649,0,0,0,0,0
913,100,224301,1527,0,0,0,0,0
913,100,223511,1838,0,0,0,0,0
913,100,221295,1525,0,0,0,0,0
913,100,222859,1663,0,0,0,0,0
913,100,222463,1532,0,0,0,0,0
913,100,225601,1593,0,0,0,0,0
913,100,221895,1582,0,0,0,0,0
913,100,222758,1630,0,0,0,0,0
913,100,223722,1634,0,0,0,0,0
913,100,256763,1732,0,0,0,0,0
913,100,222713,1550,0,0,0,0,0
913,100,222586,1572,0,0,0,0,0
913,100,223329,1608,0,0,0,0,0
913,100,224612,1679,0,0,0,0,0
913,100,224030,1579,0,0,0,0,0
913,100,225517,1661,0,0,0,0,0
913,100,222999,1582,0,0,0,0,0
913,100,241056,1565,0,0,0,0,0
932,100,240055,1885,0,0,0,0,0
932,100,224886,1581,0,0,0,0,0
932,100,225875,1688,0,0,0,0,0
932,100,224811,1722,0,0,0,0,0
932,100,227135,1758,0,0,0,0,0
932,100,224479,1568,0,0,0,0,0
932,100,225201,1670,0,0,0,0,0
932,100,225874,1553,0,0,0,0,0
932,100,224376,1577,0,0,0,0,0
932,100,223748,1638,0,0,0,0,0
932,100,224883,1643,0,0,0,0,0
932,100,226070,1527,0,0,0,0,0
932,100,225734,1615,0,0,0,0,0
932,100,224135,1580,0,0,0,0,0
932,100,223830,1591,0,0,0,0,0
932,100,228670,1713,0,0,0,0,0
932,100,226655,1656,0,0,0,0,0
932,100,223996,1597,0,0,0,0,0
932,100,224004,1548,0,0,0,0,0
932,100,225558,1551,0,0,0,0,0
951,100,256107,1886,0,0,0,0,0
951,100,227534,1588,0,0,0,0,0
951,100,227949,1604,0,0,0,0,0
951,100,228604,1633,0,0,0,0,0
951,100,227964,1537,0,0,0,0,0
951,100,227787,1536,0,0,0,0,0
951,100,228197,1527,0,0,0,0,0
951,100,230807,1606,0,0,0,0,0
951,100,227974,1620,0,0,0,0,0
951,100,227707,1541,0,0,0,0,0
951,100,234151,1632,0,0,0,0,0
951,100,228310,1507,0,0,0,0,0
951,100,226020,1566,0,0,0,0,0
951,100,226234,1572,0,0,0,0,0
951,100,226915,1581,0,0,0,0,0
951,100,232102,1734,0,0,0,0,0
951,100,256887,1560,0,0,0,0,0
951,100,225690,1510,0,0,0,0,0
951,100,227185,1546,0,0,0,0,0
951,100,229616,1496,0,0,0,0,0
970,100,241938,1916,0,0,0,0,0
970,100,233058,1610,0,0,0,0,0
970,100,229251,1550,0,0,0,0,0
970,100,230690,1645,0,0,0,0,0
970,100,231058,1496,0,0,0,0,0
970,100,232327,1614,0,0,0,0,0
970,100,229418,1537,0,0,0,0,0
970,100,229360,1577,0,0,0,0,0
970,100,231103,1637,0,0,0,0,0
970,100,231500,1629,0,0,0,0,0
970,100,234957,1687,0,0,0,0,0
970,100,229264,1637,0,0,0,0,0
970,100,230409,1636,0,0,0,0,0
970,100,230600,1604,0,0,0,0,0
970,100,233492,1657,0,0,0,0,0
970,100,235278,1735,0,0,0,0,0
970,100,229330,1550,0,0,0,0,0
970,100,231809,1612,0,0,0,0,0
970,100,230280,1569,0,0,0,0,0
970,100,232220,1586,0,0,0,0,0
989,100,244176,1898,0,0,0,0,0
989,100,235531,1570,0,0,0,0,0
989,100,233284,1645,0,0,0,0,0
989,100,232598,1608,0,0,0,0,0
989,100,232958,1549,0,0,0,0,0
989,100,233571,1613,0,0,0,0,0
989,100,232827,1654,0,0,0,0,0
989,100,232258,1565,0,0,0,0,0
989,100,232523,1648,0,0,0,0,0
989,100,233301,1632,0,0,0,0,0
989,100,231642,1644,0,0,0,0,0
989,100,235260,1565,0,0,0,0,0
989,100,230169,1582,0,0,0,0,0
989,100,232193,1579,0,0,0,0,0
989,100,235585,1645,0,0,0,0,0
989,100,233517,1565,0,0,0,0,0
989,100,231841,1668,0,0,0,0,0
989,100,231282,1578,0,0,0,0,0
989,100,232908,1599,0,0,0,0,0
989,100,230932,1529,0,0,0,0,0
1000,1,213809,1891,0,0,0,0,0
1000,1,204643,1601,0,0,0,0,0
1000,1,204592,1682,0,0,0,0,0
1000,1,203409,1709,0,0,0,0,0
1000,1,208559,1702,0,0,0,0,0
1000,1,202910,1575,0,0,0,0,0
1000,1,203334,1644,0,0,0,0,0
1000,1,205768,1822,0,0,0,0,0
1000,1,204052,1635,0,0,0,0,0
1000,1,203859,1545,0,0,0,0,0
1000,1,203401,1576,0,0,0,0,0
1000,1,204163,1576,0,0,0,0,0
1000,1,217856,1653,0,0,0,0,0
1000,1,203129,1614,0,0,0,0,0
1000,1,206086,1728,0,0,0,0,0
1000,1,203042,1673,0,0,0,0,0
1000,1,203840,1569,0,0,0,0,0
1000,1,206278,1561,0,0,0,0,0
1000,1,205143,1665,0,0,0,0,0
1000,1,211781,1947,0,0,0,0,0
1000,2,211775,1940,0,0,0,0,0
1000,2,205551,1570,0,0,0,0,0
1000,2,203875,1613,0,0,0,0,0
1000,2,202535,1647,0,0,0,0,0
1000,2,204787,1604,0,0,0,0,0
1000,2,204361,1555,0,0,0,0,0
1000,2,207158,1592,0,0,0,0,0
1000,2,205659,1735,0,0,0,0,0
1000,2,203715,1599,0,0,0,0,0
1000,2,204412,1610,0,0,0,0,0
1000,2,204023,1588,0,0,0,0,0
1000,2,203654,1590,0,0,0,0,0
1000,2,203222,1534,0,0,0,0,0
1000,2,203169,1532,0,0,0,0,0
1000,2,208861,1833,0,0,0,0,0
1000,2,203873,1529,0,0,0,0,0
1000,2,204357,1590,0,0,0,0,0
1000,2,204779,1629,0,0,0,0,0
1000,2,203322,1581,0,0,0,0,0
1000,2,205661,1640,0,0,0,0,0
1000,3,210230,1931,0,0,0,0,0
1000,3,207497,1571,0,0,0,0,0
1000,3,204222,1645,0,0,0,0,0
1000,3,205833,1590,0,0,0,0,0
1000,3,205978,1599,0,0,0,0,0
1000,3,207109,1611,0,0,0,0,0
1000,3,204908,1568,0,0,0,0,0
1000,3,203634,1536,0,0,0,0,0
1000,3,204478,1571,0,0,0,0,0
1000,3,210481,1863,0,0,0,0,0
1000,3,208147,1621,0,0,0,0,0
1000,3,206549,1670,0,0,0,0,0
1000,3,202969,1552,0,0,0,0,0
1000,3,205703,1499,0,0,0,0,0
1000,3,209107,1684,0,0,0,0,0
1000,3,231772,1587,0,0,0,0,0
1000,3,204590,1516,0,0,0,0,0
1000,3,204425,1567,0,0,0,0,0
1000,3,203811,1452,0,0,0,0,0
1000,3,204814,1561,0,0,0,0,0
1000,4,210708,1849,0,0,0,0,0
1000,4,206458,1629,0,0,0,0,0
1000,4,205140,1505,0,0,0,0,0
1000,4,205962,1537,0,0,0,0,0
1000,4,220297,1567,0,0,0,0,0
1000,4,204088,1542,0,0,0,0,0
1000,4,210102,1791,0,0,0,0,0
1000,4,207968,1621,0,0,0,0,0
1000,4,209806,1467,0,0,0,0,0
1000,4,208890,1610,0,0,0,0,0
1000,4,203442,1533,0,0,0,0,0
1000,4,208571,1753,0,0,0,0,0
1000,4,206570,1567,0,0,0,0,0
1000,4,205472,1573,0,0,0,0,0
1000,4,209116,1910,0,0,0,0,0
1000,4,203398,1628,0,0,0,0,0
1000,4,205679,1546,0,0,0,0,0
1000,4,205549,1605,0,0,0,0,0
1000,4,205662,1553,0,0,0,0,0
1000,4,206890,1492,0,0,0,0,0
1000,5,211566,1848,0,0,0,0,0
1000,5,207962,1531,0,0,0,0,0
1000,5,208185,1523,0,0,0,0,0
1000,5,207136,1569,0,0,0,0,0
1000,5,205187,1623,0,0,0,0,0
1000,5,205958,1554,0,0,0,0,0
1000,5,209478,1627,0,0,0,0,0
1000,5,207737,1630,0,0,0,0,0
1000,5,209918,1589,0,0,0,0,0
1000,5,205411,1571,0,0,0,0,0
1000,5,208190,1508,0,0,0,0,0
1000,5,204668,1502,0,0,0,0,0
1000,5,206499,1556,0,0,0,0,0
1000,5,207239,1568,0,0,0,0,0
1000,5,205991,1540,0,0,0,0,0
1000,5,205223,1521,0,0,0,0,0
1000,5,205381,1581,0,0,0,0,0
1000,5,205203,1502,0,0,0,0,0
1000,5,204589,1508,0,0,0,0,0
1000,5,205258,1489,0,0,0,0,0
1000,6,215206,1880,0,0,0,0,0
1000,6,206323,1610,0,0,0,0,0
1000,6,205648,1612,0,0,0,0,0
1000,6,206015,1600,0,0,0,0,0
1000,6,204248,1530,0,0,0,0,0
1000,6,207887,1575,0,0,0,0,0
1000,6,205403,4297,0,0,0,0,0
1000,6,205248,1534,0,0,0,0,0
1000,6,205585,1577,0,0,0,0,0
1000,6,204970,1559,0,0,0,0,0
1000,6,208565,1620,0,0,0,0,0
1000,6,205386,1596,0,0,0,0,0
1000,6,203877,1480,0,0,0,0,0
1000,6,205685,1503,0,0,0,0,0
1000,6,208206,1725,0,0,0,0,0
1000,6,207160,1575,0,0,0,0,0
1000,6,206102,1573,0,0,0,0,0
1000,6,206215,1560,0,0,0,0,0
1000,6,205699,1498,0,0,0,0,0
1000,6,204611,1581,0,0,0,0,0
1000,7,215333,1866,0,0,0,0,0
1000,7,207137,1534,0,0,0,0,0
1000,7,207796,1623,0,0,0,0,0
1000,7,208087,1515,0,0,0,0,0
1000,7,206502,1620,0,0,0,0,0
1000,7,206417,1595,0,0,0,0,0
1000,7,205262,1550,0,0,0,0,0
1000,7,207058,1672,0,0,0,0,0
1000,7,207182,1560,0,0,0,0,0
1000,7,212915,1558,0,0,0,0,0
1000,7,204115,1582,0,0,0,0,0
1000,7,206082,1553,0,0,0,0,0
1000,7,205933,1569,0,0,0,0,0
1000,7,206032,1658,0,0,0,0,0
1000,7,211064,1749,0,0,0,0,0
1000,7,204006,1517,0,0,0,0,0
1000,7,206581,1567,0,0,0,0,0
1000,7,206287,1535,0,0,0,0,0
1000,7,205971,1537,0,0,0,0,0
1000,7,207434,1564,0,0,0,0,0
1000,8,214694,1980,0,0,0,0,0
1000,8,207587,1608,0,0,0,0,0
1000,8,206536,1612,0,0,0,0,0
1000,8,208559,1655,0,0,0,0,0
1000,8,217529,1533,0,0,0,0,0
1000,8,206172,1558,0,0,0,0,0
1000,8,205664,1455,0,0,0,0,0
1000,8,208857,1646,0,0,0,0,0
1000,8,207711,1576,0,0,0,0,0
1000,8,206911,1644,0,0,0,0,0
1000,8,206494,1610,0,0,0,0,0
1000,8,207164,1630,0,0,0,0,0
1000,8,207375,1591,0,0,0,0,0
1000,8,206601,1598,0,0,0,0,0
1000,8,206839,1563,0,0,0,0,0
1000,8,206824,1556,0,0,0,0,0
1000,8,235963,1488,0,0,0,0,0
1000,8,206894,1683,0,0,0,0,0
1000,8,205941,1598,0,0,0,0,0
1000,8,204863,1532,0,0,0,0,0
1000,9,215899,1934,0,0,0,0,0
1000,9,212891,1629,0,0,0,0,0
1000,9,210901,1582,0,0,0,0,0
1000,9,206961,1600,0,0,0,0,0
1000,9,208870,1576,0,0,0,0,0
1000,9,206255,1517,0,0,0,0,0
1000,9,210663,1708,0,0,0,0,0
1000,9,206433,1549,0,0,0,0,0
1000,9,207105,1587,0,0,0,0,0
1000,9,208156,1590,0,0,0,0,0
1000,9,207475,1606,0,0,0,0,0
1000,9,207574,1693,0,0,0,0,0
1000,9,205165,1615,0,0,0,0,0
1000,9,207525,1618,0,0,0,0,0
1000,9,209481,1756,0,0,0,0,0
1000,9,207503,1526,0,0,0,0,0
1000,9,208715,1577,0,0,0,0,0
1000,9,206683,1466,0,0,0,0,0
1000,9,207641,1516,0,0,0,0,0
1000,9,207380,1580,0,0,0,0,0
1000,10,216335,1816,0,0,0,0,0
1000,10,207914,1555,0,0,0,0,0
1000,10,206710,1643,0,0,0,0,0
1000,10,209064,1641,0,0,0,0,0
1000,10,208087,1537,0,0,0,0,0
1000,10,208786,1512,0,0,0,0,0
1000,10,206503,1598,0,0,0,0,0
1000,10,207529,1602,0,0,0,0,0
1000,10,207761,1665,0,0,0,0,0
1000,10,207581,1613,0,0,0,0,0
1000,10,208051,1529,0,0,0,0,0
1000,10,207458,1532,0,0,0,0,0
1000,10,207900,1542,0,0,0,0,0
1000,10,208217,1560,0,0,0,0,0
1000,10,239534,1554,0,0,0,0,0
1000,10,208301,1602,0,0,0,0,0
1000,10,207372,1581,0,0,0,0,0
1000,10,208029,1558,0,0,0,0,0
1000,10,209135,1493,0,0,0,0,0
1000,10,208049,1549,0,0,0,0,0
1000,11,218787,1833,0,0,0,0,0
1000,11,208712,1677,0,0,0,0,0
1000,11,208663,1609,0,0,0,0,0
1000,11,208397,1498,0,0,0,0,0
1000,11,206947,1521,0,0,0,0,0
1000,11,206773,1533,0,0,0,0,0
1000,11,208020,1549,0,0,0,0,0
1000,11,208213,1653,0,0,0,0,0
1000,11,213949,1655,0,0,0,0,0
1000,11,205524,1574,0,0,0,0,0
1000,11,208545,1601,0,0,0,0,0
1000,11,208314,1607,0,0,0,0,0
1000,11,205965,1607,0,0,0,0,0
1000,11,207195,1515,0,0,0,0,0
1000,11,208997,1593,0,0,0,0,0
1000,11,206741,1601,0,0,0,0,0
1000,11,207324,1541,0,0,0,0,0
1000,11,209263,1724,0,0,0,0,0
1000,11,222939,1556,0,0,0,0,0
1000,11,213945,1704,0,0,0,0,0
1000,12,218595,1828,0,0,0,0,0
1000,12,209433,1561,0,0,0,0,0
1000,12,211064,1644,0,0,0,0,0
1000,12,208332,1595,0,0,0,0,0
1000,12,220760,1630,0,0,0,0,0
1000,12,209895,1609,0,0,0,0,0
1000,12,235364,1575,0,0,0,0,0
1000,12,210971,1571,0,0,0,0,0
1000,12,206414,1628,0,0,0,0,0
1000,12,208486,1621,0,0,0,0,0
1000,12,208142,1552,0,0,0,0,0
1000,12,209004,1588,0,0,0,0,0
1000,12,207982,1599,0,0,0,0,0
1000,12,207537,1571,0,0,0,0,0
1000,12,223517,1666,0,0,0,0,0
1000,12,207779,1522,0,0,0,0,0
1000,12,207800,1614,0,0,0,0,0
1000,12,207774,1606,0,0,0,0,0
1000,12,205734,1523,0,0,0,0,0
1000,12,208455,1564,0,0,0,0,0
1000,13,216757,1903,0,0,0,0,0
1000,13,207966,1596,0,0,0,0,0
1000,13,208601,1592,0,0,0,0,0
1000,13,209292,1573,0,0,0,0,0
1000,13,208216,1581,0,0,0,0,0
1000,13,209013,1638,0,0,0,0,0
1000,13,208162,1626,0,0,0,0,0
1000,13,209060,1666,0,0,0,0,0
1000,13,206925,1543,0,0,0,0,0
1000,13,209445,1639,0,0,0,0,0
1000,13,209165,1593,0,0,0,0,0
1000,13,207226,1546,0,0,0,0,0
1000,13,208657,1536,0,0,0,0,0
1000,13,208172,1583,0,0,0,0,0
1000,13,211130,1798,0,0,0,0,0
1000,13,209783,1571,0,0,0,0,0
1000,13,217320,1916,0,0,0,0,0
1000,13,226225,1920,0,0,0,0,0
1000,13,210301,1551,0,0,0,0,0
1000,13,209511,1566,0,0,0,0,0
1000,14,217316,1890,0,0,0,0,0
1000,14,212534,1568,0,0,0,0,0
1000,14,213774,1708,0,0,0,0,0
1000,14,212655,1683,0,0,0,0,0
1000,14,210323,1699,0,0,0,0,0
1000,14,207405,1605,0,0,0,0,0
1000,14,209497,1639,0,0,0,0,0
1000,14,211587,1617,0,0,0,0,0
1000,14,211530,1640,0,0,0,0,0
1000,14,208601,1598,0,0,0,0,0
1000,14,208196,1591,0,0,0,0,0
1000,14,211144,1622,0,0,0,0,0
1000,14,209863,1606,0,0,0,0,0
1000,14,210517,1574,0,0,0,0,0
1000,14,209956,1617,0,0,0,0,0
1000,14,209923,1647,0,0,0,0,0
1000,14,209741,1554,0,0,0,0,0
1000,14,208339,1615,0,0,0,0,0
1000,14,209280,1606,0,0,0,0,0
1000,14,208155,1485,0,0,0,0,0
1000,15,218811,1844,0,0,0,0,0
1000,15,210675,1617,0,0,0,0,0
1000,15,209350,1528,0,0,0,0,0
1000,15,209477,1711,0,0,0,0,0
1000,15,209072,1583,0,0,0,0,0
1000,15,210091,1600,0,0,0,0,0
1000,15,209860,1632,0,0,0,0,0
1000,15,210465,1671,0,0,0,0,0
1000,15,208409,1579,0,0,0,0,0
1000,15,209784,1641,0,0,0,0,0
1000,15,208928,1707,0,0,0,0,0
1000,15,209621,1597,0,0,0,0,0
1000,15,210108,1540,0,0,0,0,0
1000,15,208666,1544,0,0,0,0,0
1000,15,211538,1898,0,0,0,0,0
1000,15,209118,1609,0,0,0,0,0
1000,15,210576,1597,0,0,0,0,0
1000,15,213701,1849,0,0,0,0,0
1000,15,208267,1556,0,0,0,0,0
1000,15,208467,1607,0,0,0,0,0
1000,16,218646,1930,0,0,0,0,0
1000,16,208927,1590,0,0,0,0,0
1000,16,209404,1553,0,0,0,0,0
1000,16,225792,2046,0,0,0,0,0
1000,16,222372,1910,0,0,0,0,0
1000,16,209987,1572,0,0,0,0,0
1000,16,209025,1536,0,0,0,0,0
1000,16,221235,2099,0,0,0,0,0
1000,16,210434,1567,0,0,0,0,0
1000,16,209538,1572,0,0,0,0,0
1000,16,209291,1565,0,0,0,0,0
1000,16,209514,1547,0,0,0,0,0
1000,16,208307,1511,0,0,0,0,0
1000,16,207956,1489,0,0,0,0,0
1000,16,212022,1854,0,0,0,0,0
1000,16,213346,1615,0,0,0,0,0
1000,16,209459,1601,0,0,0,0,0
1000,16,210970,1591,0,0,0,0,0
1000,16,209305,1557,0,0,0,0,0
1000,16,209134,1602,0,0,0,0,0
1000,17,218263,1841,0,0,0,0,0
1000,17,211897,1649,0,0,0,0,0
1000,17,209430,1554,0,0,0,0,0
1000,17,210346,1550,0,0,0,0,0
1000,17,210239,1515,0,0,0,0,0
1000,17,208258,1466,0,0,0,0,0
1000,17,210155,1550,0,0,0,0,0
1000,17,211193,1654,0,0,0,0,0
1000,17,209983,1582,0,0,0,0,0
1000,17,216111,1585,0,0,0,0,0
1000,17,209524,1523,0,0,0,0,0
1000,17,209630,1630,0,0,0,0,0
1000,17,208791,1560,0,0,0,0,0
1000,17,214834,1617,0,0,0,0,0
1000,17,213464,1733,0,0,0,0,0
1000,17,209097,1534,0,0,0,0,0
1000,17,209744,1628,0,0,0,0,0
1000,17,209609,1606,0,0,0,0,0
1000,17,209539,1633,0,0,0,0,0
1000,17,209525,1592,0,0,0,0,0
1000,18,217660,1896,0,0,0,0,0
1000,18,209903,1572,0,0,0,0,0
1000,18,210131,1738,0,0,0,0,0
1000,18,217614,1549,0,0,0,0,0
1000,18,208669,1696,0,0,0,0,0
1000,18,209847,1657,0,0,0,0,0
1000,18,209378,1547,0,0,0,0,0
1000,18,212278,1731,0,0,0,0,0
1000,18,208238,1478,0,0,0,0,0
1000,18,217395,1611,0,0,0,0,0
1000,18,209921,1552,0,0,0,0,0
1000,18,210708,1589,0,0,0,0,0
1000,18,208869,1589,0,0,0,0,0
1000,18,209148,1638,0,0,0,0,0
1000,18,212802,1887,0,0,0,0,0
1000,18,210540,1589,0,0,0,0,0
1000,18,238675,1632,0,0,0,0,0
1000,18,211131,1654,0,0,0,0,0
1000,18,209660,1512,0,0,0,0,0
1000,18,209594,1567,0,0,0,0,0
1000,19,219833,1938,0,0,0,0,0
1000,19,211124,1661,0,0,0,0,0
1000,19,208902,1556,0,0,0,0,0
1000,19,211384,1606,0,0,0,0,0
1000,19,209316,1587,0,0,0,0,0
1000,19,214260,1637,0,0,0,0,0
1000,19,211999,1596,0,0,0,0,0
1000,19,209918,1598,0,0,0,0,0
1000,19,211230,1644,0,0,0,0,0
1000,19,211020,1669,0,0,0,0,0
1000,19,209657,1592,0,0,0,0,0
1000,19,208805,1557,0,0,0,0,0
1000,19,210503,1677,0,0,0,0,0
1000,19,209543,1594,0,0,0,0,0
1000,19,213558,1679,0,0,0,0,0
1000,19,218335,1904,0,0,0,0,0
1000,19,214509,1718,0,0,0,0,0
1000,19,214902,1625,0,0,0,0,0
1000,19,212151,1625,0,0,0,0,0
1000,19,210951,1557,0,0,0,0,0
1000,20,218647,2118,0,0,0,0,0
1000,20,212555,1652,0,0,0,0,0
1000,20,211619,1640,0,0,0,0,0
1000,20,211375,1591,0,0,0,0,0
1000,20,211130,1654,0,0,0,0,0
1000,20,209101,1528,0,0,0,0,0
1000,20,210510,1577,0,0,0,0,0
1000,20,212731,1648,0,0,0,0,0
1000,20,211363,1581,0,0,0,0,0
1000,20,210686,1683,0,0,0,0,0
1000,20,207933,1563,0,0,0,0,0
1000,20,210912,1659,0,0,0,0,0
1000,20,210765,1652,0,0,0,0,0
1000,20,211637,1582,0,0,0,0,0
1000,20,214395,1766,0,0,0,0,0
1000,20,210139,1608,0,0,0,0,0
1000,20,211863,1620,0,0,0,0,0
1000,20,210777,1572,0,0,0,0,0
1000,20,210341,1583,0,0,0,0,0
1000,20,211408,1526,0,0,0,0,0
1000,21,218491,1834,0,0,0,0,0
1000,21,212161,1638,0,0,0,0,0
1000,21,211918,1525,0,0,0,0,0
1000,21,210793,1537,0,0,0,0,0
1000,21,211383,1592,0,0,0,0,0
1000,21,210438,1590,0,0,0,0,0
1000,21,211884,1549,0,0,0,0,0
1000,21,213059,1705,0,0,0,0,0
1000,21,208276,1485,0,0,0,0,0
1000,21,237775,1623,0,0,0,0,0
1000,21,243011,1766,0,0,0,0,0
1000,21,211159,1584,0,0,0,0,0
1000,21,210877,1651,0,0,0,0,0
1000,21,209589,1508,0,0,0,0,0
1000,21,212774,1842,0,0,0,0,0
1000,21,214611,2038,0,0,0,0,0
1000,21,210580,1570,0,0,0,0,0
1000,21,212177,1598,0,0,0,0,0
1000,21,209708,1520,0,0,0,0,0
1000,21,210498,1563,0,0,0,0,0
1000,22,220585,1842,0,0,0,0,0
1000,22,213000,1495,0,0,0,0,0
1000,22,212430,1530,0,0,0,0,0
1000,22,211083,1586,0,0,0,0,0
1000,22,211222,1536,0,0,0,0,0
1000,22,210407,1579,0,0,0,0,0
1000,22,210130,1592,0,0,0,0,0
1000,22,212067,1546,0,0,0,0,0
1000,22,212117,1720,0,0,0,0,0
1000,22,211494,1677,0,0,0,0,0
1000,22,211677,1669,0,0,0,0,0
1000,22,224569,1593,0,0,0,0,0
1000,22,210767,1537,0,0,0,0,0
1000,22,214430,1537,0,0,0,0,0
1000,22,213618,1977,0,0,0,0,0
1000,22,211779,1654,0,0,0,0,0
1000,22,210652,1624,0,0,0,0,0
1000,22,212089,1553,0,0,0,0,0
1000,22,212032,1609,0,0,0,0,0
1000,22,211803,1531,0,0,0,0,0
1000,23,218206,1951,0,0,0,0,0
1000,23,211614,1477,0,0,0,0,0
1000,23,214859,1639,0,0,0,0,0
1000,23,215775,1600,0,0,0,0,0
1000,23,211623,1607,0,0,0,0,0
1000,23,211476,1526,0,0,0,0,0
1000,23,210750,1580,0,0,0,0,0
1000,23,213361,1558,0,0,0,0,0
1000,23,211782,1626,0,0,0,0,0
1000,23,210884,1495,0,0,0,0,0
1000,23,210453,1495,0,0,0,0,0
1000,23,211892,1574,0,0,0,0,0
1000,23,212070,1547,0,0,0,0,0
1000,23,215521,1586,0,0,0,0,0
1000,23,220453,1752,0,0,0,0,0
1000,23,210513,1557,0,0,0,0,0
1000,23,212214,1602,0,0,0,0,0
1000,23,212533,1485,0,0,0,0,0
1000,23,210836,1556,0,0,0,0,0
1000,23,211824,1597,0,0,0,0,0
1000,24,222636,2163,0,0,0,0,0
1000,24,217999,1863,0,0,0,0,0
1000,24,212615,1643,0,0,0,0,0
1000,24,211466,1586,0,0,0,0,0
1000,24,212576,1666,0,0,0,0,0
1000,24,212911,1547,0,0,0,0,0
1000,24,212446,1584,0,0,0,0,0
1000,24,213113,1739,0,0,0,0,0
1000,24,211679,1617,0,0,0,0,0
1000,24,213007,1617,0,0,0,0,0
1000,24,212420,1679,0,0,0,0,0
1000,24,212946,1606,0,0,0,0,0
1000,24,212478,1629,0,0,0,0,0
1000,24,210624,1562,0,0,0,0,0
1000,24,214990,1659,0,0,0,0,0
1000,24,214212,1671,0,0,0,0,0
1000,24,212535,1585,0,0,0,0,0
1000,24,210386,1651,0,0,0,0,0
1000,24,210709,1637,0,0,0,0,0
1000,24,216527,1580,0,0,0,0,0
1000,25,219985,1927,0,0,0,0,0
1000,25,217415,1677,0,0,0,0,0
1000,25,211747,1648,0,0,0,0,0
1000,25,212622,1653,0,0,0,0,0
1000,25,213676,1648,0,0,0,0,0
1000,25,213491,1884,0,0,0,0,0
1000,25,226302,1560,0,0,0,0,0
1000,25,211245,1480,0,0,0,0,0
1000,25,210579,1566,0,0,0,0,0
1000,25,212941,1592,0,0,0,0,0
1000,25,214084,1656,0,0,0,0,0
1000,25,211745,1599,0,0,0,0,0
1000,25,212722,1590,0,0,0,0,0
1000,25,213046,1529,0,0,0,0,0
1000,25,215374,1733,0,0,0,0,0
1000,25,212387,1609,0,0,0,0,0
1000,25,210739,1537,0,0,0,0,0
1000,25,212998,1770,0,0,0,0,0
1000,25,212617,1563,0,0,0,0,0
1000,25,213085,1541,0,0,0,0,0
1000,26,219544,1890,0,0,0,0,0
1000,26,216543,1607,0,0,0,0,0
1000,26,214141,1581,0,0,0,0,0
1000,26,225492,1591,0,0,0,0,0
1000,26,214391,1710,0,0,0,0,0
1000,26,213893,1645,0,0,0,0,0
1000,26,212958,1552,0,0,0,0,0
1000,26,214371,1606,0,0,0,0,0
1000,26,213021,1612,0,0,0,0,0
1000,26,211935,1738,0,0,0,0,0
1000,26,212882,1637,0,0,0,0,0
1000,26,212900,1654,0,0,0,0,0
1000,26,212876,1673,0,0,0,0,0
1000,26,213199,1553,0,0,0,0,0
1000,26,217704,2192,0,0,0,0,0
1000,26,211196,1556,0,0,0,0,0
1000,26,212239,1556,0,0,0,0,0
1000,26,213059,1563,0,0,0,0,0
1000,26,211557,1527,0,0,0,0,0
1000,26,215488,1638,0,0,0,0,0
1000,27,219359,1799,0,0,0,0,0
1000,27,218271,1608,0,0,0,0,0
1000,27,218543,1667,0,0,0,0,0
1000,27,212091,1629,0,0,0,0,0
1000,27,213537,1651,0,0,0,0,0
1000,27,214248,1668,0,0,0,0,0
1000,27,212373,1671,0,0,0,0,0
1000,27,214198,1646,0,0,0,0,0
1000,27,212274,1609,0,0,0,0,0
1000,27,212267,1682,0,0,0,0,0
1000,27,212195,1609,0,0,0,0,0
1000,27,212540,1621,0,0,0,0,0
1000,27,212140,2067,0,0,0,0,0
1000,27,212242,1578,0,0,0,0,0
1000,27,214847,1721,0,0,0,0,0
1000,27,212151,1504,0,0,0,0,0
1000,27,213718,1685,0,0,0,0,0
1000,27,213699,1861,0,0,0,0,0
1000,27,215775,1581,0,0,0,0,0
1000,27,212405,1495,0,0,0,0,0
1000,28,223368,1873,0,0,0,0,0
1000,28,216197,1625,0,0,0,0,0
1000,28,212924,1596,0,0,0,0,0
1000,28,215710,1629,0,0,0,0,0
1000,28,213722,1692,0,0,0,0,0
1000,28,213625,1643,0,0,0,0,0
1000,28,214292,1623,0,0,0,0,0
1000,28,213347,1613,0,0,0,0,0
1000,28,211963,1662,0,0,0,0,0
1000,28,213020,1585,0,0,0,0,0
1000,28,215868,1519,0,0,0,0,0
1000,28,212965,1629,0,0,0,0,0
1000,28,213172,1638,0,0,0,0,0
1000,28,217969,1571,0,0,0,0,0
1000,28,217377,1734,0,0,0,0,0
1000,28,215031,1603,0,0,0,0,0
1000,28,211524,1533,0,0,0,0,0
1000,28,214695,1668,0,0,0,0,0
1000,28,214163,1558,0,0,0,0,0
1000,28,212537,1547,0,0,0,0,0
1000,29,224283,2146,0,0,0,0,0
1000,29,215784,1661,0,0,0,0,0
1000,29,214374,1594,0,0,0,0,0
1000,29,213919,1599,0,0,0,0,0
1000,29,213247,1581,0,0,0,0,0
1000,29,212404,1549,0,0,0,0,0
1000,29,213548,1713,0,0,0,0,0
1000,29,215296,1701,0,0,0,0,0
1000,29,214300,1670,0,0,0,0,0
1000,29,217853,1613,0,0,0,0,0
1000,29,212503,1604,0,0,0,0,0
1000,29,213685,1603,0,0,0,0,0
1000,29,212820,1612,0,0,0,0,0
1000,29,227494,1670,0,0,0,0,0
1000,29,216728,1807,0,0,0,0,0
1000,29,214542,1607,0,0,0,0,0
1000,29,214279,1618,0,0,0,0,0
1000,29,214814,1564,0,0,0,0,0
1000,29,213505,1539,0,0,0,0,0
1000,29,212358,1588,0,0,0,0,0
1000,30,222562,2056,0,0,0,0,0
1000,30,215630,1584,0,0,0,0,0
1000,30,213374,1554,0,0,0,0,0
1000,30,212778,1597,0,0,0,0,0
1000,30,212562,1605,0,0,0,0,0
1000,30,213150,1668,0,0,0,0,0
1000,30,214207,1708,0,0,0,0,0
1000,30,216144,1656,0,0,0,0,0
1000,30,212682,1606,0,0,0,0,0
1000,30,217316,1698,0,0,0,0,0
1000,30,213750,1629,0,0,0,0,0
1000,30,213960,1595,0,0,0,0,0
1000,30,213355,1848,0,0,0,0,0
1000,30,213493,1526,0,0,0,0,0
1000,30,216938,1985,0,0,0,0,0
1000,30,215176,1815,0,0,0,0,0
1000,30,213096,1621,0,0,0,0,0
1000,30,213896,1515,0,0,0,0,0
1000,30,212403,1617,0,0,0,0,0
1000,30,212606,1594,0,0,0,0,0
1000,31,223487,1912,0,0,0,0,0
1000,31,217726,2030,0,0,0,0,0
1000,31,213317,1594,0,0,0,0,0
1000,31,213672,1643,0,0,0,0,0
1000,31,214927,1618,0,0,0,0,0
1000,31,217087,1742,0,0,0,0,0
1000,31,217538,1689,0,0,0,0,0
1000,31,212601,1510,0,0,0,0,0
1000,31,213516,1637,0,0,0,0,0
1000,31,215835,1652,0,0,0,0,0
1000,31,214017,1666,0,0,0,0,0
1000,31,213265,1661,0,0,0,0,0
1000,31,213272,1607,0,0,0,0,0
1000,31,212683,1601,0,0,0,0,0
1000,31,216362,1561,0,0,0,0,0
1000,31,214554,1524,0,0,0,0,0
1000,31,214348,1713,0,0,0,0,0
1000,31,212084,1591,0,0,0,0,0
1000,31,213151,1621,0,0,0,0,0
1000,31,215447,1638,0,0,0,0,0
1000,32,226377,1965,0,0,0,0,0
1000,32,215783,1594,0,0,0,0,0
1000,32,215845,1531,0,0,0,0,0
1000,32,214714,1625,0,0,0,0,0
1000,32,214800,1626,0,0,0,0,0
1000,32,213658,1693,0,0,0,0,0
1000,32,215161,1631,0,0,0,0,0
1000,32,216541,2016,0,0,0,0,0
1000,32,214983,1600,0,0,0,0,0
1000,32,213450,1671,0,0,0,0,0
1000,32,213509,1589,0,0,0,0,0
1000,32,214154,1622,0,0,0,0,0
1000,32,214473,1557,0,0,0,0,0
1000,32,213745,1588,0,0,0,0,0
1000,32,217439,1833,0,0,0,0,0
1000,32,213872,1580,0,0,0,0,0
1000,32,212795,1620,0,0,0,0,0
1000,32,215465,1722,0,0,0,0,0
1000,32,214484,1561,0,0,0,0,0
1000,32,214692,1680,0,0,0,0,0
1000,33,226356,1995,0,0,0,0,0
1000,33,215943,1646,0,0,0,0,0
1000,33,215382,1551,0,0,0,0,0
1000,33,214617,1574,0,0,0,0,0
1000,33,214267,1592,0,0,0,0,0
1000,33,214428,1651,0,0,0,0,0
1000,33,214691,1600,0,0,0,0,0
1000,33,217798,1663,0,0,0,0,0
1000,33,213635,1621,0,0,0,0,0
1000,33,218092,1644,0,0,0,0,0
1000,33,213681,1570,0,0,0,0,0
1000,33,215330,1609,0,0,0,0,0
1000,33,214522,1626,0,0,0,0,0
1000,33,212760,1630,0,0,0,0,0
1000,33,216061,2024,0,0,0,0,0
1000,33,214114,1584,0,0,0,0,0
1000,33,218504,1654,0,0,0,0,0
1000,33,214717,1671,0,0,0,0,0
1000,33,215838,1695,0,0,0,0,0
1000,33,215577,1703,0,0,0,0,0
1000,34,225653,1992,0,0,0,0,0
1000,34,218541,1658,0,0,0,0,0
1000,34,215530,1666,0,0,0,0,0
1000,34,247444,1746,0,0,0,0,0
1000,34,232173,1518,0,0,0,0,0
1000,34,222510,2020,0,0,0,0,0
1000,34,217269,1779,0,0,0,0,0
1000,34,215355,1645,0,0,0,0,0
1000,34,218101,1616,0,0,0,0,0
1000,34,219726,1550,0,0,0,0,0
1000,34,217025,1601,0,0,0,0,0
1000,34,214292,1553,0,0,0,0,0
1000,34,213425,1549,0,0,0,0,0
1000,34,214369,1606,0,0,0,0,0
1000,34,217486,1758,0,0,0,0,0
1000,34,215083,1635,0,0,0,0,0
1000,34,213854,1503,0,0,0,0,0
1000,34,212941,1511,0,0,0,0,0
1000,34,216460,1633,0,0,0,0,0
1000,34,215307,1594,0,0,0,0,0
1000,35,229737,1875,0,0,0,0,0
1000,35,219307,1564,0,0,0,0,0
1000,35,216844,1618,0,0,0,0,0
1000,35,216297,1542,0,0,0,0,0
1000,35,216971,1596,0,0,0,0,0
1000,35,214393,1580,0,0,0,0,0
1000,35,215693,1614,0,0,0,0,0
1000,35,216196,1691,0,0,0,0,0
1000,35,215554,1686,0,0,0,0,0
1000,35,220860,1590,0,0,0,0,0
1000,35,214341,1509,0,0,0,0,0
1000,35,215004,1586,0,0,0,0,0
1000,35,216018,1593,0,0,0,0,0
1000,35,216758,1559,0,0,0,0,0
1000,35,220310,1699,0,0,0,0,0
1000,35,213849,1519,0,0,0,0,0
1000,35,213449,1584,0,0,0,0,0
1000,35,214763,1574,0,0,0,0,0
1000,35,214105,1571,0,0,0,0,0
1000,35,215502,1595,0,0,0,0,0
1000,36,226788,1831,0,0,0,0,0
1000,36,219243,1662,0,0,0,0,0
1000,36,218778,1926,0,0,0,0,0
1000,36,217413,1639,0,0,0,0,0
1000,36,214522,1604,0,0,0,0,0
1000,36,215356,1597,0,0,0,0,0
1000,36,214930,1643,0,0,0,0,0
1000,36,215961,1677,0,0,0,0,0
1000,36,216301,1560,0,0,0,0,0
1000,36,218823,1559,0,0,0,0,0
1000,36,215425,1600,0,0,0,0,0
1000,36,216254,1680,0,0,0,0,0
1000,36,217734,1600,0,0,0,0,0
1000,36,216174,1720,0,0,0,0,0
1000,36,216695,1704,0,0,0,0,0
1000,36,215930,1537,0,0,0,0,0
1000,36,214984,1617,0,0,0,0,0
1000,36,215692,1554,0,0,0,0,0
1000,36,215288,1588,0,0,0,0,0
1000,36,214154,1517,0,0,0,0,0
1000,37,226216,2195,0,0,0,0,0
1000,37,215956,1681,0,0,0,0,0
1000,37,214863,1627,0,0,0,0,0
1000,37,216059,1941,0,0,0,0,0
1000,37,216610,1614,0,0,0,0,0
1000,37,217104,1665,0,0,0,0,0
1000,37,216568,1697,0,0,0,0,0
1000,37,218415,1648,0,0,0,0,0
1000,37,214459,1570,0,0,0,0,0
1000,37,215073,1594,0,0,0,0,0
1000,37,215668,1557,0,0,0,0,0
1000,37,224363,1946,0,0,0,0,0
1000,37,221568,1672,0,0,0,0,0
1000,37,219489,1727,0,0,0,0,0
1000,37,219109,1641,0,0,0,0,0
1000,37,218529,1504,0,0,0,0,0
1000,37,215252,1608,0,0,0,0,0
1000,37,219610,1555,0,0,0,0,0
1000,37,215735,1508,0,0,0,0,0
1000,37,215425,1624,0,0,0,0,0
1000,38,226745,1858,0,0,0,0,0
1000,38,216024,1581,0,0,0,0,0
1000,38,222059,1933,0,0,0,0,0
1000,38,218804,1582,0,0,0,0,0
1000,38,218133,1722,0,0,0,0,0
1000,38,216955,1597,0,0,0,0,0
1000,38,214027,1587,0,0,0,0,0
1000,38,217091,1562,0,0,0,0,0
1000,38,216174,1661,0,0,0,0,0
1000,38,215971,1583,0,0,0,0,0
1000,38,214655,1595,0,0,0,0,0
1000,38,216293,1730,0,0,0,0,0
1000,38,215181,1614,0,0,0,0,0
1000,38,216607,1657,0,0,0,0,0
1000,38,223052,1924,0,0,0,0,0
1000,38,221795,1556,0,0,0,0,0
1000,38,216282,1539,0,0,0,0,0
1000,38,219500,1687,0,0,0,0,0
1000,38,216058,1637,0,0,0,0,0
1000,38,220850,1659,0,0,0,0,0
1000,39,225292,1867,0,0,0,0,0
1000,39,219424,1575,0,0,0,0,0
1000,39,220373,1601,0,0,0,0,0
1000,39,218633,1560,0,0,0,0,0
1000,39,215507,1652,0,0,0,0,0
1000,39,216972,1624,0,0,0,0,0
1000,39,219354,1518,0,0,0,0,0
1000,39,218819,1843,0,0,0,0,0
1000,39,216676,1639,0,0,0,0,0
1000,39,214498,1628,0,0,0,0,0
1000,39,216220,1616,0,0,0,0,0
1000,39,217410,1602,0,0,0,0,0
1000,39,216463,1571,0,0,0,0,0
1000,39,219790,1721,0,0,0,0,0
1000,39,216463,1592,0,0,0,0,0
1000,39,215750,1574,0,0,0,0,0
1000,39,216918,1577,0,0,0,0,0
1000,39,221558,1552,0,0,0,0,0
1000,39,216016,1620,0,0,0,0,0
1000,39,215230,1547,0,0,0,0,0
1000,40,225334,1871,0,0,0,0,0
1000,40,217570,1591,0,0,0,0,0
1000,40,218904,1631,0,0,0,0,0
1000,40,216607,1644,0,0,0,0,0
1000,40,248312,1601,0,0,0,0,0
1000,40,246268,1674,0,0,0,0,0
1000,40,217804,1616,0,0,0,0,0
1000,40,216796,1529,0,0,0,0,0
1000,40,215643,1524,0,0,0,0,0
1000,40,216821,1529,0,0,0,0,0
1000,40,218864,1550,0,0,0,0,0
1000,40,215902,1598,0,0,0,0,0
1000,40,215850,1526,0,0,0,0,0
1000,40,216642,1606,0,0,0,0,0
1000,40,220621,1734,0,0,0,0,0
1000,40,216647,1556,0,0,0,0,0
1000,40,217791,1537,0,0,0,0,0
1000,40,218823,1503,0,0,0,0,0
1000,40,216188,1571,0,0,0,0,0
1000,40,217279,1603,0,0,0,0,0
1000,41,227570,1745,0,0,0,0,0
1000,41,219771,1524,0,0,0,0,0
1000,41,222404,1582,0,0,0,0,0
1000,41,247244,1649,0,0,0,0,0
1000,41,216797,1554,0,0,0,0,0
1000,41,217595,1591,0,0,0,0,0
1000,41,215123,1652,0,0,0,0,0
1000,41,219252,1651,0,0,0,0,0
1000,41,218399,1666,0,0,0,0,0
1000,41,217999,1630,0,0,0,0,0
1000,41,216225,1647,0,0,0,0,0
1000,41,215668,1652,0,0,0,0,0
1000,41,216955,1597,0,0,0,0,0
1000,41,217791,1585,0,0,0,0,0
1000,41,220664,1669,0,0,0,0,0
1000,41,216282,1580,0,0,0,0,0
1000,41,221708,1680,0,0,0,0,0
1000,41,221908,1882,0,0,0,0,0
1000,41,244943,1682,0,0,0,0,0
1000,41,216695,1505,0,0,0,0,0
1000,42,225715,1937,0,0,0,0,0
1000,42,222115,1555,0,0,0,0,0
1000,42,219364,1598,0,0,0,0,0
1000,42,219401,1561,0,0,0,0,0
1000,42,215580,1571,0,0,0,0,0
1000,42,218805,1581,0,0,0,0,0
1000,42,216542,1663,0,0,0,0,0
1000,42,221083,1632,0,0,0,0,0
1000,42,217000,1569,0,0,0,0,0
1000,42,217037,1545,0,0,0,0,0
1000,42,217710,1525,0,0,0,0,0
1000,42,218300,1660,0,0,0,0,0
1000,42,217312,1531,0,0,0,0,0
1000,42,247440,1640,0,0,0,0,0
1000,42,216797,1690,0,0,0,0,0
1000,42,218505,1594,0,0,0,0,0
1000,42,218208,1614,0,0,0,0,0
1000,42,223098,1590,0,0,0,0,0
1000,42,218936,1607,0,0,0,0,0
1000,42,217504,1530,0,0,0,0,0
1000,43,226880,1873,0,0,0,0,0
1000,43,216880,1621,0,0,0,0,0
1000,43,217134,1589,0,0,0,0,0
1000,43,217275,1652,0,0,0,0,0
1000,43,257270,1626,0,0,0,0,0
1000,43,218458,1593,0,0,0,0,0
1000,43,217807,1669,0,0,0,0,0
1000,43,216878,1542,0,0,0,0,0
1000,43,216382,1639,0,0,0,0,0
1000,43,220895,1855,0,0,0,0,0
1000,43,218018,1555,0,0,0,0,0
1000,43,217077,1584,0,0,0,0,0
1000,43,216077,1564,0,0,0,0,0
1000,43,219606,1556,0,0,0,0,0
1000,43,221675,1809,0,0,0,0,0
1000,43,218253,1556,0,0,0,0,0
1000,43,218836,1614,0,0,0,0,0
1000,43,219510,1576,0,0,0,0,0
1000,43,217232,1687,0,0,0,0,0
1000,43,217934,1565,0,0,0,0,0
1000,44,227206,1870,0,0,0,0,0
1000,44,217028,1579,0,0,0,0,0
1000,44,221048,1739,0,0,0,0,0
1000,44,219390,1636,0,0,0,0,0
1000,44,218464,1561,0,0,0,0,0
1000,44,217254,1614,0,0,0,0,0
1000,44,216236,1592,0,0,0,0,0
1000,44,224102,1748,0,0,0,0,0
1000,44,219608,1671,0,0,0,0,0
1000,44,217597,1725,0,0,0,0,0
1000,44,218371,1650,0,0,0,0,0
1000,44,216917,1607,0,0,0,0,0
1000,44,217806,1647,0,0,0,0,0
1000,44,218391,1638,0,0,0,0,0
1000,44,220367,1835,0,0,0,0,0
1000,44,219504,1677,0,0,0,0,0
1000,44,219288,1582,0,0,0,0,0
1000,44,223972,1629,0,0,0,0,0
1000,44,218023,1644,0,0,0,0,0
1000,44,217766,1587,0,0,0,0,0
1000,45,229269,1852,0,0,0,0,0
1000,45,221378,1625,0,0,0,0,0
1000,45,218538,1645,0,0,0,0,0
1000,45,220719,1603,0,0,0,0,0
1000,45,244006,1570,0,0,0,0,0
1000,45,244813,1652,0,0,0,0,0
1000,45,218658,1565,0,0,0,0,0
1000,45,220192,1684,0,0,0,0,0
1000,45,219334,1596,0,0,0,0,0
1000,45,216375,1563,0,0,0,0,0
1000,45,218312,1704,0,0,0,0,0
1000,45,217711,1689,0,0,0,0,0
1000,45,218494,1606,0,0,0,0,0
1000,45,222299,1655,0,0,0,0,0
1000,45,217886,1644,0,0,0,0,0
1000,45,218596,1682,0,0,0,0,0
1000,45,219206,1584,0,0,0,0,0
1000,45,221818,1607,0,0,0,0,0
1000,45,217767,1600,0,0,0,0,0
1000,45,218204,1561,0,0,0,0,0
1000,46,228388,1895,0,0,0,0,0
1000,46,219798,1643,0,0,0,0,0
1000,46,220105,1586,0,0,0,0,0
1000,46,218503,1572,0,0,0,0,0
1000,46,218569,1685,0,0,0,0,0
1000,46,219414,1600,0,0,0,0,0
1000,46,221605,1596,0,0,0,0,0
1000,46,219330,1638,0,0,0,0,0
1000,46,215962,1575,0,0,0,0,0
1000,46,217994,1645,0,0,0,0,0
1000,46,218168,1630,0,0,0,0,0
1000,46,218620,1610,0,0,0,0,0
1000,46,217210,1530,0,0,0,0,0
1000,46,216672,1567,0,0,0,0,0
1000,46,220960,1825,0,0,0,0,0
1000,46,218305,1552,0,0,0,0,0
1000,46,219614,1601,0,0,0,0,0
1000,46,221263,1551,0,0,0,0,0
1000,46,218800,1599,0,0,0,0,0
1000,46,219329,1565,0,0,0,0,0
1000,47,229725,1813,0,0,0,0,0
1000,47,218022,1592,0,0,0,0,0
1000,47,217811,1681,0,0,0,0,0
1000,47,219948,1619,0,0,0,0,0
1000,47,219251,1621,0,0,0,0,0
1000,47,218914,1603,0,0,0,0,0
1000,47,218274,1610,0,0,0,0,0
1000,47,218839,1636,0,0,0,0,0
1000,47,219481,1586,0,0,0,0,0
1000,47,220791,1589,0,0,0,0,0
1000,47,219624,1609,0,0,0,0,0
1000,47,218019,1639,0,0,0,0,0
1000,47,218486,1592,0,0,0,0,0
1000,47,219628,1611,0,0,0,0,0
1000,47,221495,1699,0,0,0,0,0
1000,47,219187,1597,0,0,0,0,0
1000,47,217047,1576,0,0,0,0,0
1000,47,223613,1544,0,0,0,0,0
1000,47,218286,1604,0,0,0,0,0
1000,47,220714,1579,0,0,0,0,0
1000,48,229319,1904,0,0,0,0,0
1000,48,220330,1597,0,0,0,0,0
1000,48,221087,1589,0,0,0,0,0
1000,48,220625,1640,0,0,0,0,0
1000,48,222965,1728,0,0,0,0,0
1000,48,220610,1590,0,0,0,0,0
1000,48,220727,1673,0,0,0,0,0
1000,48,219672,1682,0,0,0,0,0
1000,48,220085,1659,0,0,0,0,0
1000,48,228461,1872,0,0,0,0,0
1000,48,222495,1709,0,0,0,0,0
1000,48,224914,1749,0,0,0,0,0
1000,48,221028,1561,0,0,0,0,0
1000,48,220402,1647,0,0,0,0,0
1000,48,219624,1510,0,0,0,0,0
1000,48,219592,1664,0,0,0,0,0
1000,48,218691,1672,0,0,0,0,0
1000,48,223987,1487,0,0,0,0,0
1000,48,219026,1601,0,0,0,0,0
1000,48,217921,1617,0,0,0,0,0
1000,49,228575,2155,0,0,0,0,0
1000,49,221836,1568,0,0,0,0,0
1000,49,220714,1601,0,0,0,0,0
1000,49,218848,1645,0,0,0,0,0
1000,49,218999,1632,0,0,0,0,0
1000,49,218817,1562,0,0,0,0,0
1000,49,220625,1550,0,0,0,0,0
1000,49,220001,1692,0,0,0,0,0
1000,49,217417,1548,0,0,0,0,0
1000,49,219636,1586,0,0,0,0,0
1000,49,218789,1596,0,0,0,0,0
1000,49,218785,1534,0,0,0,0,0
1000,49,219554,1673,0,0,0,0,0
1000,49,218365,1521,0,0,0,0,0
1000,49,221907,1604,0,0,0,0,0
1000,49,219529,1585,0,0,0,0,0
1000,49,218940,1601,0,0,0,0,0
1000,49,223059,1666,0,0,0,0,0
1000,49,217509,1581,0,0,0,0,0
1000,49,218219,1565,0,0,0,0,0
1000,50,257852,2226,0,0,0,0,0
1000,50,219551,1558,0,0,0,0,0
1000,50,221807,1648,0,0,0,0,0
1000,50,220701,1659,0,0,0,0,0
1000,50,221499,1555,0,0,0,0,0
1000,50,220803,1633,0,0,0,0,0
1000,50,219564,1597,0,0,0,0,0
1000,50,222119,1623,0,0,0,0,0
1000,50,219638,1628,0,0,0,0,0
1000,50,221398,1593,0,0,0,0,0
1000,50,219997,1634,0,0,0,0,0
1000,50,226513,1906,0,0,0,0,0
1000,50,223273,1742,0,0,0,0,0
1000,50,223667,1602,0,0,0,0,0
1000,50,223005,1724,0,0,0,0,0
1000,50,222112,1907,0,0,0,0,0
1000,50,218405,1554,0,0,0,0,0
1000,50,225244,1660,0,0,0,0,0
1000,50,220111,1519,0,0,0,0,0
1000,50,221718,1604,0,0,0,0,0
1000,51,226826,1884,0,0,0,0,0
1000,51,221340,1653,0,0,0,0,0
1000,51,220386,1610,0,0,0,0,0
1000,51,222044,1672,0,0,0,0,0
1000,51,220518,1840,0,0,0,0,0
1000,51,219019,1600,0,0,0,0,0
1000,51,224826,1605,0,0,0,0,0
1000,51,221469,1661,0,0,0,0,0
1000,51,221352,1532,0,0,0,0,0
1000,51,221363,1661,0,0,0,0,0
1000,51,219224,1628,0,0,0,0,0
1000,51,220266,1638,0,0,0,0,0
1000,51,219970,1581,0,0,0,0,0
1000,51,222480,1683,0,0,0,0,0
1000,51,221592,1614,0,0,0,0,0
1000,51,219553,1557,0,0,0,0,0
1000,51,219777,1653,0,0,0,0,0
1000,51,226926,1635,0,0,0,0,0
1000,51,220283,1615,0,0,0,0,0
1000,51,220422,1635,0,0,0,0,0
1000,52,230564,1877,0,0,0,0,0
1000,52,220984,1632,0,0,0,0,0
1000,52,220269,1558,0,0,0,0,0
1000,52,220048,1489,0,0,0,0,0
1000,52,220638,1678,0,0,0,0,0
1000,52,220006,1663,0,0,0,0,0
1000,52,224947,1682,0,0,0,0,0
1000,52,223222,1687,0,0,0,0,0
1000,52,220313,1542,0,0,0,0,0
1000,52,223010,1496,0,0,0,0,0
1000,52,220375,1602,0,0,0,0,0
1000,52,219483,1588,0,0,0,0,0
1000,52,220889,1611,0,0,0,0,0
1000,52,224493,1614,0,0,0,0,0
1000,52,225351,1785,0,0,0,0,0
1000,52,243398,1669,0,0,0,0,0
1000,52,220036,1562,0,0,0,0,0
1000,52,224267,1671,0,0,0,0,0
1000,52,222614,1620,0,0,0,0,0
1000,52,219535,1688,0,0,0,0,0
1000,53,230548,2028,0,0,0,0,0
1000,53,221033,1624,0,0,0,0,0
1000,53,219890,1588,0,0,0,0,0
1000,53,221078,1657,0,0,0,0,0
1000,53,223325,1722,0,0,0,0,0
1000,53,221378,1715,0,0,0,0,0
1000,53,224173,1719,0,0,0,0,0
1000,53,219465,1677,0,0,0,0,0
1000,53,220547,1631,0,0,0,0,0
1000,53,220520,1634,0,0,0,0,0
1000,53,219489,1615,0,0,0,0,0
1000,53,219056,1521,0,0,0,0,0
1000,53,220141,1577,0,0,0,0,0
1000,53,221257,1732,0,0,0,0,0
1000,53,222748,1721,0,0,0,0,0
1000,53,222444,1646,0,0,0,0,0
1000,53,219062,1547,0,0,0,0,0
1000,53,224415,1587,0,0,0,0,0
1000,53,219876,1624,0,0,0,0,0
1000,53,226878,1916,0,0,0,0,0
1000,54,242100,1961,0,0,0,0,0
1000,54,224029,1647,0,0,0,0,0
1000,54,222474,1688,0,0,0,0,0
1000,54,221707,1684,0,0,0,0,0
1000,54,221009,1872,0,0,0,0,0
1000,54,220560,1627,0,0,0,0,0
1000,54,223493,1576,0,0,0,0,0
1000,54,222287,1657,0,0,0,0,0
1000,54,220437,1601,0,0,0,0,0
1000,54,221150,1665,0,0,0,0,0
1000,54,219419,1581,0,0,0,0,0
1000,54,220441,1608,0,0,0,0,0
1000,54,220489,1668,0,0,0,0,0
1000,54,220439,1642,0,0,0,0,0
1000,54,224098,1942,0,0,0,0,0
1000,54,220693,1562,0,0,0,0,0
1000,54,219469,1578,0,0,0,0,0
1000,54,225386,1591,0,0,0,0,0
1000,54,220393,1608,0,0,0,0,0
1000,54,223172,1631,0,0,0,0,0
1000,55,233684,1860,0,0,0,0,0
1000,55,224658,1651,0,0,0,0,0
1000,55,221359,1578,0,0,0,0,0
1000,55,223822,1731,0,0,0,0,0
1000,55,220836,1602,0,0,0,0,0
1000,55,224972,1612,0,0,0,0,0
1000,55,226772,1658,0,0,0,0,0
1000,55,222720,1620,0,0,0,0,0
1000,55,220338,1571,0,0,0,0,0
1000,55,221280,1644,0,0,0,0,0
1000,55,222562,1607,0,0,0,0,0
1000,55,223652,1641,0,0,0,0,0
1000,55,221296,1547,0,0,0,0,0
1000,55,219537,1683,0,0,0,0,0
1000,55,228458,1978,0,0,0,0,0
1000,55,225913,1852,0,0,0,0,0
1000,55,222811,1761,0,0,0,0,0
1000,55,230236,1742,0,0,0,0,0
1000,55,221249,1592,0,0,0,0,0
1000,55,222296,1589,0,0,0,0,0
1000,56,231982,1940,0,0,0,0,0
1000,56,251437,1598,0,0,0,0,0
1000,56,222518,1520,0,0,0,0,0
1000,56,223904,1724,0,0,0,0,0
1000,56,221121,1768,0,0,0,0,0
1000,56,224939,1702,0,0,0,0,0
1000,56,221273,1637,0,0,0,0,0
1000,56,221711,1536,0,0,0,0,0
1000,56,229556,1684,0,0,0,0,0
1000,56,222534,1614,0,0,0,0,0
1000,56,221689,1605,0,0,0,0,0
1000,56,222702,1544,0,0,0,0,0
1000,56,234349,1545,0,0,0,0,0
1000,56,221030,1569,0,0,0,0,0
1000,56,224206,1612,0,0,0,0,0
1000,56,222458,1610,0,0,0,0,0
1000,56,221566,1613,0,0,0,0,0
1000,56,227301,1597,0,0,0,0,0
1000,56,221386,1651,0,0,0,0,0
1000,56,220584,1596,0,0,0,0,0
1000,57,230401,1896,0,0,0,0,0
1000,57,222715,1630,0,0,0,0,0
1000,57,250583,1600,0,0,0,0,0
1000,57,222513,1659,0,0,0,0,0
1000,57,220767,1638,0,0,0,0,0
1000,57,224410,1556,0,0,0,0,0
1000,57,220392,1629,0,0,0,0,0
1000,57,223864,1594,0,0,0,0,0
1000,57,222025,1577,0,0,0,0,0
1000,57,221693,1663,0,0,0,0,0
1000,57,219716,1575,0,0,0,0,0
1000,57,221183,1595,0,0,0,0,0
1000,57,221061,1570,0,0,0,0,0
1000,57,220188,1522,0,0,0,0,0
1000,57,223742,1610,0,0,0,0,0
1000,57,220764,1538,0,0,0,0,0
1000,57,221637,1606,0,0,0,0,0
1000,57,225251,1593,0,0,0,0,0
1000,57,220371,1649,0,0,0,0,0
1000,57,251799,1656,0,0,0,0,0
1000,58,231258,1907,0,0,0,0,0
1000,58,222702,1664,0,0,0,0,0
1000,58,221211,1694,0,0,0,0,0
1000,58,224354,1609,0,0,0,0,0
1000,58,219717,1605,0,0,0,0,0
1000,58,224172,1624,0,0,0,0,0
1000,58,221581,1554,0,0,0,0,0
1000,58,221944,1687,0,0,0,0,0
1000,58,222835,1590,0,0,0,0,0
1000,58,222827,1619,0,0,0,0,0
1000,58,221969,1927,0,0,0,0,0
1000,58,223154,1677,0,0,0,0,0
1000,58,220891,1598,0,0,0,0,0
1000,58,222060,1653,0,0,0,0,0
1000,58,219942,1556,0,0,0,0,0
1000,58,222055,1600,0,0,0,0,0
1000,58,222146,1601,0,0,0,0,0
1000,58,254848,1581,0,0,0,0,0
1000,58,223042,1612,0,0,0,0,0
1000,58,220373,1584,0,0,0,0,0
1000,59,233335,1876,0,0,0,0,0
1000,59,222820,1681,0,0,0,0,0
1000,59,220638,1619,0,0,0,0,0
1000,59,222488,1540,0,0,0,0,0
1000,59,222168,1603,0,0,0,0,0
1000,59,225272,1853,0,0,0,0,0
1000,59,221234,1630,0,0,0,0,0
1000,59,220493,1549,0,0,0,0,0
1000,59,221945,1574,0,0,0,0,0
1000,59,222465,1644,0,0,0,0,0
1000,59,221869,1889,0,0,0,0,0
1000,59,221888,1579,0,0,0,0,0
1000,59,222447,1550,0,0,0,0,0
1000,59,221443,1607,0,0,0,0,0
1000,59,225851,1738,0,0,0,0,0
1000,59,223150,1604,0,0,0,0,0
1000,59,221353,1614,0,0,0,0,0
1000,59,224709,1638,0,0,0,0,0
1000,59,221254,1605,0,0,0,0,0
1000,59,222667,1599,0,0,0,0,0
1000,60,232847,2052,0,0,0,0,0
1000,60,223920,1566,0,0,0,0,0
1000,60,223236,1592,0,0,0,0,0
1000,60,228787,1606,0,0,0,0,0
1000,60,220917,1662,0,0,0,0,0
1000,60,223075,1571,0,0,0,0,0
1000,60,220817,1610,0,0,0,0,0
1000,60,223499,1673,0,0,0,0,0
1000,60,222363,1636,0,0,0,0,0
1000,60,222492,1611,0,0,0,0,0
1000,60,225701,1581,0,0,0,0,0
1000,60,222119,1581,0,0,0,0,0
1000,60,226744,1746,0,0,0,0,0
1000,60,223189,1615,0,0,0,0,0
1000,60,226562,1815,0,0,0,0,0
1000,60,221315,1561,0,0,0,0,0
1000,60,220320,1610,0,0,0,0,0
1000,60,229750,1771,0,0,0,0,0
1000,60,222442,1687,0,0,0,0,0
1000,60,222406,1736,0,0,0,0,0
1000,61,231741,1950,0,0,0,0,0
1000,61,226174,1600,0,0,0,0,0
1000,61,222491,1662,0,0,0,0,0
1000,61,252900,1741,0,0,0,0,0
1000,61,221043,1666,0,0,0,0,0
1000,61,223101,1537,0,0,0,0,0
1000,61,221597,1569,0,0,0,0,0
1000,61,224335,1596,0,0,0,0,0
1000,61,222982,1588,0,0,0,0,0
1000,61,220672,1605,0,0,0,0,0
1000,61,222216,1540,0,0,0,0,0
1000,61,222732,1541,0,0,0,0,0
1000,61,222131,1648,0,0,0,0,0
1000,61,221832,1576,0,0,0,0,0
1000,61,226170,1608,0,0,0,0,0
1000,61,224528,1607,0,0,0,0,0
1000,61,223689,1553,0,0,0,0,0
1000,61,227605,1535,0,0,0,0,0
1000,61,224454,1700,0,0,0,0,0
1000,61,222820,1572,0,0,0,0,0
1000,62,233555,1920,0,0,0,0,0
1000,62,225642,1616,0,0,0,0,0
1000,62,222154,1597,0,0,0,0,0
1000,62,223043,1582,0,0,0,0,0
1000,62,222213,1651,0,0,0,0,0
1000,62,227017,1812,0,0,0,0,0
1000,62,224446,1671,0,0,0,0,0
1000,62,225918,1554,0,0,0,0,0
1000,62,222331,1680,0,0,0,0,0
1000,62,223139,1809,0,0,0,0,0
1000,62,223000,1637,0,0,0,0,0
1000,62,223687,1692,0,0,0,0,0
1000,62,221383,1545,0,0,0,0,0
1000,62,221774,1620,0,0,0,0,0
1000,62,230028,1825,0,0,0,0,0
1000,62,223533,1771,0,0,0,0,0
1000,62,222503,1613,0,0,0,0,0
1000,62,224903,1501,0,0,0,0,0
1000,62,223246,1639,0,0,0,0,0
1000,62,229339,1818,0,0,0,0,0
1000,63,231555,1888,0,0,0,0,0
1000,63,223793,1586,0,0,0,0,0
1000,63,223389,1594,0,0,0,0,0
1000,63,225467,1662,0,0,0,0,0
1000,63,223843,1677,0,0,0,0,0
1000,63,224219,1632,0,0,0,0,0
1000,63,221557,1627,0,0,0,0,0
1000,63,224414,1598,0,0,0,0,0
1000,63,224417,1685,0,0,0,0,0
1000,63,224106,1672,0,0,0,0,0
1000,63,221728,1575,0,0,0,0,0
1000,63,221794,1659,0,0,0,0,0
1000,63,222831,1608,0,0,0,0,0
1000,63,224213,1702,0,0,0,0,0
1000,63,225672,1786,0,0,0,0,0
1000,63,221958,1611,0,0,0,0,0
1000,63,222318,1702,0,0,0,0,0
1000,63,227598,1710,0,0,0,0,0
1000,63,223897,1875,0,0,0,0,0
1000,63,223423,1630,0,0,0,0,0
1000,64,234642,1905,0,0,0,0,0
1000,64,230646,1696,0,0,0,0,0
1000,64,224576,1672,0,0,0,0,0
1000,64,228387,1713,0,0,0,0,0
1000,64,223755,1605,0,0,0,0,0
1000,64,241389,1636,0,0,0,0,0
1000,64,224594,1667,0,0,0,0,0
1000,64,225174,1689,0,0,0,0,0
1000,64,224304,1695,0,0,0,0,0
1000,64,222350,1613,0,0,0,0,0
1000,64,221317,1650,0,0,0,0,0
1000,64,225112,1594,0,0,0,0,0
1000,64,236543,1653,0,0,0,0,0
1000,64,250824,1618,0,0,0,0,0
1000,64,224164,1685,0,0,0,0,0
1000,64,225342,1767,0,0,0,0,0
1000,64,223947,1607,0,0,0,0,0
1000,64,227674,1627,0,0,0,0,0
1000,64,223032,1687,0,0,0,0,0
1000,64,222887,1566,0,0,0,0,0
1000,65,234495,1875,0,0,0,0,0
1000,65,226869,1664,0,0,0,0,0
1000,65,222540,1568,0,0,0,0,0
1000,65,223712,1555,0,0,0,0,0
1000,65,224298,1681,0,0,0,0,0
1000,65,223939,1566,0,0,0,0,0
1000,65,224679,1616,0,0,0,0,0
1000,65,223110,1664,0,0,0,0,0
1000,65,229361,1772,0,0,0,0,0
1000,65,225403,1657,0,0,0,0,0
1000,65,226546,1662,0,0,0,0,0
1000,65,224229,1640,0,0,0,0,0
1000,65,222713,1605,0,0,0,0,0
1000,65,228572,1720,0,0,0,0,0
1000,65,227074,1709,0,0,0,0,0
1000,65,225583,1964,0,0,0,0,0
1000,65,224437,1556,0,0,0,0,0
1000,65,227654,1542,0,0,0,0,0
1000,65,222506,1576,0,0,0,0,0
1000,65,222821,1560,0,0,0,0,0
1000,66,235897,1936,0,0,0,0,0
1000,66,225981,1600,0,0,0,0,0
1000,66,223908,1579,0,0,0,0,0
1000,66,223851,1613,0,0,0,0,0
1000,66,222985,1658,0,0,0,0,0
1000,66,224883,1672,0,0,0,0,0
1000,66,223584,1623,0,0,0,0,0
1000,66,227772,1673,0,0,0,0,0
1000,66,224080,1618,0,0,0,0,0
1000,66,225972,1621,0,0,0,0,0
1000,66,224007,1699,0,0,0,0,0
1000,66,222509,1588,0,0,0,0,0
1000,66,223464,1579,0,0,0,0,0
1000,66,223095,1658,0,0,0,0,0
1000,66,226677,1798,0,0,0,0,0
1000,66,226913,1633,0,0,0,0,0
1000,66,224144,1542,0,0,0,0,0
1000,66,223869,1650,0,0,0,0,0
1000,66,227136,1617,0,0,0,0,0
1000,66,223697,1646,0,0,0,0,0
1000,67,233900,2270,0,0,0,0,0
1000,67,228767,1795,0,0,0,0,0
1000,67,225318,1643,0,0,0,0,0
1000,67,224765,1711,0,0,0,0,0
1000,67,222453,1574,0,0,0,0,0
1000,67,223710,1612,0,0,0,0,0
1000,67,224832,1496,0,0,0,0,0
1000,67,225720,1766,0,0,0,0,0
1000,67,225385,1639,0,0,0,0,0
1000,67,226177,1529,0,0,0,0,0
1000,67,227339,1585,0,0,0,0,0
1000,67,223367,1630,0,0,0,0,0
1000,67,223581,1551,0,0,0,0,0
1000,67,223436,1597,0,0,0,0,0
1000,67,226044,1665,0,0,0,0,0
1000,67,228256,1545,0,0,0,0,0
1000,67,225664,1638,0,0,0,0,0
1000,67,224672,1532,0,0,0,0,0
1000,67,232869,1628,0,0,0,0,0
1000,67,223621,1526,0,0,0,0,0
1000,68,234462,1818,0,0,0,0,0
1000,68,227705,1592,0,0,0,0,0
1000,68,226979,1602,0,0,0,0,0
1000,68,234740,1980,0,0,0,0,0
1000,68,226740,1716,0,0,0,0,0
1000,68,227603,1751,0,0,0,0,0
1000,68,225452,1628,0,0,0,0,0
1000,68,222958,1479,0,0,0,0,0
1000,68,225129,1720,0,0,0,0,0
1000,68,232527,2255,0,0,0,0,0
1000,68,227174,1825,0,0,0,0,0
1000,68,225489,1692,0,0,0,0,0
1000,68,223318,1566,0,0,0,0,0
1000,68,224077,1675,0,0,0,0,0
1000,68,227052,1708,0,0,0,0,0
1000,68,224595,1586,0,0,0,0,0
1000,68,224139,1611,0,0,0,0,0
1000,68,223122,1640,0,0,0,0,0
1000,68,230638,1596,0,0,0,0,0
1000,68,226049,1611,0,0,0,0,0
1000,69,235713,1906,0,0,0,0,0
1000,69,225830,1590,0,0,0,0,0
1000,69,226128,1587,0,0,0,0,0
1000,69,225938,1639,0,0,0,0,0
1000,69,224792,1619,0,0,0,0,0
1000,69,224716,1560,0,0,0,0,0
1000,69,223038,1581,0,0,0,0,0
1000,69,228062,1664,0,0,0,0,0
1000,69,226061,1736,0,0,0,0,0
1000,69,225467,1703,0,0,0,0,0
1000,69,224196,1516,0,0,0,0,0
1000,69,225442,1613,0,0,0,0,0
1000,69,223452,1659,0,0,0,0,0
1000,69,226243,1593,0,0,0,0,0
1000,69,227182,2072,0,0,0,0,0
1000,69,225686,1608,0,0,0,0,0
1000,69,223973,1572,0,0,0,0,0
1000,69,224728,1632,0,0,0,0,0
1000,69,230569,1627,0,0,0,0,0
1000,69,229305,1686,0,0,0,0,0
1000,70,236655,1839,0,0,0,0,0
1000,70,225523,1626,0,0,0,0,0
1000,70,226021,1613,0,0,0,0,0
1000,70,231464,1799,0,0,0,0,0
1000,70,223997,1625,0,0,0,0,0
1000,70,226483,1648,0,0,0,0,0
1000,70,225914,1619,0,0,0,0,0
1000,70,227474,1710,0,0,0,0,0
1000,70,231288,1799,0,0,0,0,0
1000,70,224357,1634,0,0,0,0,0
1000,70,226379,1601,0,0,0,0,0
1000,70,227085,1723,0,0,0,0,0
1000,70,225359,1670,0,0,0,0,0
1000,70,225655,1715,0,0,0,0,0
1000,70,227927,1560,0,0,0,0,0
1000,70,224692,1616,0,0,0,0,0
1000,70,224969,1715,0,0,0,0,0
1000,70,234851,1627,0,0,0,0,0
1000,70,226547,1723,0,0,0,0,0
1000,70,222622,1513,0,0,0,0,0
1000,71,237110,1799,0,0,0,0,0
1000,71,225991,1620,0,0,0,0,0
1000,71,224390,1526,0,0,0,0,0
1000,71,226682,1628,0,0,0,0,0
1000,71,227272,1674,0,0,0,0,0
1000,71,234025,1859,0,0,0,0,0
1000,71,228985,1978,0,0,0,0,0
1000,71,225784,1574,0,0,0,0,0
1000,71,227346,1673,0,0,0,0,0
1000,71,226450,1692,0,0,0,0,0
1000,71,226228,1629,0,0,0,0,0
1000,71,228216,1673,0,0,0,0,0
1000,71,225290,1621,0,0,0,0,0
1000,71,228582,1649,0,0,0,0,0
1000,71,228807,1675,0,0,0,0,0
1000,71,227064,1679,0,0,0,0,0
1000,71,225415,1629,0,0,0,0,0
1000,71,242601,1632,0,0,0,0,0
1000,71,225182,1622,0,0,0,0,0
1000,71,227645,1736,0,0,0,0,0
1000,72,237840,1866,0,0,0,0,0
1000,72,225729,1623,0,0,0,0,0
1000,72,225547,1587,0,0,0,0,0
1000,72,228018,1745,0,0,0,0,0
1000,72,225638,1728,0,0,0,0,0
1000,72,227196,1668,0,0,0,0,0
1000,72,225253,1651,0,0,0,0,0
1000,72,227129,1774,0,0,0,0,0
1000,72,226418,1732,0,0,0,0,0
1000,72,228952,1952,0,0,0,0,0
1000,72,226057,1730,0,0,0,0,0
1000,72,225651,1587,0,0,0,0,0
1000,72,225657,1704,0,0,0,0,0
1000,72,227298,1685,0,0,0,0,0
1000,72,229150,1758,0,0,0,0,0
1000,72,225539,1760,0,0,0,0,0
1000,72,225299,1520,0,0,0,0,0
1000,72,229461,1786,0,0,0,0,0
1000,72,227584,1694,0,0,0,0,0
1000,72,227780,1684,0,0,0,0,0
1000,73,233219,1895,0,0,0,0,0
1000,73,225850,1597,0,0,0,0,0
1000,73,225721,1772,0,0,0,0,0
1000,73,228259,1719,0,0,0,0,0
1000,73,225217,1587,0,0,0,0,0
1000,73,226998,1662,0,0,0,0,0
1000,73,225490,1670,0,0,0,0,0
1000,73,227318,1729,0,0,0,0,0
1000,73,226036,1623,0,0,0,0,0
1000,73,224579,1604,0,0,0,0,0
1000,73,227604,1719,0,0,0,0,0
1000,73,226956,1681,0,0,0,0,0
1000,73,226700,1595,0,0,0,0,0
1000,73,226066,1629,0,0,0,0,0
1000,73,226291,1703,0,0,0,0,0
1000,73,227405,1750,0,0,0,0,0
1000,73,226358,1667,0,0,0,0,0
1000,73,235360,1776,0,0,0,0,0
1000,73,226754,1916,0,0,0,0,0
1000,73,226137,1565,0,0,0,0,0
1000,74,237667,1844,0,0,0,0,0
1000,74,229894,1704,0,0,0,0,0
1000,74,229974,1574,0,0,0,0,0
1000,74,226021,1545,0,0,0,0,0
1000,74,225319,1556,0,0,0,0,0
1000,74,226079,1618,0,0,0,0,0
1000,74,227459,1601,0,0,0,0,0
1000,74,228549,1783,0,0,0,0,0
1000,74,225591,1509,0,0,0,0,0
1000,74,225526,1572,0,0,0,0,0
1000,74,225381,1515,0,0,0,0,0
1000,74,227468,1604,0,0,0,0,0
1000,74,225506,1538,0,0,0,0,0
1000,74,224691,1495,0,0,0,0,0
1000,74,231701,1733,0,0,0,0,0
1000,74,227525,1607,0,0,0,0,0
1000,74,224536,1567,0,0,0,0,0
1000,74,229062,1525,0,0,0,0,0
1000,74,225973,1619,0,0,0,0,0
1000,74,228250,1655,0,0,0,0,0
1000,75,238424,1809,0,0,0,0,0
1000,75,226881,1627,0,0,0,0,0
1000,75,227481,1598,0,0,0,0,0
1000,75,232500,1837,0,0,0,0,0
1000,75,227622,1534,0,0,0,0,0
1000,75,227459,1657,0,0,0,0,0
1000,75,228239,1614,0,0,0,0,0
1000,75,227927,1686,0,0,0,0,0
1000,75,227333,1652,0,0,0,0,0
1000,75,227570,1584,0,0,0,0,0
1000,75,225547,1591,0,0,0,0,0
1000,75,226614,1518,0,0,0,0,0
1000,75,225574,1652,0,0,0,0,0
1000,75,229727,1625,0,0,0,0,0
1000,75,230824,1725,0,0,0,0,0
1000,75,227955,1621,0,0,0,0,0
1000,75,226455,1512,0,0,0,0,0
1000,75,231968,1598,0,0,0,0,0
1000,75,231516,1830,0,0,0,0,0
1000,75,232830,1696,0,0,0,0,0
1000,76,236999,1871,0,0,0,0,0
1000,76,227792,1605,0,0,0,0,0
1000,76,228028,1655,0,0,0,0,0
1000,76,228013,1607,0,0,0,0,0
1000,76,229431,1607,0,0,0,0,0
1000,76,226510,1585,0,0,0,0,0
1000,76,227710,1541,0,0,0,0,0
1000,76,228299,1625,0,0,0,0,0
1000,76,228679,1649,0,0,0,0,0
1000,76,227460,1567,0,0,0,0,0
1000,76,226346,1616,0,0,0,0,0
1000,76,227015,1578,0,0,0,0,0
1000,76,226259,1671,0,0,0,0,0
1000,76,227349,1621,0,0,0,0,0
1000,76,229983,1770,0,0,0,0,0
1000,76,226730,1559,0,0,0,0,0
1000,76,226454,1599,0,0,0,0,0
1000,76,232271,1873,0,0,0,0,0
1000,76,227948,1614,0,0,0,0,0
1000,76,225378,1577,0,0,0,0,0
1000,77,239910,1898,0,0,0,0,0
1000,77,230755,1485,0,0,0,0,0
1000,77,226228,1517,0,0,0,0,0
1000,77,225173,1555,0,0,0,0,0
1000,77,228022,1599,0,0,0,0,0
1000,77,228579,1570,0,0,0,0,0
1000,77,228559,1671,0,0,0,0,0
1000,77,229902,1698,0,0,0,0,0
1000,77,226206,1567,0,0,0,0,0
1000,77,226445,1608,0,0,0,0,0
1000,77,226271,1580,0,0,0,0,0
1000,77,226121,1610,0,0,0,0,0
1000,77,226919,1616,0,0,0,0,0
1000,77,225633,1577,0,0,0,0,0
1000,77,231382,2065,0,0,0,0,0
1000,77,228045,1540,0,0,0,0,0
1000,77,230564,1723,0,0,0,0,0
1000,77,228532,1691,0,0,0,0,0
1000,77,226317,1572,0,0,0,0,0
1000,77,227553,1590,0,0,0,0,0
1000,78,241665,1877,0,0,0,0,0
1000,78,227409,1594,0,0,0,0,0
1000,78,225476,1567,0,0,0,0,0
1000,78,227410,1658,0,0,0,0,0
1000,78,225219,1550,0,0,0,0,0
1000,78,228449,1612,0,0,0,0,0
1000,78,231269,1554,0,0,0,0,0
1000,78,229596,1651,0,0,0,0,0
1000,78,228830,1642,0,0,0,0,0
1000,78,228434,1582,0,0,0,0,0
1000,78,227156,1668,0,0,0,0,0
1000,78,225276,1601,0,0,0,0,0
1000,78,226724,1542,0,0,0,0,0
1000,78,255958,1604,0,0,0,0,0
1000,78,229630,1719,0,0,0,0,0
1000,78,228580,1698,0,0,0,0,0
1000,78,225333,1579,0,0,0,0,0
1000,78,227431,1675,0,0,0,0,0
1000,78,226553,1618,0,0,0,0,0
1000,78,227197,1627,0,0,0,0,0
1000,79,240123,2219,0,0,0,0,0
1000,79,229174,1602,0,0,0,0,0
1000,79,228896,1700,0,0,0,0,0
1000,79,228583,1531,0,0,0,0,0
1000,79,227457,1699,0,0,0,0,0
1000,79,226538,1601,0,0,0,0,0
1000,79,228578,1607,0,0,0,0,0
1000,79,228793,1627,0,0,0,0,0
1000,79,228526,1618,0,0,0,0,0
1000,79,228362,1573,0,0,0,0,0
1000,79,225812,1512,0,0,0,0,0
1000,79,227577,1488,0,0,0,0,0
1000,79,233637,1592,0,0,0,0,0
1000,79,227958,1626,0,0,0,0,0
1000,79,231945,1767,0,0,0,0,0
1000,79,227050,1560,0,0,0,0,0
1000,79,229764,1661,0,0,0,0,0
1000,79,229892,1647,0,0,0,0,0
1000,79,230512,1743,0,0,0,0,0
1000,79,230750,1572,0,0,0,0,0
1000,80,239532,1850,0,0,0,0,0
1000,80,229213,1545,0,0,0,0,0
1000,80,228417,1476,0,0,0,0,0
1000,80,236940,2134,0,0,0,0,0
1000,80,232009,1680,0,0,0,0,0
1000,80,232114,1786,0,0,0,0,0
1000,80,229343,1547,0,0,0,0,0
1000,80,229576,1662,0,0,0,0,0
1000,80,228163,1602,0,0,0,0,0
1000,80,227542,1606,0,0,0,0,0
1000,80,228977,1623,0,0,0,0,0
1000,80,228317,1522,0,0,0,0,0
1000,80,227840,1676,0,0,0,0,0
1000,80,227648,1555,0,0,0,0,0
1000,80,230563,1664,0,0,0,0,0
1000,80,229993,1640,0,0,0,0,0
1000,80,228337,1546,0,0,0,0,0
1000,80,230192,1588,0,0,0,0,0
1000,80,227120,1595,0,0,0,0,0
1000,80,229816,1596,0,0,0,0,0
1000,81,241394,1860,0,0,0,0,0
1000,81,234466,1705,0,0,0,0,0
1000,81,226104,1625,0,0,0,0,0
1000,81,229502,1684,0,0,0,0,0
1000,81,227295,1617,0,0,0,0,0
1000,81,228971,1612,0,0,0,0,0
1000,81,226762,1582,0,0,0,0,0
1000,81,230148,1795,0,0,0,0,0
1000,81,228490,1611,0,0,0,0,0
1000,81,229383,1628,0,0,0,0,0
1000,81,228883,1595,0,0,0,0,0
1000,81,228120,1583,0,0,0,0,0
1000,81,228980,1639,0,0,0,0,0
1000,81,232190,1661,0,0,0,0,0
1000,81,230561,2105,0,0,0,0,0
1000,81,229084,1665,0,0,0,0,0
1000,81,228034,1533,0,0,0,0,0
1000,81,228839,1616,0,0,0,0,0
1000,81,230320,1593,0,0,0,0,0
1000,81,229080,1675,0,0,0,0,0
1000,82,238545,2153,0,0,0,0,0
1000,82,230462,1850,0,0,0,0,0
1000,82,229313,1639,0,0,0,0,0
1000,82,230374,1651,0,0,0,0,0
1000,82,228896,1623,0,0,0,0,0
1000,82,227819,1543,0,0,0,0,0
1000,82,227721,1680,0,0,0,0,0
1000,82,231343,1705,0,0,0,0,0
1000,82,229491,1717,0,0,0,0,0
1000,82,228965,1655,0,0,0,0,0
1000,82,227850,1572,0,0,0,0,0
1000,82,232922,1719,0,0,0,0,0
1000,82,229825,1628,0,0,0,0,0
1000,82,230248,1673,0,0,0,0,0
1000,82,230512,1653,0,0,0,0,0
1000,82,227949,1567,0,0,0,0,0
1000,82,233410,1751,0,0,0,0,0
1000,82,229605,1534,0,0,0,0,0
1000,82,229643,1705,0,0,0,0,0
1000,82,229564,1635,0,0,0,0,0
1000,83,240452,2229,0,0,0,0,0
1000,83,229363,1607,0,0,0,0,0
1000,83,229699,1707,0,0,0,0,0
1000,83,228130,1592,0,0,0,0,0
1000,83,229910,1628,0,0,0,0,0
1000,83,229748,1625,0,0,0,0,0
1000,83,227714,1661,0,0,0,0,0
1000,83,230203,1708,0,0,0,0,0
1000,83,229199,1552,0,0,0,0,0
1000,83,228617,1646,0,0,0,0,0
1000,83,229660,1672,0,0,0,0,0
1000,83,228808,1626,0,0,0,0,0
1000,83,229602,1646,0,0,0,0,0
1000,83,228780,1588,0,0,0,0,0
1000,83,233206,1635,0,0,0,0,0
1000,83,232528,1560,0,0,0,0,0
1000,83,229141,1586,0,0,0,0,0
1000,83,230485,1661,0,0,0,0,0
1000,83,228436,1575,0,0,0,0,0
1000,83,231165,1600,0,0,0,0,0
1000,84,240954,1791,0,0,0,0,0
1000,84,232562,1596,0,0,0,0,0
1000,84,228110,1532,0,0,0,0,0
1000,84,229986,1627,0,0,0,0,0
1000,84,228294,1599,0,0,0,0,0
1000,84,232319,1653,0,0,0,0,0
1000,84,228840,1562,0,0,0,0,0
1000,84,229366,1625,0,0,0,0,0
1000,84,235419,1569,0,0,0,0,0
1000,84,230629,1678,0,0,0,0,0
1000,84,230198,1552,0,0,0,0,0
1000,84,228268,1626,0,0,0,0,0
1000,84,229750,1563,0,0,0,0,0
1000,84,237677,1831,0,0,0,0,0
1000,84,234922,1849,0,0,0,0,0
1000,84,233719,1701,0,0,0,0,0
1000,84,228044,1605,0,0,0,0,0
1000,84,231235,1761,0,0,0,0,0
1000,84,230908,1635,0,0,0,0,0
1000,84,232294,1653,0,0,0,0,0
1000,85,242488,1933,0,0,0,0,0
1000,85,243950,1624,0,0,0,0,0
1000,85,231283,1734,0,0,0,0,0
1000,85,234064,1614,0,0,0,0,0
1000,85,233060,1721,0,0,0,0,0
1000,85,228464,1586,0,0,0,0,0
1000,85,233334,1650,0,0,0,0,0
1000,85,230929,1662,0,0,0,0,0
1000,85,229248,1638,0,0,0,0,0
1000,85,229645,1600,0,0,0,0,0
1000,85,229410,1691,0,0,0,0,0
1000,85,229798,1890,0,0,0,0,0
1000,85,229983,1573,0,0,0,0,0
1000,85,230010,1513,0,0,0,0,0
1000,85,232626,1726,0,0,0,0,0
1000,85,229837,1566,0,0,0,0,0
1000,85,230073,1611,0,0,0,0,0
1000,85,230197,1623,0,0,0,0,0
1000,85,231705,1625,0,0,0,0,0
1000,85,232353,1651,0,0,0,0,0
1000,86,240696,2096,0,0,0,0,0
1000,86,231809,1733,0,0,0,0,0
1000,86,230017,1653,0,0,0,0,0
1000,86,229661,1561,0,0,0,0,0
1000,86,231607,1577,0,0,0,0,0
1000,86,228643,1545,0,0,0,0,0
1000,86,230914,1607,0,0,0,0,0
1000,86,230950,1708,0,0,0,0,0
1000,86,228409,1605,0,0,0,0,0
1000,86,234044,1625,0,0,0,0,0
1000,86,229708,1584,0,0,0,0,0
1000,86,262570,1909,0,0,0,0,0
1000,86,230285,2020,0,0,0,0,0
1000,86,227661,1592,0,0,0,0,0
1000,86,232618,1817,0,0,0,0,0
1000,86,230277,1719,0,0,0,0,0
1000,86,230719,1652,0,0,0,0,0
1000,86,230192,1562,0,0,0,0,0
1000,86,227974,1564,0,0,0,0,0
1000,86,228641,1606,0,0,0,0,0
1000,87,244633,1886,0,0,0,0,0
1000,87,233847,1637,0,0,0,0,0
1000,87,228115,1588,0,0,0,0,0
1000,87,234756,1790,0,0,0,0,0
1000,87,228989,1548,0,0,0,0,0
1000,87,230464,1643,0,0,0,0,0
1000,87,229911,1601,0,0,0,0,0
1000,87,234701,1631,0,0,0,0,0
1000,87,229683,1553,0,0,0,0,0
1000,87,234210,1685,0,0,0,0,0
1000,87,229489,1671,0,0,0,0,0
1000,87,230808,1632,0,0,0,0,0
1000,87,230506,1621,0,0,0,0,0
1000,87,232219,1664,0,0,0,0,0
1000,87,233108,1770,0,0,0,0,0
1000,87,230904,1628,0,0,0,0,0
1000,87,231481,1749,0,0,0,0,0
1000,87,229825,1626,0,0,0,0,0
1000,87,232976,1555,0,0,0,0,0
1000,87,229153,1664,0,0,0,0,0
1000,88,241622,1823,0,0,0,0,0
1000,88,230924,1682,0,0,0,0,0
1000,88,230235,1598,0,0,0,0,0
1000,88,230840,1647,0,0,0,0,0
1000,88,231549,1566,0,0,0,0,0
1000,88,228340,1554,0,0,0,0,0
1000,88,231044,1638,0,0,0,0,0
1000,88,231358,1651,0,0,0,0,0
1000,88,230098,1637,0,0,0,0,0
1000,88,233640,1671,0,0,0,0,0
1000,88,229658,1521,0,0,0,0,0
1000,88,230500,1603,0,0,0,0,0
1000,88,230291,1637,0,0,0,0,0
1000,88,230007,1616,0,0,0,0,0
1000,88,234017,1609,0,0,0,0,0
1000,88,228779,1570,0,0,0,0,0
1000,88,229762,1670,0,0,0,0,0
1000,88,230955,1603,0,0,0,0,0
1000,88,230048,1635,0,0,0,0,0
1000,88,230777,1635,0,0,0,0,0
1000,89,243259,1825,0,0,0,0,0
1000,89,232728,1713,0,0,0,0,0
1000,89,233146,1612,0,0,0,0,0
1000,89,231107,1574,0,0,0,0,0
1000,89,231229,1597,0,0,0,0,0
1000,89,231527,1633,0,0,0,0,0
1000,89,232301,1692,0,0,0,0,0
1000,89,237290,2147,0,0,0,0,0
1000,89,230920,1613,0,0,0,0,0
1000,89,235314,1557,0,0,0,0,0
1000,89,232613,1593,0,0,0,0,0
1000,89,230697,1626,0,0,0,0,0
1000,89,231375,1635,0,0,0,0,0
1000,89,230698,1498,0,0,0,0,0
1000,89,234568,1610,0,0,0,0,0
1000,89,235647,1581,0,0,0,0,0
1000,89,231933,1620,0,0,0,0,0
1000,89,232213,1648,0,0,0,0,0
1000,89,229572,1490,0,0,0,0,0
1000,89,232344,1602,0,0,0,0,0
1000,90,247426,1923,0,0,0,0,0
1000,90,233283,1680,0,0,0,0,0
1000,90,229427,1598,0,0,0,0,0
1000,90,232914,1585,0,0,0,0,0
1000,90,230603,1671,0,0,0,0,0
1000,90,233280,1715,0,0,0,0,0
1000,90,232123,1630,0,0,0,0,0
1000,90,230182,1650,0,0,0,0,0
1000,90,232726,1683,0,0,0,0,0
1000,90,237517,1719,0,0,0,0,0
1000,90,231702,1747,0,0,0,0,0
1000,90,231574,1662,0,0,0,0,0
1000,90,229974,1646,0,0,0,0,0
1000,90,230645,1546,0,0,0,0,0
1000,90,234490,1730,0,0,0,0,0
1000,90,233198,1610,0,0,0,0,0
1000,90,232371,1639,0,0,0,0,0
1000,90,230667,1618,0,0,0,0,0
1000,90,230774,1611,0,0,0,0,0
1000,90,229939,1564,0,0,0,0,0
1000,91,242782,1834,0,0,0,0,0
1000,91,230624,1657,0,0,0,0,0
1000,91,235080,1654,0,0,0,0,0
1000,91,235682,1648,0,0,0,0,0
1000,91,230274,1541,0,0,0,0,0
1000,91,229533,1586,0,0,0,0,0
1000,91,233369,1644,0,0,0,0,0
1000,91,234106,1636,0,0,0,0,0
1000,91,232292,1745,0,0,0,0,0
1000,91,236583,1629,0,0,0,0,0
1000,91,230363,1656,0,0,0,0,0
1000,91,231657,1541,0,0,0,0,0
1000,91,230799,1560,0,0,0,0,0
1000,91,230872,1697,0,0,0,0,0
1000,91,234844,1837,0,0,0,0,0
1000,91,230599,1661,0,0,0,0,0
1000,91,234863,1685,0,0,0,0,0
1000,91,232097,1649,0,0,0,0,0
1000,91,232658,1646,0,0,0,0,0
1000,91,232468,1582,0,0,0,0,0
1000,92,245396,1900,0,0,0,0,0
1000,92,236647,1708,0,0,0,0,0
1000,92,237018,1811,0,0,0,0,0
1000,92,233583,1620,0,0,0,0,0
1000,92,230466,1574,0,0,0,0,0
1000,92,231387,1615,0,0,0,0,0
1000,92,232204,1650,0,0,0,0,0
1000,92,236062,2124,0,0,0,0,0
1000,92,233445,1618,0,0,0,0,0
1000,92,234694,1623,0,0,0,0,0
1000,92,230642,1625,0,0,0,0,0
1000,92,238198,2004,0,0,0,0,0
1000,92,237877,1679,0,0,0,0,0
1000,92,232675,1616,0,0,0,0,0
1000,92,232141,1687,0,0,0,0,0
1000,92,232929,1646,0,0,0,0,0
1000,92,252196,1538,0,0,0,0,0
1000,92,236301,1672,0,0,0,0,0
1000,92,239025,2092,0,0,0,0,0
1000,92,229998,1564,0,0,0,0,0
1000,93,244497,1902,0,0,0,0,0
1000,93,233464,1688,0,0,0,0,0
1000,93,229771,1636,0,0,0,0,0
1000,93,231664,1798,0,0,0,0,0
1000,93,231043,1618,0,0,0,0,0
1000,93,231552,1616,0,0,0,0,0
1000,93,231500,1624,0,0,0,0,0
1000,93,232054,1638,0,0,0,0,0
1000,93,231827,1617,0,0,0,0,0
1000,93,235676,1606,0,0,0,0,0
1000,93,232845,1633,0,0,0,0,0
1000,93,234304,1612,0,0,0,0,0
1000,93,230511,1657,0,0,0,0,0
1000,93,232286,1593,0,0,0,0,0
1000,93,233280,1660,0,0,0,0,0
1000,93,233743,1666,0,0,0,0,0
1000,93,233402,1615,0,0,0,0,0
1000,93,231054,1648,0,0,0,0,0
1000,93,231441,1705,0,0,0,0,0
1000,93,231380,1591,0,0,0,0,0
1000,94,245672,1849,0,0,0,0,0
1000,94,231510,1529,0,0,0,0,0
1000,94,261927,1588,0,0,0,0,0
1000,94,235038,1708,0,0,0,0,0
1000,94,231393,1594,0,0,0,0,0
1000,94,232455,1547,0,0,0,0,0
1000,94,233893,1593,0,0,0,0,0
1000,94,232861,1560,0,0,0,0,0
1000,94,232844,1633,0,0,0,0,0
1000,94,233753,1628,0,0,0,0,0
1000,94,233182,1686,0,0,0,0,0
1000,94,230889,1566,0,0,0,0,0
1000,94,231661,1633,0,0,0,0,0
1000,94,233900,1643,0,0,0,0,0
1000,94,237585,1751,0,0,0,0,0
1000,94,232401,1572,0,0,0,0,0
1000,94,230598,1636,0,0,0,0,0
1000,94,232250,1474,0,0,0,0,0
1000,94,233351,1531,0,0,0,0,0
1000,94,234349,1576,0,0,0,0,0
1000,95,245110,2078,0,0,0,0,0
1000,95,234956,1642,0,0,0,0,0
1000,95,233752,1658,0,0,0,0,0
1000,95,235039,1615,0,0,0,0,0
1000,95,231062,1610,0,0,0,0,0
1000,95,232179,1713,0,0,0,0,0
1000,95,232070,1599,0,0,0,0,0
1000,95,232719,1696,0,0,0,0,0
1000,95,232049,1959,0,0,0,0,0
1000,95,230839,1676,0,0,0,0,0
1000,95,233537,1705,0,0,0,0,0
1000,95,233348,1753,0,0,0,0,0
1000,95,233050,1722,0,0,0,0,0
1000,95,232538,1648,0,0,0,0,0
1000,95,231340,1731,0,0,0,0,0
1000,95,232715,1557,0,0,0,0,0
1000,95,232469,1867,0,0,0,0,0
1000,95,233286,1695,0,0,0,0,0
1000,95,232140,1583,0,0,0,0,0
1000,95,232002,1614,0,0,0,0,0
1000,96,246786,1803,0,0,0,0,0
1000,96,234978,1664,0,0,0,0,0
1000,96,233358,1704,0,0,0,0,0
1000,96,234284,1613,0,0,0,0,0
1000,96,232768,1690,0,0,0,0,0
1000,96,232638,1600,0,0,0,0,0
1000,96,233372,1580,0,0,0,0,0
1000,96,235095,1672,0,0,0,0,0
1000,96,231242,1534,0,0,0,0,0
1000,96,233315,1639,0,0,0,0,0
1000,96,231746,1611,0,0,0,0,0
1000,96,234745,1643,0,0,0,0,0
1000,96,232521,1585,0,0,0,0,0
1000,96,232309,1527,0,0,0,0,0
1000,96,235799,1797,0,0,0,0,0
1000,96,233305,1586,0,0,0,0,0
1000,96,232933,1608,0,0,0,0,0
1000,96,232111,1552,0,0,0,0,0
1000,96,231630,1651,0,0,0,0,0
1000,96,232379,1705,0,0,0,0,0
1000,97,245136,1859,0,0,0,0,0
1000,97,232692,1652,0,0,0,0,0
1000,97,235811,1727,0,0,0,0,0
1000,97,235303,1779,0,0,0,0,0
1000,97,235720,1640,0,0,0,0,0
1000,97,233364,1884,0,0,0,0,0
1000,97,231509,1541,0,0,0,0,0
1000,97,233049,1890,0,0,0,0,0
1000,97,236057,1715,0,0,0,0,0
1000,97,231606,1674,0,0,0,0,0
1000,97,233577,1697,0,0,0,0,0
1000,97,231949,1542,0,0,0,0,0
1000,97,233394,1627,0,0,0,0,0
1000,97,237903,1625,0,0,0,0,0
1000,97,235171,1840,0,0,0,0,0
1000,97,234193,1614,0,0,0,0,0
1000,97,231281,1571,0,0,0,0,0
1000,97,232785,1984,0,0,0,0,0
1000,97,233289,1624,0,0,0,0,0
1000,97,237653,1633,0,0,0,0,0
1000,98,246113,1866,0,0,0,0,0
1000,98,265247,1617,0,0,0,0,0
1000,98,232822,1684,0,0,0,0,0
1000,98,248353,1703,0,0,0,0,0
1000,98,232921,1683,0,0,0,0,0
1000,98,231683,1678,0,0,0,0,0
1000,98,234732,1755,0,0,0,0,0
1000,98,236277,1788,0,0,0,0,0
1000,98,233639,1858,0,0,0,0,0
1000,98,232699,1628,0,0,0,0,0
1000,98,231536,1561,0,0,0,0,0
1000,98,232975,1579,0,0,0,0,0
1000,98,232516,1604,0,0,0,0,0
1000,98,234178,1828,0,0,0,0,0
1000,98,233844,1648,0,0,0,0,0
1000,98,234353,1558,0,0,0,0,0
1000,98,232988,1678,0,0,0,0,0
1000,98,233067,1645,0,0,0,0,0
1000,98,231806,1651,0,0,0,0,0
1000,98,232540,1560,0,0,0,0,0
1000,99,246749,1944,0,0,0,0,0
1000,99,234782,1652,0,0,0,0,0
1000,99,233680,1692,0,0,0,0,0
1000,99,242235,1796,0,0,0,0,0
1000,99,238542,1753,0,0,0,0,0
1000,99,236417,1630,0,0,0,0,0
1000,99,235180,1606,0,0,0,0,0
1000,99,235487,1557,0,0,0,0,0
1000,99,232967,1640,0,0,0,0,0
1000,99,232952,1644,0,0,0,0,0
1000,99,232950,1643,0,0,0,0,0
1000,99,249604,1662,0,0,0,0,0
1000,99,233642,1687,0,0,0,0,0
1000,99,233222,1570,0,0,0,0,0
1000,99,237259,1809,0,0,0,0,0
1000,99,238031,1690,0,0,0,0,0
1000,99,234297,1658,0,0,0,0,0
1000,99,234526,1622,0,0,0,0,0
1000,99,232107,1524,0,0,0,0,0
1000,99,233127,1596,0,0,0,0,0
1000,100,246622,1914,0,0,0,0,0
1000,100,238211,1681,0,0,0,0,0
1000,100,232611,1551,0,0,0,0,0
1000,100,233806,1576,0,0,0,0,0
1000,100,233928,1896,0,0,0,0,0
1000,100,236051,1578,0,0,0,0,0
1000,100,233321,1591,0,0,0,0,0
1000,100,233970,1617,0,0,0,0,0
1000,100,231393,1548,0,0,0,0,0
1000,100,233818,1654,0,0,0,0,0
1000,100,233353,1580,0,0,0,0,0
1000,100,247470,1600,0,0,0,0,0
1000,100,233034,1640,0,0,0,0,0
1000,100,233712,1587,0,0,0,0,0
1000,100,238040,1853,0,0,0,0,0
1000,100,234844,1503,0,0,0,0,0
1000,100,231976,1470,0,0,0,0,0
1000,100,233950,1598,0,0,0,0,0
1000,100,232700,1500,0,0,0,0,0
1000,100,234166,1496,0,0,0,0,0

Raw Storage Info
========
Storage: Session Validators (r:1 w:0)
Storage: Session CurrentIndex (r:1 w:0)
Storage: ImOnline ReceivedHeartbeats (r:1 w:1)
Storage: ImOnline AuthoredBlocks (r:1 w:0)
Storage: ImOnline Keys (r:1 w:0)

Median Slopes Analysis
========
-- Extrinsic Time --

Model:
Time ~=    73.35
    + k    0.131
    + e    0.296
              s

Reads = 4 + (0 * k) + (0 * e)
Writes = 1 + (0 * k) + (0 * e)

Min Squares Analysis
========
-- Extrinsic Time --

Data points distribution:
    k     e   mean s  sigma s       %
    1   100       103     0.292    0.2%
   20   100     104.3      0.64    0.6%
   39   100     108.2     0.585    0.5%
   58   100     110.5     0.449    0.4%
   77   100     113.1     0.171    0.1%
   96   100     115.7     0.292    0.2%
  115   100     118.2     0.226    0.1%
  134   100     120.7     0.283    0.2%
  153   100     123.7     0.701    0.5%
  172   100     125.9     0.514    0.4%
  191   100     128.6     0.517    0.4%
  210   100     130.5     0.364    0.2%
  229   100     133.4      0.25    0.1%
  248   100     135.6     0.241    0.1%
  267   100     137.8     0.281    0.2%
  286   100     140.1     0.328    0.2%
  305   100     142.8     0.359    0.2%
  324   100     145.4     0.464    0.3%
  343   100       148     0.523    0.3%
  362   100     150.3     0.243    0.1%
  381   100     152.8     0.327    0.2%
  400   100     155.2     0.642    0.4%
  419   100     157.9     0.234    0.1%
  438   100       160     0.539    0.3%
  457   100     163.9     1.529    0.9%
  476   100     164.9     0.412    0.2%
  495   100     167.6      0.28    0.1%
  514   100     170.2       0.5    0.2%
  533   100     172.2     0.581    0.3%
  552   100     175.2     0.342    0.1%
  571   100     177.3     0.501    0.2%
  590   100     180.3     0.335    0.1%
  609   100     182.6     0.208    0.1%
  628   100     185.9     0.418    0.2%
  647   100     188.8     0.722    0.3%
  666   100     190.8     0.645    0.3%
  685   100     193.7     0.758    0.3%
  704   100       196     0.476    0.2%
  723   100     198.3     0.715    0.3%
  742   100     200.5     0.375    0.1%
  761   100     203.5     0.936    0.4%
  780   100     205.8     0.489    0.2%
  799   100     207.9     0.645    0.3%
  818   100     210.7     0.894    0.4%
  837   100     213.1     0.478    0.2%
  856   100     215.5     0.515    0.2%
  875   100       219     0.659    0.3%
  894   100       221     0.765    0.3%
  913   100     223.6     0.606    0.2%
  932   100     225.1     0.534    0.2%
  951   100     228.1     0.565    0.2%
  970   100     231.1     0.699    0.3%
  989   100     232.8     0.424    0.1%
 1000     1     204.5     0.829    0.4%
 1000     2     204.3     0.527    0.2%
 1000     3     205.7     1.007    0.4%
 1000     4     206.8     1.177    0.5%
 1000     5     206.4     0.955    0.4%
 1000     6     205.8     0.316    0.1%
 1000     7     206.6      0.47    0.2%
 1000     8       207      0.38    0.1%
 1000     9     207.7     0.558    0.2%
 1000    10     207.9     0.199    0.0%
 1000    11     208.2     0.554    0.2%
 1000    12     208.8     0.941    0.4%
 1000    13       209     0.449    0.2%
 1000    14     210.1     0.676    0.3%
 1000    15     209.6     0.429    0.2%
 1000    16     209.9     0.854    0.4%
 1000    17     209.9     0.491    0.2%
 1000    18     210.3     0.788    0.3%
 1000    19     211.3      0.95    0.4%
 1000    20     211.1     0.342    0.1%
 1000    21     211.5     0.682    0.3%
 1000    22     211.8     0.331    0.1%
 1000    23       212     0.531    0.2%
 1000    24     212.7     0.247    0.1%
 1000    25     212.9     0.378    0.1%
 1000    26     213.4     0.605    0.2%
 1000    27     213.1     0.784    0.3%
 1000    28       214     0.825    0.3%
 1000    29     214.2     0.546    0.2%
 1000    30     213.7     0.588    0.2%
 1000    31     214.2     0.851    0.3%
 1000    32     214.6     0.443    0.2%
 1000    33     215.1     0.542    0.2%
 1000    34     216.6     1.188    0.5%
 1000    35     215.8     0.654    0.3%
 1000    36     216.1      0.58    0.2%
 1000    37     216.9     1.203    0.5%
 1000    38     217.1     1.147    0.5%
 1000    39     217.3     1.069    0.4%
 1000    40     217.5     0.791    0.3%
 1000    41     218.6     1.537    0.7%
 1000    42     218.4       0.7    0.3%
 1000    43       218     0.716    0.3%
 1000    44     218.6     0.683    0.3%
 1000    45     219.3     1.011    0.4%
 1000    46       219     0.499    0.2%
 1000    47     219.1     0.504    0.2%
 1000    48     220.7     0.717    0.3%
 1000    49     219.3     0.578    0.2%
 1000    50     221.5     0.788    0.3%
 1000    51     220.8     0.532    0.2%
 1000    52     221.6     1.395    0.6%
 1000    53     221.1     0.874    0.3%
 1000    54     221.3     0.913    0.4%
 1000    55       223     1.188    0.5%
 1000    56     222.8     1.094    0.4%
 1000    57     222.1     1.021    0.4%
 1000    58     222.3     0.465    0.2%
 1000    59     222.2     0.407    0.1%
 1000    60     223.2     0.963    0.4%
 1000    61     223.3      0.81    0.3%
 1000    62     223.7     0.931    0.4%
 1000    63     223.8     0.455    0.2%
 1000    64     225.3     1.426    0.6%
 1000    65     224.9     1.032    0.4%
 1000    66     224.4     0.826    0.3%
 1000    67     225.2     0.708    0.3%
 1000    68     226.2     0.966    0.4%
 1000    69     225.6     0.502    0.2%
 1000    70     226.2     0.647    0.2%
 1000    71     227.1     0.799    0.3%
 1000    72     226.6     0.795    0.3%
 1000    73     226.5     0.423    0.1%
 1000    74     226.8     1.069    0.4%
 1000    75     228.2      1.09    0.4%
 1000    76     227.6     0.467    0.2%
 1000    77     227.5     0.909    0.3%
 1000    78     227.7     0.696    0.3%
 1000    79     228.8     0.575    0.2%
 1000    80     229.2     0.658    0.2%
 1000    81     229.1     0.429    0.1%
 1000    82     229.7     0.457    0.1%
 1000    83     229.5     0.388    0.1%
 1000    84     230.9      1.09    0.4%
 1000    85     230.8     0.991    0.4%
 1000    86     230.4     0.579    0.2%
 1000    87     231.2     1.128    0.4%
 1000    88     230.5     0.361    0.1%
 1000    89     232.1      0.59    0.2%
 1000    90     231.8     0.903    0.3%
 1000    91     232.5     1.237    0.5%
 1000    92     234.5     1.722    0.7%
 1000    93     232.1     0.704    0.3%
 1000    94       233     0.592    0.2%
 1000    95     232.6     0.438    0.1%
 1000    96       233     0.532    0.2%
 1000    97     233.9     0.994    0.4%
 1000    98     233.3      0.57    0.2%
 1000    99     234.8     1.211    0.5%
 1000   100     233.8     0.406    0.1%

Quality and confidence:
param     error
k             0
e             0

Model:
Time ~=    73.14
    + k    0.132
    + e    0.296
              s

Reads = 4 + (0 * k) + (0 * e)
Writes = 1 + (0 * k) + (0 * e)

