Pallet: "pallet_bounties", Extrinsic: "propose_bounty", Lowest values: [], Highest values: [], Steps: 50, Repeat: 20
d,extrinsic_time_ns,storage_root_time_ns,reads,repeat_reads,writes,repeat_writes,proof_size_bytes
0,25238,1546,0,0,0,0,0
0,23418,1331,0,0,0,0,0
0,22736,1372,0,0,0,0,0
0,22911,1348,0,0,0,0,0
0,22659,1342,0,0,0,0,0
0,22678,1367,0,0,0,0,0
0,22419,1377,0,0,0,0,0
0,22304,1315,0,0,0,0,0
0,22411,1384,0,0,0,0,0
0,22427,1353,0,0,0,0,0
0,22160,1330,0,0,0,0,0
0,22657,1333,0,0,0,0,0
0,22891,1310,0,0,0,0,0
0,22345,1275,0,0,0,0,0
0,22032,1332,0,0,0,0,0
0,22554,1310,0,0,0,0,0
0,22714,1313,0,0,0,0,0
0,24244,1333,0,0,0,0,0
0,22499,1318,0,0,0,0,0
0,22709,1334,0,0,0,0,0
6,25478,1579,0,0,0,0,0
6,23269,1407,0,0,0,0,0
6,23321,1359,0,0,0,0,0
6,23132,1382,0,0,0,0,0
6,22832,1453,0,0,0,0,0
6,22928,1370,0,0,0,0,0
6,23108,1412,0,0,0,0,0
6,22529,1345,0,0,0,0,0
6,22588,1375,0,0,0,0,0
6,22999,1363,0,0,0,0,0
6,22749,1411,0,0,0,0,0
6,22624,1371,0,0,0,0,0
6,22741,1349,0,0,0,0,0
6,22460,1343,0,0,0,0,0
6,22814,1321,0,0,0,0,0
6,22668,1356,0,0,0,0,0
6,22401,1406,0,0,0,0,0
6,23803,1365,0,0,0,0,0
6,23205,1373,0,0,0,0,0
6,22379,1386,0,0,0,0,0
12,25918,1556,0,0,0,0,0
12,23796,1504,0,0,0,0,0
12,23932,1487,0,0,0,0,0
12,23425,1399,0,0,0,0,0
12,23002,1413,0,0,0,0,0
12,22999,1413,0,0,0,0,0
12,23114,1439,0,0,0,0,0
12,23043,1423,0,0,0,0,0
12,23124,1398,0,0,0,0,0
12,23253,1467,0,0,0,0,0
12,23608,1467,0,0,0,0,0
12,23549,1400,0,0,0,0,0
12,23301,1460,0,0,0,0,0
12,22832,1419,0,0,0,0,0
12,23609,1417,0,0,0,0,0
12,23122,1466,0,0,0,0,0
12,22887,1418,0,0,0,0,0
12,25258,1445,0,0,0,0,0
12,23550,1414,0,0,0,0,0
12,23259,1392,0,0,0,0,0
18,27599,1588,0,0,0,0,0
18,23506,1422,0,0,0,0,0
18,23361,1352,0,0,0,0,0
18,23690,1420,0,0,0,0,0
18,23082,1373,0,0,0,0,0
18,22845,1412,0,0,0,0,0
18,23067,1469,0,0,0,0,0
18,23971,1361,0,0,0,0,0
18,23679,1363,0,0,0,0,0
18,23767,1306,0,0,0,0,0
18,22927,1364,0,0,0,0,0
18,23342,1391,0,0,0,0,0
18,23081,1401,0,0,0,0,0
18,23426,1368,0,0,0,0,0
18,23193,1359,0,0,0,0,0
18,23150,1352,0,0,0,0,0
18,23237,1373,0,0,0,0,0
18,25105,1375,0,0,0,0,0
18,23075,1366,0,0,0,0,0
18,23296,1325,0,0,0,0,0
24,25390,1540,0,0,0,0,0
24,23255,1426,0,0,0,0,0
24,23038,1361,0,0,0,0,0
24,22988,1398,0,0,0,0,0
24,23377,1374,0,0,0,0,0
24,22877,1398,0,0,0,0,0
24,22621,1327,0,0,0,0,0
24,22846,1349,0,0,0,0,0
24,22732,1291,0,0,0,0,0
24,22676,1323,0,0,0,0,0
24,22863,1286,0,0,0,0,0
24,22624,1497,0,0,0,0,0
24,23260,1378,0,0,0,0,0
24,22724,1377,0,0,0,0,0
24,22536,1292,0,0,0,0,0
24,22604,1327,0,0,0,0,0
24,23249,1343,0,0,0,0,0
24,24891,1360,0,0,0,0,0
24,22801,1399,0,0,0,0,0
24,23196,1406,0,0,0,0,0
30,25905,1509,0,0,0,0,0
30,23704,1408,0,0,0,0,0
30,23203,1373,0,0,0,0,0
30,23823,1343,0,0,0,0,0
30,23683,1332,0,0,0,0,0
30,23315,1332,0,0,0,0,0
30,22917,1346,0,0,0,0,0
30,23204,1379,0,0,0,0,0
30,23181,1360,0,0,0,0,0
30,23023,1349,0,0,0,0,0
30,22870,1370,0,0,0,0,0
30,22936,1388,0,0,0,0,0
30,22715,1339,0,0,0,0,0
30,23011,1321,0,0,0,0,0
30,22801,1348,0,0,0,0,0
30,23176,1346,0,0,0,0,0
30,23328,1385,0,0,0,0,0
30,25043,1322,0,0,0,0,0
30,22825,1327,0,0,0,0,0
30,23064,1369,0,0,0,0,0
36,25936,1468,0,0,0,0,0
36,24223,1418,0,0,0,0,0
36,23482,1345,0,0,0,0,0
36,23479,1375,0,0,0,0,0
36,23382,1381,0,0,0,0,0
36,23382,1386,0,0,0,0,0
36,23437,1365,0,0,0,0,0
36,23446,1336,0,0,0,0,0
36,23429,1290,0,0,0,0,0
36,23527,1354,0,0,0,0,0
36,23587,1322,0,0,0,0,0
36,23224,1396,0,0,0,0,0
36,23290,1366,0,0,0,0,0
36,23636,1357,0,0,0,0,0
36,23315,1325,0,0,0,0,0
36,23140,1408,0,0,0,0,0
36,23304,1334,0,0,0,0,0
36,25438,1339,0,0,0,0,0
36,23904,1327,0,0,0,0,0
36,23228,1347,0,0,0,0,0
42,25546,1597,0,0,0,0,0
42,23971,1428,0,0,0,0,0
42,23849,1411,0,0,0,0,0
42,23273,1410,0,0,0,0,0
42,23388,1422,0,0,0,0,0
42,23586,1443,0,0,0,0,0
42,23785,1444,0,0,0,0,0
42,23436,1407,0,0,0,0,0
42,23202,1426,0,0,0,0,0
42,23514,1390,0,0,0,0,0
42,23655,1404,0,0,0,0,0
42,23391,1471,0,0,0,0,0
42,23185,1405,0,0,0,0,0
42,23042,1406,0,0,0,0,0
42,23371,1485,0,0,0,0,0
42,23697,1418,0,0,0,0,0
42,22956,1503,0,0,0,0,0
42,24695,1434,0,0,0,0,0
42,23242,1379,0,0,0,0,0
42,23309,1449,0,0,0,0,0
48,25659,1566,0,0,0,0,0
48,23480,1429,0,0,0,0,0
48,23607,1474,0,0,0,0,0
48,23438,1494,0,0,0,0,0
48,23538,1406,0,0,0,0,0
48,23050,1433,0,0,0,0,0
48,22878,1428,0,0,0,0,0
48,23806,1397,0,0,0,0,0
48,23706,1492,0,0,0,0,0
48,23056,1365,0,0,0,0,0
48,23232,1417,0,0,0,0,0
48,23209,1473,0,0,0,0,0
48,23588,1416,0,0,0,0,0
48,23212,1425,0,0,0,0,0
48,23188,1439,0,0,0,0,0
48,23277,1454,0,0,0,0,0
48,23302,1409,0,0,0,0,0
48,25169,1531,0,0,0,0,0
48,23175,1407,0,0,0,0,0
48,23066,1462,0,0,0,0,0
54,25656,1471,0,0,0,0,0
54,23841,1382,0,0,0,0,0
54,23997,1446,0,0,0,0,0
54,23716,1427,0,0,0,0,0
54,23434,1349,0,0,0,0,0
54,23104,1402,0,0,0,0,0
54,24153,1420,0,0,0,0,0
54,23787,1344,0,0,0,0,0
54,23430,1377,0,0,0,0,0
54,23214,1396,0,0,0,0,0
54,22814,1378,0,0,0,0,0
54,23545,1402,0,0,0,0,0
54,23496,1409,0,0,0,0,0
54,23288,1385,0,0,0,0,0
54,23417,1398,0,0,0,0,0
54,22962,1370,0,0,0,0,0
54,23215,1381,0,0,0,0,0
54,25380,1380,0,0,0,0,0
54,23295,1385,0,0,0,0,0
54,23998,1312,0,0,0,0,0
60,26032,1528,0,0,0,0,0
60,23703,1420,0,0,0,0,0
60,23923,1432,0,0,0,0,0
60,23750,1401,0,0,0,0,0
60,23862,1424,0,0,0,0,0
60,23841,1425,0,0,0,0,0
60,23457,1416,0,0,0,0,0
60,23823,1437,0,0,0,0,0
60,23859,1418,0,0,0,0,0
60,23310,1427,0,0,0,0,0
60,23512,1500,0,0,0,0,0
60,23831,1454,0,0,0,0,0
60,23124,1456,0,0,0,0,0
60,23399,1413,0,0,0,0,0
60,23357,1437,0,0,0,0,0
60,23277,1445,0,0,0,0,0
60,23345,1344,0,0,0,0,0
60,25048,1442,0,0,0,0,0
60,23220,1404,0,0,0,0,0
60,23493,1449,0,0,0,0,0
66,27352,1623,0,0,0,0,0
66,24379,1418,0,0,0,0,0
66,24330,1456,0,0,0,0,0
66,23905,1383,0,0,0,0,0
66,23706,1445,0,0,0,0,0
66,23610,1409,0,0,0,0,0
66,23785,1382,0,0,0,0,0
66,23689,1408,0,0,0,0,0
66,23444,1433,0,0,0,0,0
66,23359,1374,0,0,0,0,0
66,23667,1357,0,0,0,0,0
66,23323,1388,0,0,0,0,0
66,23336,1429,0,0,0,0,0
66,23090,1411,0,0,0,0,0
66,23315,1454,0,0,0,0,0
66,23870,1411,0,0,0,0,0
66,23115,1357,0,0,0,0,0
66,23152,1418,0,0,0,0,0
66,23630,1355,0,0,0,0,0
66,23658,1400,0,0,0,0,0
72,27412,1522,0,0,0,0,0
72,23500,1420,0,0,0,0,0
72,23571,1366,0,0,0,0,0
72,23560,1387,0,0,0,0,0
72,23041,1337,0,0,0,0,0
72,23544,1432,0,0,0,0,0
72,23790,1395,0,0,0,0,0
72,23451,1333,0,0,0,0,0
72,23507,1395,0,0,0,0,0
72,23278,1388,0,0,0,0,0
72,23500,1339,0,0,0,0,0
72,23359,1331,0,0,0,0,0
72,23254,1397,0,0,0,0,0
72,23867,1371,0,0,0,0,0
72,23682,1338,0,0,0,0,0
72,23363,1296,0,0,0,0,0
72,23252,1309,0,0,0,0,0
72,23317,1357,0,0,0,0,0
72,23541,1404,0,0,0,0,0
72,23995,1432,0,0,0,0,0
78,27124,1490,0,0,0,0,0
78,23897,1423,0,0,0,0,0
78,23699,1393,0,0,0,0,0
78,23885,1351,0,0,0,0,0
78,23242,1382,0,0,0,0,0
78,23476,1346,0,0,0,0,0
78,23313,1346,0,0,0,0,0
78,23230,1416,0,0,0,0,0
78,23624,1395,0,0,0,0,0
78,23771,1442,0,0,0,0,0
78,23373,1408,0,0,0,0,0
78,23523,1368,0,0,0,0,0
78,23552,1394,0,0,0,0,0
78,23576,1389,0,0,0,0,0
78,23464,1336,0,0,0,0,0
78,23383,1355,0,0,0,0,0
78,23096,1385,0,0,0,0,0
78,23532,1307,0,0,0,0,0
78,23178,1397,0,0,0,0,0
78,23266,1336,0,0,0,0,0
84,34010,1602,0,0,0,0,0
84,23866,1477,0,0,0,0,0
84,23498,1502,0,0,0,0,0
84,23492,1461,0,0,0,0,0
84,23073,1435,0,0,0,0,0
84,23447,1419,0,0,0,0,0
84,23730,1406,0,0,0,0,0
84,23447,1436,0,0,0,0,0
84,23373,1439,0,0,0,0,0
84,23480,1442,0,0,0,0,0
84,23575,1368,0,0,0,0,0
84,23034,1391,0,0,0,0,0
84,23034,1426,0,0,0,0,0
84,23155,1374,0,0,0,0,0
84,23534,1390,0,0,0,0,0
84,23264,1389,0,0,0,0,0
84,22754,1422,0,0,0,0,0
84,23111,1406,0,0,0,0,0
84,23199,1456,0,0,0,0,0
84,23460,1496,0,0,0,0,0
90,27128,1440,0,0,0,0,0
90,23418,1399,0,0,0,0,0
90,23284,1383,0,0,0,0,0
90,23257,1394,0,0,0,0,0
90,23801,1336,0,0,0,0,0
90,23770,1395,0,0,0,0,0
90,23234,1398,0,0,0,0,0
90,23308,1342,0,0,0,0,0
90,23472,1381,0,0,0,0,0
90,23286,1427,0,0,0,0,0
90,23028,1354,0,0,0,0,0
90,22798,1392,0,0,0,0,0
90,22999,1403,0,0,0,0,0
90,23242,1340,0,0,0,0,0
90,23079,1363,0,0,0,0,0
90,23247,1383,0,0,0,0,0
90,23706,1407,0,0,0,0,0
90,23822,1368,0,0,0,0,0
90,23133,1381,0,0,0,0,0
90,23175,1377,0,0,0,0,0
96,27412,1496,0,0,0,0,0
96,24362,1325,0,0,0,0,0
96,23544,1307,0,0,0,0,0
96,23069,1356,0,0,0,0,0
96,23327,1369,0,0,0,0,0
96,23416,1360,0,0,0,0,0
96,23039,1423,0,0,0,0,0
96,23222,1344,0,0,0,0,0
96,23514,1349,0,0,0,0,0
96,31110,1366,0,0,0,0,0
96,23588,1331,0,0,0,0,0
96,22942,1370,0,0,0,0,0
96,23407,1345,0,0,0,0,0
96,23090,1362,0,0,0,0,0
96,23346,1324,0,0,0,0,0
96,23319,1299,0,0,0,0,0
96,23513,1368,0,0,0,0,0
96,23652,1331,0,0,0,0,0
96,23211,1347,0,0,0,0,0
96,23066,1383,0,0,0,0,0
102,27691,1567,0,0,0,0,0
102,24064,1437,0,0,0,0,0
102,23247,1445,0,0,0,0,0
102,23312,1432,0,0,0,0,0
102,23490,1461,0,0,0,0,0
102,23347,1422,0,0,0,0,0
102,23601,1469,0,0,0,0,0
102,23500,1464,0,0,0,0,0
102,23255,1338,0,0,0,0,0
102,23253,1308,0,0,0,0,0
102,23104,1425,0,0,0,0,0
102,23497,1445,0,0,0,0,0
102,23455,1408,0,0,0,0,0
102,23347,1467,0,0,0,0,0
102,23536,1489,0,0,0,0,0
102,23249,1361,0,0,0,0,0
102,23220,1354,0,0,0,0,0
102,23396,1426,0,0,0,0,0
102,23142,1378,0,0,0,0,0
102,23446,1429,0,0,0,0,0
108,27104,1572,0,0,0,0,0
108,23944,1425,0,0,0,0,0
108,23688,1402,0,0,0,0,0
108,23162,1355,0,0,0,0,0
108,23253,1371,0,0,0,0,0
108,23041,1416,0,0,0,0,0
108,23565,1368,0,0,0,0,0
108,23509,1390,0,0,0,0,0
108,23242,1365,0,0,0,0,0
108,23465,1418,0,0,0,0,0
108,23515,1354,0,0,0,0,0
108,23358,1380,0,0,0,0,0
108,23499,1399,0,0,0,0,0
108,23654,1351,0,0,0,0,0
108,23555,1365,0,0,0,0,0
108,23903,1378,0,0,0,0,0
108,23411,1380,0,0,0,0,0
108,23500,1391,0,0,0,0,0
108,28743,1414,0,0,0,0,0
108,23895,1380,0,0,0,0,0
114,27831,1519,0,0,0,0,0
114,24483,1383,0,0,0,0,0
114,23945,1421,0,0,0,0,0
114,23507,1359,0,0,0,0,0
114,23468,1356,0,0,0,0,0
114,23591,1334,0,0,0,0,0
114,23953,1367,0,0,0,0,0
114,23863,1308,0,0,0,0,0
114,23346,1350,0,0,0,0,0
114,23499,1352,0,0,0,0,0
114,23255,1333,0,0,0,0,0
114,23127,1375,0,0,0,0,0
114,22749,1286,0,0,0,0,0
114,23472,1352,0,0,0,0,0
114,23259,1387,0,0,0,0,0
114,22969,1382,0,0,0,0,0
114,23288,1379,0,0,0,0,0
114,23810,1390,0,0,0,0,0
114,23387,1369,0,0,0,0,0
114,23054,1360,0,0,0,0,0
120,27312,1527,0,0,0,0,0
120,24030,1490,0,0,0,0,0
120,23519,1422,0,0,0,0,0
120,23249,1362,0,0,0,0,0
120,23176,1410,0,0,0,0,0
120,23077,1455,0,0,0,0,0
120,23571,1371,0,0,0,0,0
120,23583,1316,0,0,0,0,0
120,23172,1404,0,0,0,0,0
120,23043,1408,0,0,0,0,0
120,23604,1370,0,0,0,0,0
120,23441,1414,0,0,0,0,0
120,22822,1422,0,0,0,0,0
120,23153,1407,0,0,0,0,0
120,23434,1398,0,0,0,0,0
120,24107,1380,0,0,0,0,0
120,23365,1335,0,0,0,0,0
120,25232,1374,0,0,0,0,0
120,23233,1345,0,0,0,0,0
120,23576,1365,0,0,0,0,0
126,27481,1506,0,0,0,0,0
126,24411,1427,0,0,0,0,0
126,23540,1358,0,0,0,0,0
126,23373,1351,0,0,0,0,0
126,23958,1346,0,0,0,0,0
126,23510,1310,0,0,0,0,0
126,23097,1340,0,0,0,0,0
126,23488,1307,0,0,0,0,0
126,23236,1364,0,0,0,0,0
126,23091,1350,0,0,0,0,0
126,23244,1336,0,0,0,0,0
126,23532,1361,0,0,0,0,0
126,23448,1313,0,0,0,0,0
126,23379,1343,0,0,0,0,0
126,23738,1322,0,0,0,0,0
126,23562,1340,0,0,0,0,0
126,23374,1318,0,0,0,0,0
126,23124,1323,0,0,0,0,0
126,23584,1307,0,0,0,0,0
126,23102,1272,0,0,0,0,0
132,26477,1556,0,0,0,0,0
132,24201,1530,0,0,0,0,0
132,23768,1413,0,0,0,0,0
132,24333,1435,0,0,0,0,0
132,23555,1431,0,0,0,0,0
132,23890,1454,0,0,0,0,0
132,23568,1438,0,0,0,0,0
132,24590,1432,0,0,0,0,0
132,24326,1433,0,0,0,0,0
132,23597,1371,0,0,0,0,0
132,23649,1393,0,0,0,0,0
132,24156,1402,0,0,0,0,0
132,24393,1409,0,0,0,0,0
132,23948,1464,0,0,0,0,0
132,23163,1431,0,0,0,0,0
132,23576,1405,0,0,0,0,0
132,23876,1438,0,0,0,0,0
132,23584,1449,0,0,0,0,0
132,23305,1422,0,0,0,0,0
132,23497,1380,0,0,0,0,0
138,26162,1608,0,0,0,0,0
138,24240,1481,0,0,0,0,0
138,23880,1434,0,0,0,0,0
138,23574,1389,0,0,0,0,0
138,23435,1370,0,0,0,0,0
138,23344,1414,0,0,0,0,0
138,24116,1418,0,0,0,0,0
138,23585,1400,0,0,0,0,0
138,23506,1407,0,0,0,0,0
138,23584,1389,0,0,0,0,0
138,23754,1419,0,0,0,0,0
138,23544,1391,0,0,0,0,0
138,23569,1444,0,0,0,0,0
138,23373,1367,0,0,0,0,0
138,23112,1393,0,0,0,0,0
138,23346,1374,0,0,0,0,0
138,23642,1418,0,0,0,0,0
138,23051,1439,0,0,0,0,0
138,23472,1439,0,0,0,0,0
138,23831,1404,0,0,0,0,0
144,26346,1535,0,0,0,0,0
144,24055,1365,0,0,0,0,0
144,23685,1367,0,0,0,0,0
144,23941,1378,0,0,0,0,0
144,23360,1357,0,0,0,0,0
144,23462,1365,0,0,0,0,0
144,23425,1374,0,0,0,0,0
144,23570,1324,0,0,0,0,0
144,23288,1357,0,0,0,0,0
144,23217,1346,0,0,0,0,0
144,23576,1388,0,0,0,0,0
144,23643,1333,0,0,0,0,0
144,22998,1298,0,0,0,0,0
144,23337,1313,0,0,0,0,0
144,23680,1371,0,0,0,0,0
144,23799,1295,0,0,0,0,0
144,23291,1341,0,0,0,0,0
144,23609,1456,0,0,0,0,0
144,23055,1404,0,0,0,0,0
144,23832,1343,0,0,0,0,0
150,26026,1516,0,0,0,0,0
150,24585,1346,0,0,0,0,0
150,23838,1342,0,0,0,0,0
150,23582,1343,0,0,0,0,0
150,23456,1333,0,0,0,0,0
150,23934,1367,0,0,0,0,0
150,23601,1340,0,0,0,0,0
150,23870,1395,0,0,0,0,0
150,23637,1351,0,0,0,0,0
150,23932,1391,0,0,0,0,0
150,23174,1344,0,0,0,0,0
150,23563,1371,0,0,0,0,0
150,23381,1418,0,0,0,0,0
150,23462,1326,0,0,0,0,0
150,23844,1339,0,0,0,0,0
150,23555,1354,0,0,0,0,0
150,23633,1385,0,0,0,0,0
150,23599,1340,0,0,0,0,0
150,23978,1316,0,0,0,0,0
150,23518,1328,0,0,0,0,0
156,26249,1520,0,0,0,0,0
156,23964,1367,0,0,0,0,0
156,24085,1421,0,0,0,0,0
156,23755,1424,0,0,0,0,0
156,23712,1398,0,0,0,0,0
156,24039,1412,0,0,0,0,0
156,23786,1376,0,0,0,0,0
156,23900,1437,0,0,0,0,0
156,23352,1413,0,0,0,0,0
156,23330,1366,0,0,0,0,0
156,23357,1381,0,0,0,0,0
156,23427,1373,0,0,0,0,0
156,23361,1349,0,0,0,0,0
156,23140,1360,0,0,0,0,0
156,23093,1409,0,0,0,0,0
156,23545,1415,0,0,0,0,0
156,23696,1339,0,0,0,0,0
156,23925,1410,0,0,0,0,0
156,23182,1383,0,0,0,0,0
156,23534,1411,0,0,0,0,0
162,26025,1587,0,0,0,0,0
162,24592,1476,0,0,0,0,0
162,23740,1444,0,0,0,0,0
162,23666,1408,0,0,0,0,0
162,23537,1422,0,0,0,0,0
162,23689,1396,0,0,0,0,0
162,23765,1419,0,0,0,0,0
162,23652,1454,0,0,0,0,0
162,23461,1421,0,0,0,0,0
162,23818,1371,0,0,0,0,0
162,23928,1416,0,0,0,0,0
162,23325,1398,0,0,0,0,0
162,23367,1349,0,0,0,0,0
162,23423,1385,0,0,0,0,0
162,23817,1483,0,0,0,0,0
162,23349,1367,0,0,0,0,0
162,23327,1413,0,0,0,0,0
162,23661,1417,0,0,0,0,0
162,23903,1406,0,0,0,0,0
162,23687,1394,0,0,0,0,0
168,26064,1551,0,0,0,0,0
168,24202,1449,0,0,0,0,0
168,23700,1422,0,0,0,0,0
168,23920,1406,0,0,0,0,0
168,23538,1444,0,0,0,0,0
168,23275,1510,0,0,0,0,0
168,23886,1428,0,0,0,0,0
168,23567,1428,0,0,0,0,0
168,23765,1365,0,0,0,0,0
168,23306,1387,0,0,0,0,0
168,23252,1397,0,0,0,0,0
168,23304,1386,0,0,0,0,0
168,23958,1419,0,0,0,0,0
168,23328,1427,0,0,0,0,0
168,23088,1370,0,0,0,0,0
168,23223,1433,0,0,0,0,0
168,23490,1386,0,0,0,0,0
168,23258,1421,0,0,0,0,0
168,22869,1374,0,0,0,0,0
168,23422,1401,0,0,0,0,0
174,26669,1585,0,0,0,0,0
174,24399,1425,0,0,0,0,0
174,23886,1376,0,0,0,0,0
174,24239,1431,0,0,0,0,0
174,23748,1479,0,0,0,0,0
174,23820,1404,0,0,0,0,0
174,23595,1409,0,0,0,0,0
174,23962,1498,0,0,0,0,0
174,23674,1406,0,0,0,0,0
174,23588,1444,0,0,0,0,0
174,23999,1442,0,0,0,0,0
174,23597,1432,0,0,0,0,0
174,23825,1408,0,0,0,0,0
174,23127,1419,0,0,0,0,0
174,23116,1442,0,0,0,0,0
174,23469,1403,0,0,0,0,0
174,23844,1419,0,0,0,0,0
174,23670,1444,0,0,0,0,0
174,23490,1438,0,0,0,0,0
174,23324,1390,0,0,0,0,0
180,25901,1553,0,0,0,0,0
180,24228,1416,0,0,0,0,0
180,23522,1397,0,0,0,0,0
180,23988,1397,0,0,0,0,0
180,23833,1423,0,0,0,0,0
180,23901,1416,0,0,0,0,0
180,23528,1449,0,0,0,0,0
180,23712,1418,0,0,0,0,0
180,23452,1363,0,0,0,0,0
180,23547,1404,0,0,0,0,0
180,23382,1378,0,0,0,0,0
180,23693,1377,0,0,0,0,0
180,23930,1405,0,0,0,0,0
180,23283,1354,0,0,0,0,0
180,23516,1429,0,0,0,0,0
180,23829,1353,0,0,0,0,0
180,23711,1329,0,0,0,0,0
180,23309,1359,0,0,0,0,0
180,23726,1383,0,0,0,0,0
180,23403,1404,0,0,0,0,0
186,26257,1529,0,0,0,0,0
186,24391,1461,0,0,0,0,0
186,23687,1409,0,0,0,0,0
186,24069,1424,0,0,0,0,0
186,23575,1395,0,0,0,0,0
186,23598,1386,0,0,0,0,0
186,23545,1372,0,0,0,0,0
186,23465,1375,0,0,0,0,0
186,23626,1378,0,0,0,0,0
186,23581,1420,0,0,0,0,0
186,23603,1392,0,0,0,0,0
186,23879,1374,0,0,0,0,0
186,23529,1409,0,0,0,0,0
186,23536,1350,0,0,0,0,0
186,23536,1368,0,0,0,0,0
186,23944,1379,0,0,0,0,0
186,23382,1414,0,0,0,0,0
186,23526,1385,0,0,0,0,0
186,24116,1400,0,0,0,0,0
186,23709,1370,0,0,0,0,0
192,26060,1549,0,0,0,0,0
192,24525,1481,0,0,0,0,0
192,24120,1369,0,0,0,0,0
192,23533,1352,0,0,0,0,0
192,23935,1403,0,0,0,0,0
192,23971,1397,0,0,0,0,0
192,23607,1408,0,0,0,0,0
192,23376,1368,0,0,0,0,0
192,23268,1386,0,0,0,0,0
192,23422,1404,0,0,0,0,0
192,23573,1442,0,0,0,0,0
192,23983,1440,0,0,0,0,0
192,23532,1446,0,0,0,0,0
192,23685,1395,0,0,0,0,0
192,23880,1354,0,0,0,0,0
192,23273,1394,0,0,0,0,0
192,23424,1361,0,0,0,0,0
192,22901,1412,0,0,0,0,0
192,23391,1400,0,0,0,0,0
192,23896,1413,0,0,0,0,0
198,25441,1530,0,0,0,0,0
198,23248,1311,0,0,0,0,0
198,23196,1395,0,0,0,0,0
198,22964,1362,0,0,0,0,0
198,23172,1355,0,0,0,0,0
198,23073,1324,0,0,0,0,0
198,23015,1300,0,0,0,0,0
198,22946,1360,0,0,0,0,0
198,23130,1322,0,0,0,0,0
198,23102,1352,0,0,0,0,0
198,22935,1330,0,0,0,0,0
198,22952,1364,0,0,0,0,0
198,23213,1379,0,0,0,0,0
198,22786,1354,0,0,0,0,0
198,22912,1415,0,0,0,0,0
198,22826,1320,0,0,0,0,0
198,22962,1361,0,0,0,0,0
198,23099,1364,0,0,0,0,0
198,22581,1315,0,0,0,0,0
198,22906,1343,0,0,0,0,0
204,25884,1601,0,0,0,0,0
204,23526,1501,0,0,0,0,0
204,23371,1414,0,0,0,0,0
204,36364,1484,0,0,0,0,0
204,23429,1376,0,0,0,0,0
204,23208,1397,0,0,0,0,0
204,22892,1361,0,0,0,0,0
204,23667,1419,0,0,0,0,0
204,23348,1383,0,0,0,0,0
204,23388,1381,0,0,0,0,0
204,23964,1394,0,0,0,0,0
204,23818,1431,0,0,0,0,0
204,23171,1443,0,0,0,0,0
204,23560,1362,0,0,0,0,0
204,23852,1334,0,0,0,0,0
204,23516,1376,0,0,0,0,0
204,23239,1387,0,0,0,0,0
204,23049,1440,0,0,0,0,0
204,23388,1416,0,0,0,0,0
204,23412,1394,0,0,0,0,0
210,25276,1462,0,0,0,0,0
210,23609,1392,0,0,0,0,0
210,23314,1339,0,0,0,0,0
210,23518,1310,0,0,0,0,0
210,23611,1310,0,0,0,0,0
210,22851,1279,0,0,0,0,0
210,23082,1311,0,0,0,0,0
210,36346,1398,0,0,0,0,0
210,23096,1280,0,0,0,0,0
210,23016,1316,0,0,0,0,0
210,23154,1348,0,0,0,0,0
210,23220,1308,0,0,0,0,0
210,23270,1274,0,0,0,0,0
210,23066,1306,0,0,0,0,0
210,22962,1315,0,0,0,0,0
210,22903,1334,0,0,0,0,0
210,23267,1354,0,0,0,0,0
210,23515,1363,0,0,0,0,0
210,23125,1255,0,0,0,0,0
210,22579,1328,0,0,0,0,0
216,26227,1531,0,0,0,0,0
216,24041,1432,0,0,0,0,0
216,23809,1407,0,0,0,0,0
216,24062,1319,0,0,0,0,0
216,23446,1373,0,0,0,0,0
216,23403,1387,0,0,0,0,0
216,23433,1365,0,0,0,0,0
216,23628,1347,0,0,0,0,0
216,24108,1380,0,0,0,0,0
216,24043,1366,0,0,0,0,0
216,23434,1356,0,0,0,0,0
216,24296,1480,0,0,0,0,0
216,23817,1451,0,0,0,0,0
216,23826,1384,0,0,0,0,0
216,23461,1415,0,0,0,0,0
216,23340,1359,0,0,0,0,0
216,23321,1364,0,0,0,0,0
216,23643,1369,0,0,0,0,0
216,23318,1397,0,0,0,0,0
216,23258,1414,0,0,0,0,0
222,25989,1598,0,0,0,0,0
222,24283,1407,0,0,0,0,0
222,23938,1355,0,0,0,0,0
222,23570,1356,0,0,0,0,0
222,23348,1388,0,0,0,0,0
222,23583,1278,0,0,0,0,0
222,23453,1324,0,0,0,0,0
222,23493,1322,0,0,0,0,0
222,23384,1360,0,0,0,0,0
222,23637,1374,0,0,0,0,0
222,23867,1385,0,0,0,0,0
222,23821,1396,0,0,0,0,0
222,23397,1399,0,0,0,0,0
222,23137,1358,0,0,0,0,0
222,23652,1393,0,0,0,0,0
222,23551,1376,0,0,0,0,0
222,23425,1340,0,0,0,0,0
222,23362,1366,0,0,0,0,0
222,23578,1355,0,0,0,0,0
222,23603,1366,0,0,0,0,0
228,26154,1495,0,0,0,0,0
228,24069,1384,0,0,0,0,0
228,23696,1311,0,0,0,0,0
228,22889,1317,0,0,0,0,0
228,23411,1361,0,0,0,0,0
228,23834,1304,0,0,0,0,0
228,23716,1277,0,0,0,0,0
228,23528,1379,0,0,0,0,0
228,23310,1384,0,0,0,0,0
228,23338,1327,0,0,0,0,0
228,23770,1298,0,0,0,0,0
228,23248,1319,0,0,0,0,0
228,23184,1357,0,0,0,0,0
228,23100,1320,0,0,0,0,0
228,23227,1325,0,0,0,0,0
228,23410,1365,0,0,0,0,0
228,23377,1273,0,0,0,0,0
228,23412,1319,0,0,0,0,0
228,23413,1344,0,0,0,0,0
228,23099,1330,0,0,0,0,0
234,25898,1551,0,0,0,0,0
234,24231,1410,0,0,0,0,0
234,23594,1413,0,0,0,0,0
234,23510,1517,0,0,0,0,0
234,24069,1425,0,0,0,0,0
234,23727,1385,0,0,0,0,0
234,23337,1407,0,0,0,0,0
234,23324,1441,0,0,0,0,0
234,23432,1403,0,0,0,0,0
234,23524,1397,0,0,0,0,0
234,23345,1415,0,0,0,0,0
234,23279,1421,0,0,0,0,0
234,23299,1420,0,0,0,0,0
234,23816,1414,0,0,0,0,0
234,23452,1404,0,0,0,0,0
234,23492,1382,0,0,0,0,0
234,23312,1449,0,0,0,0,0
234,23532,1453,0,0,0,0,0
234,23276,1433,0,0,0,0,0
234,23280,1400,0,0,0,0,0
240,25541,15970,0,0,0,0,0
240,23488,1266,0,0,0,0,0
240,23670,1257,0,0,0,0,0
240,23133,1308,0,0,0,0,0
240,23009,1244,0,0,0,0,0
240,23167,1312,0,0,0,0,0
240,23526,1289,0,0,0,0,0
240,23202,1291,0,0,0,0,0
240,22842,1302,0,0,0,0,0
240,22884,1330,0,0,0,0,0
240,23049,1313,0,0,0,0,0
240,22947,1339,0,0,0,0,0
240,22887,1263,0,0,0,0,0
240,23013,1288,0,0,0,0,0
240,23220,1351,0,0,0,0,0
240,23382,1305,0,0,0,0,0
240,23043,1298,0,0,0,0,0
240,22722,1275,0,0,0,0,0
240,23001,1302,0,0,0,0,0
240,23168,1340,0,0,0,0,0
246,28176,1502,0,0,0,0,0
246,24337,1369,0,0,0,0,0
246,24114,1405,0,0,0,0,0
246,23528,1421,0,0,0,0,0
246,23777,1401,0,0,0,0,0
246,24472,1422,0,0,0,0,0
246,23563,1399,0,0,0,0,0
246,23479,1351,0,0,0,0,0
246,23522,1383,0,0,0,0,0
246,23743,1357,0,0,0,0,0
246,23654,1421,0,0,0,0,0
246,23754,1369,0,0,0,0,0
246,23346,1405,0,0,0,0,0
246,23629,1345,0,0,0,0,0
246,23635,1432,0,0,0,0,0
246,23723,1432,0,0,0,0,0
246,23215,1384,0,0,0,0,0
246,23343,1418,0,0,0,0,0
246,23786,1389,0,0,0,0,0
246,23772,1349,0,0,0,0,0
252,27541,1464,0,0,0,0,0
252,24629,1385,0,0,0,0,0
252,24162,1347,0,0,0,0,0
252,23766,1445,0,0,0,0,0
252,23717,1343,0,0,0,0,0
252,23452,1379,0,0,0,0,0
252,23931,1359,0,0,0,0,0
252,23884,1394,0,0,0,0,0
252,23719,1397,0,0,0,0,0
252,24444,1407,0,0,0,0,0
252,23969,1380,0,0,0,0,0
252,23690,1461,0,0,0,0,0
252,23436,1380,0,0,0,0,0
252,23360,1332,0,0,0,0,0
252,23448,1401,0,0,0,0,0
252,23158,1407,0,0,0,0,0
252,23264,1386,0,0,0,0,0
252,23311,1374,0,0,0,0,0
252,23718,1385,0,0,0,0,0
252,23485,1428,0,0,0,0,0
258,27820,1582,0,0,0,0,0
258,24220,1483,0,0,0,0,0
258,23983,1410,0,0,0,0,0
258,23690,1404,0,0,0,0,0
258,23447,1419,0,0,0,0,0
258,23951,1404,0,0,0,0,0
258,23801,1369,0,0,0,0,0
258,23789,1411,0,0,0,0,0
258,23594,1345,0,0,0,0,0
258,23745,1369,0,0,0,0,0
258,23441,1418,0,0,0,0,0
258,23449,1374,0,0,0,0,0
258,23587,1431,0,0,0,0,0
258,30085,1386,0,0,0,0,0
258,23854,1398,0,0,0,0,0
258,23442,1338,0,0,0,0,0
258,23197,1449,0,0,0,0,0
258,23684,1400,0,0,0,0,0
258,23679,1350,0,0,0,0,0
258,23563,1394,0,0,0,0,0
264,27427,1539,0,0,0,0,0
264,24019,1439,0,0,0,0,0
264,23621,1413,0,0,0,0,0
264,23520,1507,0,0,0,0,0
264,23263,1413,0,0,0,0,0
264,23578,1365,0,0,0,0,0
264,23779,1394,0,0,0,0,0
264,23862,1407,0,0,0,0,0
264,23997,1424,0,0,0,0,0
264,24031,1396,0,0,0,0,0
264,23727,1407,0,0,0,0,0
264,23372,1375,0,0,0,0,0
264,23497,1379,0,0,0,0,0
264,23662,1432,0,0,0,0,0
264,23249,1419,0,0,0,0,0
264,23444,1383,0,0,0,0,0
264,23440,1386,0,0,0,0,0
264,23448,1528,0,0,0,0,0
264,23870,1404,0,0,0,0,0
264,23764,1441,0,0,0,0,0
270,30869,1532,0,0,0,0,0
270,27472,1383,0,0,0,0,0
270,24287,1448,0,0,0,0,0
270,23896,1467,0,0,0,0,0
270,27088,1360,0,0,0,0,0
270,24294,1419,0,0,0,0,0
270,23688,1407,0,0,0,0,0
270,23951,1447,0,0,0,0,0
270,23988,1386,0,0,0,0,0
270,24285,1384,0,0,0,0,0
270,23935,1414,0,0,0,0,0
270,23601,1340,0,0,0,0,0
270,23826,1384,0,0,0,0,0
270,23464,1364,0,0,0,0,0
270,24277,1368,0,0,0,0,0
270,23444,1337,0,0,0,0,0
270,23564,1410,0,0,0,0,0
270,23717,1417,0,0,0,0,0
270,24110,1370,0,0,0,0,0
270,23895,1367,0,0,0,0,0
276,27906,1593,0,0,0,0,0
276,24285,1420,0,0,0,0,0
276,24040,1409,0,0,0,0,0
276,24033,1437,0,0,0,0,0
276,23342,1424,0,0,0,0,0
276,23298,1397,0,0,0,0,0
276,23791,1364,0,0,0,0,0
276,23777,1342,0,0,0,0,0
276,23518,1395,0,0,0,0,0
276,23700,1336,0,0,0,0,0
276,23763,1329,0,0,0,0,0
276,23712,1391,0,0,0,0,0
276,23503,1381,0,0,0,0,0
276,23530,1393,0,0,0,0,0
276,23491,1349,0,0,0,0,0
276,23556,1427,0,0,0,0,0
276,23076,1381,0,0,0,0,0
276,23364,1391,0,0,0,0,0
276,23465,1406,0,0,0,0,0
276,23715,1406,0,0,0,0,0
282,27560,1512,0,0,0,0,0
282,24586,1441,0,0,0,0,0
282,23835,1412,0,0,0,0,0
282,23517,1377,0,0,0,0,0
282,23533,1385,0,0,0,0,0
282,23784,1362,0,0,0,0,0
282,23518,1359,0,0,0,0,0
282,23197,1395,0,0,0,0,0
282,23795,1401,0,0,0,0,0
282,23666,1392,0,0,0,0,0
282,23338,1319,0,0,0,0,0
282,23193,1369,0,0,0,0,0
282,23723,1398,0,0,0,0,0
282,24058,1391,0,0,0,0,0
282,23435,1408,0,0,0,0,0
282,23652,1377,0,0,0,0,0
282,23658,1450,0,0,0,0,0
282,23540,1384,0,0,0,0,0
282,23402,1413,0,0,0,0,0
282,23200,1359,0,0,0,0,0
288,27731,1459,0,0,0,0,0
288,24016,1410,0,0,0,0,0
288,23796,1446,0,0,0,0,0
288,23575,1378,0,0,0,0,0
288,23667,1441,0,0,0,0,0
288,24040,1449,0,0,0,0,0
288,24079,1408,0,0,0,0,0
288,24049,1382,0,0,0,0,0
288,23864,1385,0,0,0,0,0
288,23933,1354,0,0,0,0,0
288,23340,1367,0,0,0,0,0
288,23518,1389,0,0,0,0,0
288,23611,1384,0,0,0,0,0
288,23429,1389,0,0,0,0,0
288,23299,1385,0,0,0,0,0
288,23456,1377,0,0,0,0,0
288,23697,1353,0,0,0,0,0
288,23697,1360,0,0,0,0,0
288,23635,1361,0,0,0,0,0
288,23724,1333,0,0,0,0,0
294,27908,1541,0,0,0,0,0
294,24324,1491,0,0,0,0,0
294,23806,1393,0,0,0,0,0
294,23926,1412,0,0,0,0,0
294,23573,1429,0,0,0,0,0
294,23747,1424,0,0,0,0,0
294,23619,1449,0,0,0,0,0
294,23746,1437,0,0,0,0,0
294,23518,1448,0,0,0,0,0
294,24502,1433,0,0,0,0,0
294,23601,1475,0,0,0,0,0
294,23733,1418,0,0,0,0,0
294,23610,1426,0,0,0,0,0
294,23855,1423,0,0,0,0,0
294,23653,1404,0,0,0,0,0
294,23599,1411,0,0,0,0,0
294,23685,1452,0,0,0,0,0
294,23238,1420,0,0,0,0,0
294,23444,1410,0,0,0,0,0
294,23476,1414,0,0,0,0,0
300,27623,1544,0,0,0,0,0
300,24075,1531,0,0,0,0,0
300,23571,1494,0,0,0,0,0
300,23476,1473,0,0,0,0,0
300,23657,1459,0,0,0,0,0
300,23916,1415,0,0,0,0,0
300,23733,1423,0,0,0,0,0
300,23765,1414,0,0,0,0,0
300,23096,1486,0,0,0,0,0
300,23284,1388,0,0,0,0,0
300,23894,1460,0,0,0,0,0
300,23488,1413,0,0,0,0,0
300,23504,1367,0,0,0,0,0
300,23603,1533,0,0,0,0,0
300,23782,1394,0,0,0,0,0
300,23437,1369,0,0,0,0,0
300,23489,1436,0,0,0,0,0
300,23713,1478,0,0,0,0,0
300,23664,1484,0,0,0,0,0
300,23917,1446,0,0,0,0,0

Raw Storage Info
========
Storage: Bounties BountyCount (r:1 w:1)
Storage: System Account (r:1 w:1)
Storage: Bounties BountyDescriptions (r:0 w:1)
Storage: Bounties Bounties (r:0 w:1)

Median Slopes Analysis
========
-- Extrinsic Time --

Model:
Time ~=    23.28
    + d    0.001
              µs

Reads = 2 + (0 * d)
Writes = 4 + (0 * d)

Min Squares Analysis
========
-- Extrinsic Time --

Data points distribution:
    d   mean µs  sigma µs       %
    0      22.6     0.114    0.5%
    6     22.85     0.167    0.7%
   12     23.33      0.18    0.7%
   18     23.32     0.168    0.7%
   24     22.93     0.173    0.7%
   30     23.14     0.124    0.5%
   36     23.44     0.073    0.3%
   42     23.46     0.137    0.5%
   48     23.34     0.142    0.6%
   54     23.52     0.185    0.7%
   60     23.61     0.181    0.7%
   66     23.58     0.145    0.6%
   72     23.48     0.072    0.3%
   78     23.48     0.094    0.4%
   84     23.38     0.121    0.5%
   90     23.29     0.084    0.3%
   96     23.38     0.112    0.4%
  102     23.37     0.086    0.3%
  108     23.53     0.079    0.3%
  114     23.46     0.152    0.6%
  120     23.41     0.145    0.6%
  126     23.44     0.095    0.4%
  132     23.82     0.218    0.9%
  138     23.56     0.084    0.3%
  144     23.53     0.122    0.5%
  150     23.67     0.119    0.5%
  156      23.6     0.179    0.7%
  162     23.66     0.098    0.4%
  168     23.46     0.164    0.6%
  174     23.72     0.108    0.4%
  180     23.66     0.117    0.4%
  186     23.63     0.097    0.4%
  192     23.64     0.182    0.7%
  198     23.01     0.071    0.3%
  204     23.46     0.097    0.4%
  210     23.21      0.13    0.5%
  216     23.65     0.202    0.8%
  222     23.55     0.071    0.3%
  228     23.41     0.117    0.4%
  234     23.45     0.088    0.3%
  240      23.1     0.081    0.3%
  246     23.67     0.084    0.3%
  252     23.68     0.161    0.6%
  258     23.69     0.093    0.3%
  264     23.64     0.129    0.5%
  270     23.98     0.175    0.7%
  276     23.62      0.11    0.4%
  282      23.6     0.104    0.4%
  288     23.71     0.107    0.4%
  294     23.67      0.07    0.2%
  300     23.64     0.098    0.4%

Quality and confidence:
param     error
d             0

Model:
Time ~=    23.24
    + d    0.002
              µs

Reads = 2 + (0 * d)
Writes = 4 + (0 * d)

Pallet: "pallet_bounties", Extrinsic: "approve_bounty", Lowest values: [], Highest values: [], Steps: 50, Repeat: 20
extrinsic_time_ns,storage_root_time_ns,reads,repeat_reads,writes,repeat_writes,proof_size_bytes
7862,1484,0,0,0,0,0
6790,1355,0,0,0,0,0
6518,1263,0,0,0,0,0
6680,1319,0,0,0,0,0
6420,1292,0,0,0,0,0
6503,1369,0,0,0,0,0
6525,1335,0,0,0,0,0
6627,1372,0,0,0,0,0
6509,1322,0,0,0,0,0
6621,1332,0,0,0,0,0
6502,1344,0,0,0,0,0
6311,1349,0,0,0,0,0
6418,1356,0,0,0,0,0
6601,1327,0,0,0,0,0
6512,1302,0,0,0,0,0
6562,1304,0,0,0,0,0
6549,1289,0,0,0,0,0
6506,1304,0,0,0,0,0
6577,1345,0,0,0,0,0
6618,1279,0,0,0,0,0

Raw Storage Info
========
Storage: Bounties Bounties (r:1 w:1)
Storage: Bounties BountyApprovals (r:1 w:1)

Median Slopes Analysis
========
-- Extrinsic Time --

Model:
Time ~=    6.549
              µs

Reads = 2
Writes = 2

Min Squares Analysis
========
-- Extrinsic Time --

Model:
Time ~=    6.549
              µs

Reads = 2
Writes = 2

Pallet: "pallet_bounties", Extrinsic: "propose_curator", Lowest values: [], Highest values: [], Steps: 50, Repeat: 20
extrinsic_time_ns,storage_root_time_ns,reads,repeat_reads,writes,repeat_writes,proof_size_bytes
6587,1505,0,0,0,0,0
5601,1359,0,0,0,0,0
5467,1326,0,0,0,0,0
5469,1374,0,0,0,0,0
5945,1376,0,0,0,0,0
5531,1302,0,0,0,0,0
5468,1304,0,0,0,0,0
5707,1353,0,0,0,0,0
5419,1329,0,0,0,0,0
5276,1376,0,0,0,0,0
5605,1344,0,0,0,0,0
5513,1317,0,0,0,0,0
5615,1324,0,0,0,0,0
5430,1341,0,0,0,0,0
5352,1345,0,0,0,0,0
5331,1309,0,0,0,0,0
5432,1362,0,0,0,0,0
5230,1318,0,0,0,0,0
5570,1342,0,0,0,0,0
5075,1357,0,0,0,0,0

Raw Storage Info
========
Storage: Bounties Bounties (r:1 w:1)

Median Slopes Analysis
========
-- Extrinsic Time --

Model:
Time ~=    5.469
              µs

Reads = 1
Writes = 1

Min Squares Analysis
========
-- Extrinsic Time --

Model:
Time ~=    5.469
              µs

Reads = 1
Writes = 1

Pallet: "pallet_bounties", Extrinsic: "unassign_curator", Lowest values: [], Highest values: [], Steps: 50, Repeat: 20
extrinsic_time_ns,storage_root_time_ns,reads,repeat_reads,writes,repeat_writes,proof_size_bytes
28277,1658,0,0,0,0,0
26644,1527,0,0,0,0,0
26492,1513,0,0,0,0,0
26352,1501,0,0,0,0,0
26155,1520,0,0,0,0,0
26177,1494,0,0,0,0,0
26704,1495,0,0,0,0,0
26504,1475,0,0,0,0,0
26618,1551,0,0,0,0,0
26590,1500,0,0,0,0,0
26286,1524,0,0,0,0,0
26602,1470,0,0,0,0,0
26385,1512,0,0,0,0,0
31257,1562,0,0,0,0,0
26887,1563,0,0,0,0,0
26706,1532,0,0,0,0,0
26467,1595,0,0,0,0,0
26637,1435,0,0,0,0,0
26624,1538,0,0,0,0,0
26828,1492,0,0,0,0,0

Raw Storage Info
========
Storage: Bounties Bounties (r:1 w:1)
Storage: System Account (r:1 w:1)

Median Slopes Analysis
========
-- Extrinsic Time --

Model:
Time ~=    26.61
              µs

Reads = 2
Writes = 2

Min Squares Analysis
========
-- Extrinsic Time --

Model:
Time ~=    26.61
              µs

Reads = 2
Writes = 2

Pallet: "pallet_bounties", Extrinsic: "accept_curator", Lowest values: [], Highest values: [], Steps: 50, Repeat: 20
extrinsic_time_ns,storage_root_time_ns,reads,repeat_reads,writes,repeat_writes,proof_size_bytes
22515,1552,0,0,0,0,0
20856,1464,0,0,0,0,0
20896,1446,0,0,0,0,0
20929,1400,0,0,0,0,0
21194,1410,0,0,0,0,0
20670,1420,0,0,0,0,0
21434,1473,0,0,0,0,0
21223,1417,0,0,0,0,0
20626,1406,0,0,0,0,0
21245,1420,0,0,0,0,0
21331,1421,0,0,0,0,0
20704,1388,0,0,0,0,0
21084,1425,0,0,0,0,0
20760,1407,0,0,0,0,0
20954,1416,0,0,0,0,0
21069,1376,0,0,0,0,0
20958,1461,0,0,0,0,0
20638,1397,0,0,0,0,0
21140,1356,0,0,0,0,0
20534,1425,0,0,0,0,0

Raw Storage Info
========
Storage: Bounties Bounties (r:1 w:1)
Storage: System Account (r:1 w:1)

Median Slopes Analysis
========
-- Extrinsic Time --

Model:
Time ~=    20.95
              µs

Reads = 2
Writes = 2

Min Squares Analysis
========
-- Extrinsic Time --

Model:
Time ~=    20.95
              µs

Reads = 2
Writes = 2

Pallet: "pallet_bounties", Extrinsic: "award_bounty", Lowest values: [], Highest values: [], Steps: 50, Repeat: 20
extrinsic_time_ns,storage_root_time_ns,reads,repeat_reads,writes,repeat_writes,proof_size_bytes
18221,1614,0,0,0,0,0
17391,1506,0,0,0,0,0
17382,1502,0,0,0,0,0
17426,1500,0,0,0,0,0
16734,1413,0,0,0,0,0
17118,1444,0,0,0,0,0
17445,1492,0,0,0,0,0
17212,1525,0,0,0,0,0
17207,1500,0,0,0,0,0
17258,1498,0,0,0,0,0
17156,1481,0,0,0,0,0
17259,1458,0,0,0,0,0
16631,1442,0,0,0,0,0
17482,1468,0,0,0,0,0
16854,1501,0,0,0,0,0
17030,1472,0,0,0,0,0
17191,1485,0,0,0,0,0
17482,1435,0,0,0,0,0
16931,1461,0,0,0,0,0
16991,1462,0,0,0,0,0

Raw Storage Info
========
Storage: Bounties Bounties (r:1 w:1)
Storage: ChildBounties ParentChildBounties (r:1 w:0)

Median Slopes Analysis
========
-- Extrinsic Time --

Model:
Time ~=    17.21
              µs

Reads = 2
Writes = 1

Min Squares Analysis
========
-- Extrinsic Time --

Model:
Time ~=    17.21
              µs

Reads = 2
Writes = 1

Pallet: "pallet_bounties", Extrinsic: "claim_bounty", Lowest values: [], Highest values: [], Steps: 50, Repeat: 20
extrinsic_time_ns,storage_root_time_ns,reads,repeat_reads,writes,repeat_writes,proof_size_bytes
60317,1604,0,0,0,0,0
59132,1491,0,0,0,0,0
58829,1423,0,0,0,0,0
58573,1486,0,0,0,0,0
59179,1459,0,0,0,0,0
59363,1541,0,0,0,0,0
59174,1473,0,0,0,0,0
59151,1506,0,0,0,0,0
59169,1499,0,0,0,0,0
58648,1510,0,0,0,0,0
58679,1444,0,0,0,0,0
58776,21630,0,0,0,0,0
59536,1509,0,0,0,0,0
58369,1481,0,0,0,0,0
58824,1472,0,0,0,0,0
59171,1435,0,0,0,0,0
58800,1475,0,0,0,0,0
59053,1536,0,0,0,0,0
58915,1502,0,0,0,0,0
58672,1485,0,0,0,0,0

Raw Storage Info
========
Storage: Bounties Bounties (r:1 w:1)
Storage: System Account (r:3 w:3)
Storage: ChildBounties ChildrenCuratorFees (r:1 w:1)
Storage: Bounties BountyDescriptions (r:0 w:1)

Median Slopes Analysis
========
-- Extrinsic Time --

Model:
Time ~=    59.05
              µs

Reads = 5
Writes = 6

Min Squares Analysis
========
-- Extrinsic Time --

Model:
Time ~=    59.05
              µs

Reads = 5
Writes = 6

Pallet: "pallet_bounties", Extrinsic: "close_bounty_proposed", Lowest values: [], Highest values: [], Steps: 50, Repeat: 20
extrinsic_time_ns,storage_root_time_ns,reads,repeat_reads,writes,repeat_writes,proof_size_bytes
35275,1517,0,0,0,0,0
28171,1436,0,0,0,0,0
27871,1376,0,0,0,0,0
28068,1371,0,0,0,0,0
27685,1433,0,0,0,0,0
27733,1397,0,0,0,0,0
27254,1410,0,0,0,0,0
27553,1389,0,0,0,0,0
27720,1472,0,0,0,0,0
27299,1380,0,0,0,0,0
27419,1450,0,0,0,0,0
27472,1403,0,0,0,0,0
27581,1409,0,0,0,0,0
27412,1447,0,0,0,0,0
27703,1392,0,0,0,0,0
27672,1432,0,0,0,0,0
27565,1382,0,0,0,0,0
27854,1372,0,0,0,0,0
27600,1384,0,0,0,0,0
27844,1376,0,0,0,0,0

Raw Storage Info
========
Storage: Bounties Bounties (r:1 w:1)
Storage: ChildBounties ParentChildBounties (r:1 w:0)
Storage: System Account (r:1 w:1)
Storage: Bounties BountyDescriptions (r:0 w:1)

Median Slopes Analysis
========
-- Extrinsic Time --

Model:
Time ~=    27.68
              µs

Reads = 3
Writes = 3

Min Squares Analysis
========
-- Extrinsic Time --

Model:
Time ~=    27.68
              µs

Reads = 3
Writes = 3

Pallet: "pallet_bounties", Extrinsic: "close_bounty_active", Lowest values: [], Highest values: [], Steps: 50, Repeat: 20
extrinsic_time_ns,storage_root_time_ns,reads,repeat_reads,writes,repeat_writes,proof_size_bytes
46802,1656,0,0,0,0,0
44682,1515,0,0,0,0,0
44148,1552,0,0,0,0,0
44660,1552,0,0,0,0,0
44782,1568,0,0,0,0,0
44365,1545,0,0,0,0,0
44263,1491,0,0,0,0,0
44735,1526,0,0,0,0,0
44623,1625,0,0,0,0,0
45139,1552,0,0,0,0,0
44790,1519,0,0,0,0,0
44760,1558,0,0,0,0,0
44810,1512,0,0,0,0,0
44078,1536,0,0,0,0,0
44241,1473,0,0,0,0,0
43752,1553,0,0,0,0,0
45306,1504,0,0,0,0,0
44583,1537,0,0,0,0,0
44721,1509,0,0,0,0,0
44227,1507,0,0,0,0,0

Raw Storage Info
========
Storage: Bounties Bounties (r:1 w:1)
Storage: ChildBounties ParentChildBounties (r:1 w:0)
Storage: System Account (r:2 w:2)
Storage: Bounties BountyDescriptions (r:0 w:1)

Median Slopes Analysis
========
-- Extrinsic Time --

Model:
Time ~=    44.68
              µs

Reads = 4
Writes = 4

Min Squares Analysis
========
-- Extrinsic Time --

Model:
Time ~=    44.68
              µs

Reads = 4
Writes = 4

Pallet: "pallet_bounties", Extrinsic: "extend_bounty_expiry", Lowest values: [], Highest values: [], Steps: 50, Repeat: 20
extrinsic_time_ns,storage_root_time_ns,reads,repeat_reads,writes,repeat_writes,proof_size_bytes
16102,1616,0,0,0,0,0
14794,1465,0,0,0,0,0
14848,1475,0,0,0,0,0
14529,1468,0,0,0,0,0
14806,1497,0,0,0,0,0
14793,1413,0,0,0,0,0
14741,1458,0,0,0,0,0
14654,1436,0,0,0,0,0
14978,1477,0,0,0,0,0
14981,1515,0,0,0,0,0
15119,1504,0,0,0,0,0
15032,1435,0,0,0,0,0
14714,1564,0,0,0,0,0
14919,1474,0,0,0,0,0
14565,1470,0,0,0,0,0
14722,1464,0,0,0,0,0
14459,1452,0,0,0,0,0
14907,1437,0,0,0,0,0
14833,1513,0,0,0,0,0
14652,1414,0,0,0,0,0

Raw Storage Info
========
Storage: Bounties Bounties (r:1 w:1)

Median Slopes Analysis
========
-- Extrinsic Time --

Model:
Time ~=     14.8
              µs

Reads = 1
Writes = 1

Min Squares Analysis
========
-- Extrinsic Time --

Model:
Time ~=     14.8
              µs

Reads = 1
Writes = 1

Pallet: "pallet_bounties", Extrinsic: "spend_funds", Lowest values: [], Highest values: [], Steps: 50, Repeat: 20
b,extrinsic_time_ns,storage_root_time_ns,reads,repeat_reads,writes,repeat_writes,proof_size_bytes
1,43611,1551,0,0,0,0,0
1,41302,1465,0,0,0,0,0
1,41983,1443,0,0,0,0,0
1,42144,1491,0,0,0,0,0
1,41393,1428,0,0,0,0,0
1,41868,1519,0,0,0,0,0
1,41825,1468,0,0,0,0,0
1,41624,1550,0,0,0,0,0
1,45517,1462,0,0,0,0,0
1,41921,1481,0,0,0,0,0
1,42056,1430,0,0,0,0,0
1,41679,1442,0,0,0,0,0
1,41684,1400,0,0,0,0,0
1,42079,1401,0,0,0,0,0
1,41986,1381,0,0,0,0,0
1,41679,1447,0,0,0,0,0
1,41769,1479,0,0,0,0,0
1,47641,1568,0,0,0,0,0
1,41886,1426,0,0,0,0,0
1,41880,1510,0,0,0,0,0
2,68816,1590,0,0,0,0,0
2,68208,1492,0,0,0,0,0
2,67220,1504,0,0,0,0,0
2,67810,1445,0,0,0,0,0
2,67025,2410,0,0,0,0,0
2,80301,1501,0,0,0,0,0
2,66679,1525,0,0,0,0,0
2,67092,1431,0,0,0,0,0
2,67587,1445,0,0,0,0,0
2,66845,1489,0,0,0,0,0
2,67792,1523,0,0,0,0,0
2,67913,1496,0,0,0,0,0
2,66865,1465,0,0,0,0,0
2,67528,1466,0,0,0,0,0
2,67332,1440,0,0,0,0,0
2,66921,1458,0,0,0,0,0
2,67812,1481,0,0,0,0,0
2,67471,1475,0,0,0,0,0
2,67162,1422,0,0,0,0,0
2,66967,1427,0,0,0,0,0
3,108728,1626,0,0,0,0,0
3,123137,1482,0,0,0,0,0
3,95022,1467,0,0,0,0,0
3,96107,1466,0,0,0,0,0
3,93934,1517,0,0,0,0,0
3,95153,1477,0,0,0,0,0
3,94342,1489,0,0,0,0,0
3,95042,1504,0,0,0,0,0
3,95027,1484,0,0,0,0,0
3,94489,1450,0,0,0,0,0
3,94486,1466,0,0,0,0,0
3,94435,1437,0,0,0,0,0
3,94850,1451,0,0,0,0,0
3,95013,1460,0,0,0,0,0
3,94450,1433,0,0,0,0,0
3,95206,1467,0,0,0,0,0
3,94042,1470,0,0,0,0,0
3,93774,1500,0,0,0,0,0
3,95592,1539,0,0,0,0,0
3,94440,1506,0,0,0,0,0
4,123149,1709,0,0,0,0,0
4,122808,1541,0,0,0,0,0
4,122653,1514,0,0,0,0,0
4,122023,1560,0,0,0,0,0
4,121789,1470,0,0,0,0,0
4,121917,1517,0,0,0,0,0
4,122237,1762,0,0,0,0,0
4,123394,1531,0,0,0,0,0
4,121634,1432,0,0,0,0,0
4,121822,1532,0,0,0,0,0
4,121405,1551,0,0,0,0,0
4,121699,1504,0,0,0,0,0
4,121490,1511,0,0,0,0,0
4,120643,1459,0,0,0,0,0
4,121439,1532,0,0,0,0,0
4,123545,1523,0,0,0,0,0
4,120098,1585,0,0,0,0,0
4,121253,1503,0,0,0,0,0
4,120896,1571,0,0,0,0,0
4,121738,1525,0,0,0,0,0
5,149514,1694,0,0,0,0,0
5,147668,1512,0,0,0,0,0
5,148079,1510,0,0,0,0,0
5,148717,1509,0,0,0,0,0
5,148528,1450,0,0,0,0,0
5,149301,1539,0,0,0,0,0
5,147405,1419,0,0,0,0,0
5,148842,1488,0,0,0,0,0
5,148230,1507,0,0,0,0,0
5,148055,1530,0,0,0,0,0
5,148743,1541,0,0,0,0,0
5,148166,1452,0,0,0,0,0
5,148077,1467,0,0,0,0,0
5,149463,1500,0,0,0,0,0
5,149162,1591,0,0,0,0,0
5,147772,1554,0,0,0,0,0
5,147492,1520,0,0,0,0,0
5,148188,1515,0,0,0,0,0
5,148575,1594,0,0,0,0,0
5,147819,1461,0,0,0,0,0
6,176272,1655,0,0,0,0,0
6,175545,1605,0,0,0,0,0
6,174749,1565,0,0,0,0,0
6,173998,1571,0,0,0,0,0
6,175543,1631,0,0,0,0,0
6,174471,1645,0,0,0,0,0
6,174083,1557,0,0,0,0,0
6,174645,1544,0,0,0,0,0
6,175026,1588,0,0,0,0,0
6,173994,1525,0,0,0,0,0
6,173899,1634,0,0,0,0,0
6,173836,1525,0,0,0,0,0
6,174452,1574,0,0,0,0,0
6,174851,1525,0,0,0,0,0
6,175717,1600,0,0,0,0,0
6,174632,1571,0,0,0,0,0
6,174066,1628,0,0,0,0,0
6,174369,1580,0,0,0,0,0
6,175173,1599,0,0,0,0,0
6,174364,1479,0,0,0,0,0
7,202472,1760,0,0,0,0,0
7,198189,1494,0,0,0,0,0
7,201164,1529,0,0,0,0,0
7,201573,1610,0,0,0,0,0
7,199562,1568,0,0,0,0,0
7,200592,1559,0,0,0,0,0
7,200159,1498,0,0,0,0,0
7,200343,1562,0,0,0,0,0
7,200761,1558,0,0,0,0,0
7,238655,1537,0,0,0,0,0
7,200499,1534,0,0,0,0,0
7,199387,1518,0,0,0,0,0
7,200096,1544,0,0,0,0,0
7,200027,1555,0,0,0,0,0
7,199148,1575,0,0,0,0,0
7,200034,1560,0,0,0,0,0
7,201027,1559,0,0,0,0,0
7,200046,1530,0,0,0,0,0
7,199228,1615,0,0,0,0,0
7,198255,1547,0,0,0,0,0
8,229413,1751,0,0,0,0,0
8,227804,1645,0,0,0,0,0
8,227248,1595,0,0,0,0,0
8,229137,1625,0,0,0,0,0
8,227466,1601,0,0,0,0,0
8,226150,1683,0,0,0,0,0
8,227816,1662,0,0,0,0,0
8,226287,1563,0,0,0,0,0
8,228519,1531,0,0,0,0,0
8,228462,1527,0,0,0,0,0
8,227530,1657,0,0,0,0,0
8,227069,1593,0,0,0,0,0
8,226968,1614,0,0,0,0,0
8,245494,1613,0,0,0,0,0
8,226072,1571,0,0,0,0,0
8,266274,1600,0,0,0,0,0
8,227454,1666,0,0,0,0,0
8,226705,1534,0,0,0,0,0
8,227103,1577,0,0,0,0,0
8,227718,1568,0,0,0,0,0
9,255959,1666,0,0,0,0,0
9,256093,1633,0,0,0,0,0
9,256410,1590,0,0,0,0,0
9,256653,1675,0,0,0,0,0
9,255495,1671,0,0,0,0,0
9,257810,1591,0,0,0,0,0
9,256429,1619,0,0,0,0,0
9,295182,1656,0,0,0,0,0
9,253955,1575,0,0,0,0,0
9,253642,1590,0,0,0,0,0
9,256449,1617,0,0,0,0,0
9,255137,1532,0,0,0,0,0
9,256419,1584,0,0,0,0,0
9,255942,1562,0,0,0,0,0
9,257626,1628,0,0,0,0,0
9,257912,1713,0,0,0,0,0
9,257282,1644,0,0,0,0,0
9,254821,1562,0,0,0,0,0
9,255973,1624,0,0,0,0,0
9,254710,1563,0,0,0,0,0
10,286696,1699,0,0,0,0,0
10,311336,1667,0,0,0,0,0
10,286624,1585,0,0,0,0,0
10,285271,1624,0,0,0,0,0
10,285432,1658,0,0,0,0,0
10,286791,1632,0,0,0,0,0
10,285550,1603,0,0,0,0,0
10,284822,1587,0,0,0,0,0
10,286508,1549,0,0,0,0,0
10,282294,1693,0,0,0,0,0
10,284498,1596,0,0,0,0,0
10,283749,1615,0,0,0,0,0
10,282807,1580,0,0,0,0,0
10,285546,1593,0,0,0,0,0
10,284115,1677,0,0,0,0,0
10,285001,1607,0,0,0,0,0
10,282584,1603,0,0,0,0,0
10,284556,1591,0,0,0,0,0
10,283764,1608,0,0,0,0,0
10,285335,1628,0,0,0,0,0
11,307365,1796,0,0,0,0,0
11,306042,1630,0,0,0,0,0
11,308363,1629,0,0,0,0,0
11,309931,1588,0,0,0,0,0
11,308723,1630,0,0,0,0,0
11,307469,1650,0,0,0,0,0
11,308955,1604,0,0,0,0,0
11,309397,1583,0,0,0,0,0
11,349265,1594,0,0,0,0,0
11,336094,1655,0,0,0,0,0
11,306422,1587,0,0,0,0,0
11,308102,1603,0,0,0,0,0
11,318860,1652,0,0,0,0,0
11,308760,1602,0,0,0,0,0
11,306209,1562,0,0,0,0,0
11,307862,1630,0,0,0,0,0
11,306794,1631,0,0,0,0,0
11,306071,1659,0,0,0,0,0
11,308077,1636,0,0,0,0,0
11,308061,1594,0,0,0,0,0
12,336594,1781,0,0,0,0,0
12,334397,1641,0,0,0,0,0
12,336846,1634,0,0,0,0,0
12,338406,1636,0,0,0,0,0
12,333338,1712,0,0,0,0,0
12,335442,1612,0,0,0,0,0
12,336268,1679,0,0,0,0,0
12,334949,1627,0,0,0,0,0
12,353049,1591,0,0,0,0,0
12,334522,1672,0,0,0,0,0
12,335243,1576,0,0,0,0,0
12,335868,1624,0,0,0,0,0
12,337126,1639,0,0,0,0,0
12,334436,1689,0,0,0,0,0
12,334529,1607,0,0,0,0,0
12,370493,1712,0,0,0,0,0
12,333101,1654,0,0,0,0,0
12,334095,1594,0,0,0,0,0
12,333115,1586,0,0,0,0,0
12,335785,1621,0,0,0,0,0
13,363904,1905,0,0,0,0,0
13,361502,1801,0,0,0,0,0
13,376826,1733,0,0,0,0,0
13,363687,1642,0,0,0,0,0
13,363630,1638,0,0,0,0,0
13,363774,1685,0,0,0,0,0
13,361879,1620,0,0,0,0,0
13,363481,1678,0,0,0,0,0
13,391062,1696,0,0,0,0,0
13,363230,1640,0,0,0,0,0
13,364049,1664,0,0,0,0,0
13,362688,1707,0,0,0,0,0
13,363970,1714,0,0,0,0,0
13,360982,1734,0,0,0,0,0
13,362344,1673,0,0,0,0,0
13,364169,1683,0,0,0,0,0
13,361493,1693,0,0,0,0,0
13,364842,1617,0,0,0,0,0
13,363656,1637,0,0,0,0,0
13,360881,1632,0,0,0,0,0
14,392787,1810,0,0,0,0,0
14,394272,1718,0,0,0,0,0
14,390695,1644,0,0,0,0,0
14,393080,1755,0,0,0,0,0
14,392140,1751,0,0,0,0,0
14,393142,1710,0,0,0,0,0
14,394764,1720,0,0,0,0,0
14,392412,1628,0,0,0,0,0
14,393451,1730,0,0,0,0,0
14,390067,1671,0,0,0,0,0
14,391583,1703,0,0,0,0,0
14,395962,1705,0,0,0,0,0
14,390379,1710,0,0,0,0,0
14,391024,1668,0,0,0,0,0
14,391190,1678,0,0,0,0,0
14,394755,1711,0,0,0,0,0
14,392176,1774,0,0,0,0,0
14,392364,1705,0,0,0,0,0
14,392445,1695,0,0,0,0,0
14,417051,1654,0,0,0,0,0
15,415923,1776,0,0,0,0,0
15,416952,1697,0,0,0,0,0
15,415395,1682,0,0,0,0,0
15,417466,1732,0,0,0,0,0
15,418252,1745,0,0,0,0,0
15,414592,1702,0,0,0,0,0
15,416633,1684,0,0,0,0,0
15,415043,1803,0,0,0,0,0
15,413378,1643,0,0,0,0,0
15,417146,1725,0,0,0,0,0
15,415360,1695,0,0,0,0,0
15,415582,1657,0,0,0,0,0
15,413360,1746,0,0,0,0,0
15,414331,1709,0,0,0,0,0
15,413778,1709,0,0,0,0,0
15,416859,1749,0,0,0,0,0
15,415202,1713,0,0,0,0,0
15,415863,1745,0,0,0,0,0
15,454138,1716,0,0,0,0,0
15,416539,1717,0,0,0,0,0
16,442751,1857,0,0,0,0,0
16,441710,1717,0,0,0,0,0
16,443342,1706,0,0,0,0,0
16,440163,1670,0,0,0,0,0
16,442121,1655,0,0,0,0,0
16,481974,1745,0,0,0,0,0
16,440545,1679,0,0,0,0,0
16,443631,1743,0,0,0,0,0
16,440810,1684,0,0,0,0,0
16,441767,1620,0,0,0,0,0
16,441799,1654,0,0,0,0,0
16,498802,1640,0,0,0,0,0
16,440889,1616,0,0,0,0,0
16,481733,1687,0,0,0,0,0
16,440824,1730,0,0,0,0,0
16,441074,1691,0,0,0,0,0
16,440845,1702,0,0,0,0,0
16,440218,1668,0,0,0,0,0
16,442080,1705,0,0,0,0,0
16,440559,1707,0,0,0,0,0
17,474329,1911,0,0,0,0,0
17,471874,1681,0,0,0,0,0
17,468647,1656,0,0,0,0,0
17,469371,1707,0,0,0,0,0
17,471996,1640,0,0,0,0,0
17,469710,1713,0,0,0,0,0
17,469002,1713,0,0,0,0,0
17,470390,1776,0,0,0,0,0
17,468712,1709,0,0,0,0,0
17,474860,1857,0,0,0,0,0
17,468463,1756,0,0,0,0,0
17,469770,1661,0,0,0,0,0
17,507846,1788,0,0,0,0,0
17,469139,1700,0,0,0,0,0
17,469540,1712,0,0,0,0,0
17,470870,1726,0,0,0,0,0
17,470441,1721,0,0,0,0,0
17,509923,1752,0,0,0,0,0
17,468948,1754,0,0,0,0,0
17,500543,1738,0,0,0,0,0
18,501855,1771,0,0,0,0,0
18,496968,1633,0,0,0,0,0
18,495530,1700,0,0,0,0,0
18,499374,1656,0,0,0,0,0
18,535325,1687,0,0,0,0,0
18,494671,1710,0,0,0,0,0
18,497133,1733,0,0,0,0,0
18,498200,1685,0,0,0,0,0
18,497159,1709,0,0,0,0,0
18,533789,1690,0,0,0,0,0
18,497086,1625,0,0,0,0,0
18,501692,1718,0,0,0,0,0
18,496244,1670,0,0,0,0,0
18,496145,1698,0,0,0,0,0
18,535401,1701,0,0,0,0,0
18,497728,1747,0,0,0,0,0
18,495815,1671,0,0,0,0,0
18,497726,1671,0,0,0,0,0
18,497876,1700,0,0,0,0,0
18,534602,1646,0,0,0,0,0
19,580717,1882,0,0,0,0,0
19,526357,1799,0,0,0,0,0
19,522610,1776,0,0,0,0,0
19,525939,1665,0,0,0,0,0
19,561290,1788,0,0,0,0,0
19,522845,1733,0,0,0,0,0
19,523442,1734,0,0,0,0,0
19,527022,1783,0,0,0,0,0
19,522600,1715,0,0,0,0,0
19,521071,1773,0,0,0,0,0
19,521387,1764,0,0,0,0,0
19,563189,1831,0,0,0,0,0
19,522779,1642,0,0,0,0,0
19,522708,1759,0,0,0,0,0
19,522878,1756,0,0,0,0,0
19,526462,1707,0,0,0,0,0
19,522268,1773,0,0,0,0,0
19,527246,1765,0,0,0,0,0
19,525403,1772,0,0,0,0,0
19,522291,1760,0,0,0,0,0
20,549720,1852,0,0,0,0,0
20,616913,1738,0,0,0,0,0
20,588000,1746,0,0,0,0,0
20,548020,1654,0,0,0,0,0
20,550856,1728,0,0,0,0,0
20,550080,1706,0,0,0,0,0
20,548737,1780,0,0,0,0,0
20,547944,1687,0,0,0,0,0
20,550359,1744,0,0,0,0,0
20,546500,1676,0,0,0,0,0
20,547685,1753,0,0,0,0,0
20,601304,1780,0,0,0,0,0
20,550154,1697,0,0,0,0,0
20,550574,1770,0,0,0,0,0
20,549119,1736,0,0,0,0,0
20,548409,1688,0,0,0,0,0
20,548692,1604,0,0,0,0,0
20,548027,1723,0,0,0,0,0
20,549982,1643,0,0,0,0,0
20,549337,1707,0,0,0,0,0
21,574912,1881,0,0,0,0,0
21,574000,1780,0,0,0,0,0
21,577129,1650,0,0,0,0,0
21,643493,1930,0,0,0,0,0
21,601969,1834,0,0,0,0,0
21,619343,1883,0,0,0,0,0
21,582202,1722,0,0,0,0,0
21,614724,1745,0,0,0,0,0
21,572754,1754,0,0,0,0,0
21,572201,1849,0,0,0,0,0
21,605728,1824,0,0,0,0,0
21,577681,1704,0,0,0,0,0
21,579779,1818,0,0,0,0,0
21,578339,1772,0,0,0,0,0
21,579281,1720,0,0,0,0,0
21,579013,1671,0,0,0,0,0
21,575253,1820,0,0,0,0,0
21,576066,1684,0,0,0,0,0
21,576562,1746,0,0,0,0,0
21,575602,1762,0,0,0,0,0
22,639196,1885,0,0,0,0,0
22,603706,1842,0,0,0,0,0
22,639078,1732,0,0,0,0,0
22,601278,1687,0,0,0,0,0
22,638801,1835,0,0,0,0,0
22,599313,1699,0,0,0,0,0
22,638966,1772,0,0,0,0,0
22,603091,1724,0,0,0,0,0
22,600055,1791,0,0,0,0,0
22,604738,1833,0,0,0,0,0
22,650868,2029,0,0,0,0,0
22,626862,1804,0,0,0,0,0
22,616525,1933,0,0,0,0,0
22,601019,1737,0,0,0,0,0
22,600942,1840,0,0,0,0,0
22,595645,1783,0,0,0,0,0
22,601701,1760,0,0,0,0,0
22,624066,1844,0,0,0,0,0
22,603243,1723,0,0,0,0,0
22,602893,1765,0,0,0,0,0
23,628733,1847,0,0,0,0,0
23,625363,1811,0,0,0,0,0
23,628315,1792,0,0,0,0,0
23,628345,1805,0,0,0,0,0
23,626049,1826,0,0,0,0,0
23,624135,1702,0,0,0,0,0
23,628224,1803,0,0,0,0,0
23,624291,1804,0,0,0,0,0
23,627091,1848,0,0,0,0,0
23,624626,1676,0,0,0,0,0
23,627722,1770,0,0,0,0,0
23,625594,1798,0,0,0,0,0
23,690367,1741,0,0,0,0,0
23,625046,1732,0,0,0,0,0
23,621797,1788,0,0,0,0,0
23,627936,1944,0,0,0,0,0
23,650487,1805,0,0,0,0,0
23,628411,1858,0,0,0,0,0
23,626970,1746,0,0,0,0,0
23,627632,1807,0,0,0,0,0
24,657180,1936,0,0,0,0,0
24,656006,1858,0,0,0,0,0
24,653420,1825,0,0,0,0,0
24,680762,1785,0,0,0,0,0
24,653757,1782,0,0,0,0,0
24,692501,1727,0,0,0,0,0
24,653372,1767,0,0,0,0,0
24,695400,1759,0,0,0,0,0
24,653802,1814,0,0,0,0,0
24,661318,1782,0,0,0,0,0
24,663491,1800,0,0,0,0,0
24,660401,1753,0,0,0,0,0
24,654060,1765,0,0,0,0,0
24,653157,1789,0,0,0,0,0
24,652543,1766,0,0,0,0,0
24,653810,1810,0,0,0,0,0
24,654657,1755,0,0,0,0,0
24,652374,1841,0,0,0,0,0
24,655061,1747,0,0,0,0,0
24,671061,1839,0,0,0,0,0
25,689419,1882,0,0,0,0,0
25,686840,1796,0,0,0,0,0
25,685521,1831,0,0,0,0,0
25,682773,1764,0,0,0,0,0
25,686056,1749,0,0,0,0,0
25,688574,1841,0,0,0,0,0
25,685769,1718,0,0,0,0,0
25,728609,1858,0,0,0,0,0
25,687947,1775,0,0,0,0,0
25,727759,1851,0,0,0,0,0
25,688841,1773,0,0,0,0,0
25,687148,1817,0,0,0,0,0
25,685222,1747,0,0,0,0,0
25,689245,1805,0,0,0,0,0
25,687502,1776,0,0,0,0,0
25,691913,1805,0,0,0,0,0
25,687243,1770,0,0,0,0,0
25,689839,1831,0,0,0,0,0
25,717079,1777,0,0,0,0,0
25,689225,1753,0,0,0,0,0
26,712241,1836,0,0,0,0,0
26,711487,1850,0,0,0,0,0
26,749722,1799,0,0,0,0,0
26,707662,1750,0,0,0,0,0
26,712005,1767,0,0,0,0,0
26,707196,1803,0,0,0,0,0
26,712726,1833,0,0,0,0,0
26,741365,1732,0,0,0,0,0
26,707003,1735,0,0,0,0,0
26,748907,1720,0,0,0,0,0
26,708119,1776,0,0,0,0,0
26,747949,1871,0,0,0,0,0
26,712360,1783,0,0,0,0,0
26,710387,1751,0,0,0,0,0
26,712804,1803,0,0,0,0,0
26,715342,1747,0,0,0,0,0
26,709191,1764,0,0,0,0,0
26,712944,1867,0,0,0,0,0
26,737503,1763,0,0,0,0,0
26,707856,1744,0,0,0,0,0
27,732077,1836,0,0,0,0,0
27,754657,1765,0,0,0,0,0
27,729639,1764,0,0,0,0,0
27,767416,1814,0,0,0,0,0
27,728761,1775,0,0,0,0,0
27,727735,1746,0,0,0,0,0
27,761929,1710,0,0,0,0,0
27,728790,1733,0,0,0,0,0
27,761341,1755,0,0,0,0,0
27,731120,1751,0,0,0,0,0
27,729703,1698,0,0,0,0,0
27,730518,1763,0,0,0,0,0
27,727840,1767,0,0,0,0,0
27,728948,1820,0,0,0,0,0
27,728483,1823,0,0,0,0,0
27,732893,1800,0,0,0,0,0
27,733394,1750,0,0,0,0,0
27,731486,1760,0,0,0,0,0
27,727999,1774,0,0,0,0,0
27,728408,1779,0,0,0,0,0
28,763248,1949,0,0,0,0,0
28,770751,1880,0,0,0,0,0
28,761956,1776,0,0,0,0,0
28,756273,1782,0,0,0,0,0
28,798530,1806,0,0,0,0,0
28,766110,1785,0,0,0,0,0
28,767052,1801,0,0,0,0,0
28,761880,1769,0,0,0,0,0
28,760765,1754,0,0,0,0,0
28,797163,1858,0,0,0,0,0
28,762787,1750,0,0,0,0,0
28,763683,1732,0,0,0,0,0
28,762136,1703,0,0,0,0,0
28,770364,1791,0,0,0,0,0
28,763698,1790,0,0,0,0,0
28,762597,1818,0,0,0,0,0
28,804435,1817,0,0,0,0,0
28,762543,1788,0,0,0,0,0
28,758711,1725,0,0,0,0,0
28,787215,1782,0,0,0,0,0
29,792226,1812,0,0,0,0,0
29,790821,1774,0,0,0,0,0
29,830281,1719,0,0,0,0,0
29,795282,1745,0,0,0,0,0
29,793807,1774,0,0,0,0,0
29,795846,1775,0,0,0,0,0
29,791555,1715,0,0,0,0,0
29,826799,1773,0,0,0,0,0
29,793002,1729,0,0,0,0,0
29,790487,1710,0,0,0,0,0
29,789625,1739,0,0,0,0,0
29,791313,1662,0,0,0,0,0
29,829403,1691,0,0,0,0,0
29,791478,1772,0,0,0,0,0
29,792675,1757,0,0,0,0,0
29,790329,1810,0,0,0,0,0
29,789184,1720,0,0,0,0,0
29,794355,1792,0,0,0,0,0
29,807283,1714,0,0,0,0,0
29,792303,1787,0,0,0,0,0
30,817385,1774,0,0,0,0,0
30,817012,1815,0,0,0,0,0
30,837885,1881,0,0,0,0,0
30,812218,1839,0,0,0,0,0
30,815383,1789,0,0,0,0,0
30,814034,1938,0,0,0,0,0
30,817788,1797,0,0,0,0,0
30,871183,1870,0,0,0,0,0
30,811106,1780,0,0,0,0,0
30,817152,1875,0,0,0,0,0
30,846143,1832,0,0,0,0,0
30,812883,1855,0,0,0,0,0
30,813103,1804,0,0,0,0,0
30,816884,1846,0,0,0,0,0
30,813743,1740,0,0,0,0,0
30,814240,1841,0,0,0,0,0
30,817934,1792,0,0,0,0,0
30,819246,1865,0,0,0,0,0
30,816860,1831,0,0,0,0,0
30,815953,1795,0,0,0,0,0
31,844291,1898,0,0,0,0,0
31,878554,1839,0,0,0,0,0
31,865395,1817,0,0,0,0,0
31,868974,1879,0,0,0,0,0
31,891964,1789,0,0,0,0,0
31,846196,1764,0,0,0,0,0
31,876215,1852,0,0,0,0,0
31,885943,1928,0,0,0,0,0
31,840295,1829,0,0,0,0,0
31,852364,1853,0,0,0,0,0
31,879302,1814,0,0,0,0,0
31,845779,1779,0,0,0,0,0
31,848688,1829,0,0,0,0,0
31,846508,1866,0,0,0,0,0
31,851379,1865,0,0,0,0,0
31,847200,1753,0,0,0,0,0
31,846371,1764,0,0,0,0,0
31,841211,1843,0,0,0,0,0
31,849569,1845,0,0,0,0,0
31,847492,1783,0,0,0,0,0
32,914400,2143,0,0,0,0,0
32,869959,1808,0,0,0,0,0
32,878211,1794,0,0,0,0,0
32,913434,1835,0,0,0,0,0
32,871002,1827,0,0,0,0,0
32,876356,1780,0,0,0,0,0
32,922386,1876,0,0,0,0,0
32,876174,2058,0,0,0,0,0
32,876707,1833,0,0,0,0,0
32,872677,1748,0,0,0,0,0
32,874072,1847,0,0,0,0,0
32,873663,1774,0,0,0,0,0
32,874846,1781,0,0,0,0,0
32,872273,1804,0,0,0,0,0
32,872303,1804,0,0,0,0,0
32,867062,1780,0,0,0,0,0
32,868008,1841,0,0,0,0,0
32,868921,1823,0,0,0,0,0
32,868953,1745,0,0,0,0,0
32,866340,1824,0,0,0,0,0
33,898506,1954,0,0,0,0,0
33,917734,1817,0,0,0,0,0
33,900965,1838,0,0,0,0,0
33,905162,1783,0,0,0,0,0
33,902769,1762,0,0,0,0,0
33,939461,1773,0,0,0,0,0
33,903628,1741,0,0,0,0,0
33,901808,1826,0,0,0,0,0
33,931442,1795,0,0,0,0,0
33,905466,1790,0,0,0,0,0
33,902414,1824,0,0,0,0,0
33,903411,1776,0,0,0,0,0
33,895530,1871,0,0,0,0,0
33,900261,1796,0,0,0,0,0
33,900284,1810,0,0,0,0,0
33,895637,1818,0,0,0,0,0
33,893591,1850,0,0,0,0,0
33,902954,1842,0,0,0,0,0
33,906440,1842,0,0,0,0,0
33,899227,1800,0,0,0,0,0
34,925448,2398,0,0,0,0,0
34,920163,1894,0,0,0,0,0
34,926764,1802,0,0,0,0,0
34,961864,1891,0,0,0,0,0
34,923249,1861,0,0,0,0,0
34,918705,1848,0,0,0,0,0
34,957386,1806,0,0,0,0,0
34,919805,1773,0,0,0,0,0
34,927682,1798,0,0,0,0,0
34,922764,1786,0,0,0,0,0
34,954349,1786,0,0,0,0,0
34,924038,1794,0,0,0,0,0
34,921990,1794,0,0,0,0,0
34,927592,2018,0,0,0,0,0
34,926509,1822,0,0,0,0,0
34,918495,1799,0,0,0,0,0
34,922778,1752,0,0,0,0,0
34,961984,1825,0,0,0,0,0
34,915965,1770,0,0,0,0,0
34,919561,1826,0,0,0,0,0
35,997080,2021,0,0,0,0,0
35,954409,1926,0,0,0,0,0
35,959546,1851,0,0,0,0,0
35,985266,1891,0,0,0,0,0
35,995092,1873,0,0,0,0,0
35,955905,1827,0,0,0,0,0
35,959137,1816,0,0,0,0,0
35,981818,2046,0,0,0,0,0
35,1000784,1852,0,0,0,0,0
35,951394,1908,0,0,0,0,0
35,979862,1832,0,0,0,0,0
35,954942,1844,0,0,0,0,0
35,1019195,2050,0,0,0,0,0
35,954760,1963,0,0,0,0,0
35,955956,1829,0,0,0,0,0
35,967619,1750,0,0,0,0,0
35,955953,1870,0,0,0,0,0
35,954130,1906,0,0,0,0,0
35,965888,1760,0,0,0,0,0
35,960385,1838,0,0,0,0,0
36,996084,1954,0,0,0,0,0
36,990106,1805,0,0,0,0,0
36,1025639,2103,0,0,0,0,0
36,993602,1884,0,0,0,0,0
36,989707,1808,0,0,0,0,0
36,992141,1770,0,0,0,0,0
36,1019096,1808,0,0,0,0,0
36,986786,1798,0,0,0,0,0
36,985678,1773,0,0,0,0,0
36,993863,1803,0,0,0,0,0
36,994194,1892,0,0,0,0,0
36,1022713,1852,0,0,0,0,0
36,995902,1813,0,0,0,0,0
36,987816,1814,0,0,0,0,0
36,991454,1782,0,0,0,0,0
36,993408,1883,0,0,0,0,0
36,994503,1825,0,0,0,0,0
36,990281,1857,0,0,0,0,0
36,985382,1814,0,0,0,0,0
36,1001968,1808,0,0,0,0,0
37,1007060,1806,0,0,0,0,0
37,1016097,1811,0,0,0,0,0
37,1049021,1722,0,0,0,0,0
37,1056319,1791,0,0,0,0,0
37,1018361,1730,0,0,0,0,0
37,1007359,1780,0,0,0,0,0
37,1012638,1722,0,0,0,0,0
37,1050349,1719,0,0,0,0,0
37,1006591,1754,0,0,0,0,0
37,1016574,1789,0,0,0,0,0
37,1005983,1758,0,0,0,0,0
37,1011218,1727,0,0,0,0,0
37,1015179,1727,0,0,0,0,0
37,1055589,1861,0,0,0,0,0
37,1037955,1921,0,0,0,0,0
37,1026333,1830,0,0,0,0,0
37,1012821,1775,0,0,0,0,0
37,1017882,1923,0,0,0,0,0
37,1006333,1792,0,0,0,0,0
37,1011844,1865,0,0,0,0,0
38,1061633,2247,0,0,0,0,0
38,1042532,1818,0,0,0,0,0
38,1077931,1888,0,0,0,0,0
38,1075109,1858,0,0,0,0,0
38,1080881,1836,0,0,0,0,0
38,1046870,1900,0,0,0,0,0
38,1043886,1846,0,0,0,0,0
38,1074045,1880,0,0,0,0,0
38,1074511,1790,0,0,0,0,0
38,1049859,1893,0,0,0,0,0
38,1047387,1864,0,0,0,0,0
38,1038007,1853,0,0,0,0,0
38,1043428,1866,0,0,0,0,0
38,1053970,1859,0,0,0,0,0
38,1044217,1842,0,0,0,0,0
38,1041146,1768,0,0,0,0,0
38,1043159,1800,0,0,0,0,0
38,1047712,1934,0,0,0,0,0
38,1049497,1842,0,0,0,0,0
38,1050288,1886,0,0,0,0,0
39,1069555,1894,0,0,0,0,0
39,1104884,1842,0,0,0,0,0
39,1103471,1821,0,0,0,0,0
39,1066440,1849,0,0,0,0,0
39,1063269,1834,0,0,0,0,0
39,1062982,1925,0,0,0,0,0
39,1073699,1937,0,0,0,0,0
39,1091558,1792,0,0,0,0,0
39,1069019,1763,0,0,0,0,0
39,1062083,1798,0,0,0,0,0
39,1056628,1878,0,0,0,0,0
39,1066929,1869,0,0,0,0,0
39,1069548,1882,0,0,0,0,0
39,1071029,1842,0,0,0,0,0
39,1064039,1759,0,0,0,0,0
39,1059628,1857,0,0,0,0,0
39,1059693,1833,0,0,0,0,0
39,1063574,1812,0,0,0,0,0
39,1101507,1800,0,0,0,0,0
39,1071840,1895,0,0,0,0,0
40,1100739,2103,0,0,0,0,0
40,1092881,1871,0,0,0,0,0
40,1096259,1832,0,0,0,0,0
40,1097326,1923,0,0,0,0,0
40,1193437,1933,0,0,0,0,0
40,1129666,1853,0,0,0,0,0
40,1102787,1924,0,0,0,0,0
40,1096319,1878,0,0,0,0,0
40,1100240,1868,0,0,0,0,0
40,1097330,1846,0,0,0,0,0
40,1093259,1809,0,0,0,0,0
40,1100483,1853,0,0,0,0,0
40,1099674,1851,0,0,0,0,0
40,1094529,1847,0,0,0,0,0
40,1093238,1873,0,0,0,0,0
40,1097077,1888,0,0,0,0,0
40,1091720,1856,0,0,0,0,0
40,1095023,1948,0,0,0,0,0
40,1092311,1878,0,0,0,0,0
40,1095473,1827,0,0,0,0,0
41,1124721,1917,0,0,0,0,0
41,1167496,1846,0,0,0,0,0
41,1165409,1799,0,0,0,0,0
41,1130341,1896,0,0,0,0,0
41,1120876,1819,0,0,0,0,0
41,1120035,1873,0,0,0,0,0
41,1123271,1877,0,0,0,0,0
41,1122302,1849,0,0,0,0,0
41,1146790,1870,0,0,0,0,0
41,1161645,1880,0,0,0,0,0
41,1122704,1810,0,0,0,0,0
41,1118910,1797,0,0,0,0,0
41,1120649,1847,0,0,0,0,0
41,1123854,1813,0,0,0,0,0
41,1120414,1834,0,0,0,0,0
41,1124475,1874,0,0,0,0,0
41,1118420,1903,0,0,0,0,0
41,1121004,1893,0,0,0,0,0
41,1170091,2415,0,0,0,0,0
41,1167748,1910,0,0,0,0,0
42,1147174,2001,0,0,0,0,0
42,1140036,1855,0,0,0,0,0
42,1188491,1857,0,0,0,0,0
42,1199259,1893,0,0,0,0,0
42,1144830,1780,0,0,0,0,0
42,1146915,1954,0,0,0,0,0
42,1208011,1877,0,0,0,0,0
42,1138318,1848,0,0,0,0,0
42,1143647,1811,0,0,0,0,0
42,1142893,1893,0,0,0,0,0
42,1274699,1869,0,0,0,0,0
42,1261130,2087,0,0,0,0,0
42,1184855,1864,0,0,0,0,0
42,1153167,1862,0,0,0,0,0
42,1152268,1934,0,0,0,0,0
42,1142414,1856,0,0,0,0,0
42,1146070,1767,0,0,0,0,0
42,1146352,1861,0,0,0,0,0
42,1149850,1862,0,0,0,0,0
42,1144067,1848,0,0,0,0,0
43,1175138,2097,0,0,0,0,0
43,1178096,1818,0,0,0,0,0
43,1180801,1797,0,0,0,0,0
43,1176787,1892,0,0,0,0,0
43,1212771,1856,0,0,0,0,0
43,1213204,1912,0,0,0,0,0
43,1206180,1847,0,0,0,0,0
43,1183144,1929,0,0,0,0,0
43,1180764,1914,0,0,0,0,0
43,1205480,1774,0,0,0,0,0
43,1181776,1791,0,0,0,0,0
43,1179307,1770,0,0,0,0,0
43,1206038,1775,0,0,0,0,0
43,1189231,1813,0,0,0,0,0
43,1180404,1827,0,0,0,0,0
43,1199335,1889,0,0,0,0,0
43,1186433,1896,0,0,0,0,0
43,1176937,1905,0,0,0,0,0
43,1179755,1903,0,0,0,0,0
43,1180677,1862,0,0,0,0,0
44,1206102,2085,0,0,0,0,0
44,1237508,1892,0,0,0,0,0
44,1214483,1828,0,0,0,0,0
44,1199724,1937,0,0,0,0,0
44,1225085,1864,0,0,0,0,0
44,1201543,1898,0,0,0,0,0
44,1233261,1848,0,0,0,0,0
44,1244166,1852,0,0,0,0,0
44,1205555,1850,0,0,0,0,0
44,1223512,1839,0,0,0,0,0
44,1212529,1822,0,0,0,0,0
44,1196393,1889,0,0,0,0,0
44,1197003,1928,0,0,0,0,0
44,1197220,1894,0,0,0,0,0
44,1206054,1823,0,0,0,0,0
44,1203561,1798,0,0,0,0,0
44,1195681,1805,0,0,0,0,0
44,1199578,1875,0,0,0,0,0
44,1203028,1872,0,0,0,0,0
44,1201982,1829,0,0,0,0,0
45,1256570,2012,0,0,0,0,0
45,1228083,1883,0,0,0,0,0
45,1232279,1842,0,0,0,0,0
45,1241321,1895,0,0,0,0,0
45,1229420,1839,0,0,0,0,0
45,1229739,1849,0,0,0,0,0
45,1238010,1884,0,0,0,0,0
45,1236406,1866,0,0,0,0,0
45,1292310,1945,0,0,0,0,0
45,1243053,1986,0,0,0,0,0
45,1263271,1844,0,0,0,0,0
45,1239437,1918,0,0,0,0,0
45,1235652,1867,0,0,0,0,0
45,1262669,1826,0,0,0,0,0
45,1232478,1872,0,0,0,0,0
45,1253335,2036,0,0,0,0,0
45,1235705,1857,0,0,0,0,0
45,1276721,1791,0,0,0,0,0
45,1239664,1833,0,0,0,0,0
45,1234078,1830,0,0,0,0,0
46,1264466,1950,0,0,0,0,0
46,1258656,1979,0,0,0,0,0
46,1266086,1883,0,0,0,0,0
46,1264869,1853,0,0,0,0,0
46,1267751,1886,0,0,0,0,0
46,1262890,1845,0,0,0,0,0
46,1261446,1823,0,0,0,0,0
46,1255706,1846,0,0,0,0,0
46,1270288,1755,0,0,0,0,0
46,1265282,1843,0,0,0,0,0
46,1270339,1805,0,0,0,0,0
46,1262713,1823,0,0,0,0,0
46,1263102,1858,0,0,0,0,0
46,1261716,1772,0,0,0,0,0
46,1270409,1893,0,0,0,0,0
46,1273161,1863,0,0,0,0,0
46,1264262,1900,0,0,0,0,0
46,1350937,1892,0,0,0,0,0
46,1287021,1919,0,0,0,0,0
46,1262571,1808,0,0,0,0,0
47,1374347,2102,0,0,0,0,0
47,1284371,1880,0,0,0,0,0
47,1278624,1890,0,0,0,0,0
47,1310630,1773,0,0,0,0,0
47,1285263,1873,0,0,0,0,0
47,1282574,1893,0,0,0,0,0
47,1283491,1841,0,0,0,0,0
47,1291767,1836,0,0,0,0,0
47,1281211,1795,0,0,0,0,0
47,1282683,1821,0,0,0,0,0
47,1277708,1784,0,0,0,0,0
47,1279607,1905,0,0,0,0,0
47,1279010,1832,0,0,0,0,0
47,1288633,1944,0,0,0,0,0
47,1281074,1851,0,0,0,0,0
47,1281419,1868,0,0,0,0,0
47,1277453,1826,0,0,0,0,0
47,1280342,1910,0,0,0,0,0
47,1279591,1819,0,0,0,0,0
47,1281269,1871,0,0,0,0,0
48,1347342,1904,0,0,0,0,0
48,1346843,1858,0,0,0,0,0
48,1342988,1860,0,0,0,0,0
48,1343444,1810,0,0,0,0,0
48,1392898,1948,0,0,0,0,0
48,1354901,1875,0,0,0,0,0
48,1336656,1860,0,0,0,0,0
48,1308363,1944,0,0,0,0,0
48,1310429,1912,0,0,0,0,0
48,1302933,1799,0,0,0,0,0
48,1439499,1945,0,0,0,0,0
48,1401056,1815,0,0,0,0,0
48,1306748,1866,0,0,0,0,0
48,1310186,1832,0,0,0,0,0
48,1331727,1892,0,0,0,0,0
48,1299471,1854,0,0,0,0,0
48,1317145,1827,0,0,0,0,0
48,1313134,1860,0,0,0,0,0
48,1323981,1852,0,0,0,0,0
48,1311064,1846,0,0,0,0,0
49,1359231,2066,0,0,0,0,0
49,1346250,1799,0,0,0,0,0
49,1345150,1813,0,0,0,0,0
49,1350516,1947,0,0,0,0,0
49,1344389,1861,0,0,0,0,0
49,1348223,1848,0,0,0,0,0
49,1347379,1799,0,0,0,0,0
49,1336827,1892,0,0,0,0,0
49,1346356,1921,0,0,0,0,0
49,1341113,1920,0,0,0,0,0
49,1403898,1958,0,0,0,0,0
49,1347693,1868,0,0,0,0,0
49,1359454,1840,0,0,0,0,0
49,1365719,1921,0,0,0,0,0
49,1348385,1860,0,0,0,0,0
49,1351186,1913,0,0,0,0,0
49,1351360,1860,0,0,0,0,0
49,1345612,1921,0,0,0,0,0
49,1347467,1820,0,0,0,0,0
49,1352623,1876,0,0,0,0,0
50,1366534,2117,0,0,0,0,0
50,1353518,1893,0,0,0,0,0
50,1363450,1923,0,0,0,0,0
50,1352090,1885,0,0,0,0,0
50,1370830,1851,0,0,0,0,0
50,1364149,1862,0,0,0,0,0
50,1398026,1815,0,0,0,0,0
50,1393509,1865,0,0,0,0,0
50,1370420,1830,0,0,0,0,0
50,1363197,1854,0,0,0,0,0
50,1368321,1835,0,0,0,0,0
50,1361275,1840,0,0,0,0,0
50,1360643,1803,0,0,0,0,0
50,1355797,1906,0,0,0,0,0
50,1412864,1915,0,0,0,0,0
50,1353326,1845,0,0,0,0,0
50,1429531,1825,0,0,0,0,0
50,1366204,1914,0,0,0,0,0
50,1366041,1807,0,0,0,0,0
50,1392836,1856,0,0,0,0,0
51,1427570,2204,0,0,0,0,0
51,1406990,1985,0,0,0,0,0
51,1430760,1882,0,0,0,0,0
51,1444590,1772,0,0,0,0,0
51,1444872,1901,0,0,0,0,0
51,1410327,1888,0,0,0,0,0
51,1407126,1879,0,0,0,0,0
51,1406419,1805,0,0,0,0,0
51,1400573,1859,0,0,0,0,0
51,1414823,1828,0,0,0,0,0
51,1401331,1854,0,0,0,0,0
51,1400529,1781,0,0,0,0,0
51,1409782,1881,0,0,0,0,0
51,1412921,1915,0,0,0,0,0
51,1405436,1850,0,0,0,0,0
51,1407452,1884,0,0,0,0,0
51,1411562,1842,0,0,0,0,0
51,1410741,1951,0,0,0,0,0
51,1504493,1960,0,0,0,0,0
51,1444919,1939,0,0,0,0,0
52,1432170,2532,0,0,0,0,0
52,1427151,1884,0,0,0,0,0
52,1491113,1849,0,0,0,0,0
52,1459478,1862,0,0,0,0,0
52,1422580,1816,0,0,0,0,0
52,1438297,1890,0,0,0,0,0
52,1431298,1866,0,0,0,0,0
52,1424804,1795,0,0,0,0,0
52,1424497,1881,0,0,0,0,0
52,1428335,1910,0,0,0,0,0
52,1426137,1865,0,0,0,0,0
52,1417831,1839,0,0,0,0,0
52,1417520,1879,0,0,0,0,0
52,1426759,1890,0,0,0,0,0
52,1435289,1856,0,0,0,0,0
52,1423268,1836,0,0,0,0,0
52,1461896,1894,0,0,0,0,0
52,1417976,1931,0,0,0,0,0
52,1426868,1838,0,0,0,0,0
52,1417008,1930,0,0,0,0,0
53,1461508,2137,0,0,0,0,0
53,1501479,1886,0,0,0,0,0
53,1458786,1927,0,0,0,0,0
53,1496743,1837,0,0,0,0,0
53,1524380,1783,0,0,0,0,0
53,1520136,1875,0,0,0,0,0
53,1486196,1835,0,0,0,0,0
53,1449116,1921,0,0,0,0,0
53,1448064,1812,0,0,0,0,0
53,1455873,1824,0,0,0,0,0
53,1460325,1888,0,0,0,0,0
53,1484308,1826,0,0,0,0,0
53,1499974,1819,0,0,0,0,0
53,1489941,1890,0,0,0,0,0
53,1465545,1911,0,0,0,0,0
53,1496744,1858,0,0,0,0,0
53,1467419,1769,0,0,0,0,0
53,1461612,1863,0,0,0,0,0
53,1447543,1827,0,0,0,0,0
53,1454053,1924,0,0,0,0,0
54,1489848,2151,0,0,0,0,0
54,1496753,1813,0,0,0,0,0
54,1561319,1861,0,0,0,0,0
54,1486892,1951,0,0,0,0,0
54,1550554,1871,0,0,0,0,0
54,1569555,1875,0,0,0,0,0
54,1549915,1848,0,0,0,0,0
54,1484586,1896,0,0,0,0,0
54,1489920,1893,0,0,0,0,0
54,1487994,1904,0,0,0,0,0
54,1491524,1833,0,0,0,0,0
54,1505702,1801,0,0,0,0,0
54,1498767,1786,0,0,0,0,0
54,1490654,1735,0,0,0,0,0
54,1499883,1796,0,0,0,0,0
54,1486693,1857,0,0,0,0,0
54,1534440,1750,0,0,0,0,0
54,1490759,1869,0,0,0,0,0
54,1496731,1936,0,0,0,0,0
54,1490378,1849,0,0,0,0,0
55,1552402,1943,0,0,0,0,0
55,1572829,1893,0,0,0,0,0
55,1545530,1852,0,0,0,0,0
55,1505678,1867,0,0,0,0,0
55,1505328,1914,0,0,0,0,0
55,1552912,1842,0,0,0,0,0
55,1576559,1786,0,0,0,0,0
55,1508625,1876,0,0,0,0,0
55,1506153,1894,0,0,0,0,0
55,1515563,1870,0,0,0,0,0
55,1497409,1788,0,0,0,0,0
55,1512292,1811,0,0,0,0,0
55,1502956,1853,0,0,0,0,0
55,1555830,1847,0,0,0,0,0
55,1534155,1769,0,0,0,0,0
55,1513273,1817,0,0,0,0,0
55,1541201,1801,0,0,0,0,0
55,1504849,1839,0,0,0,0,0
55,1519075,1829,0,0,0,0,0
55,1506472,1837,0,0,0,0,0
56,1527994,2166,0,0,0,0,0
56,1571793,2010,0,0,0,0,0
56,1575573,1941,0,0,0,0,0
56,1570983,1889,0,0,0,0,0
56,1534577,1892,0,0,0,0,0
56,1535918,1852,0,0,0,0,0
56,1534624,1892,0,0,0,0,0
56,1532017,1887,0,0,0,0,0
56,1535025,1896,0,0,0,0,0
56,1533464,1846,0,0,0,0,0
56,1533074,1918,0,0,0,0,0
56,1535036,1783,0,0,0,0,0
56,1527010,1898,0,0,0,0,0
56,1532504,1825,0,0,0,0,0
56,1527329,1906,0,0,0,0,0
56,1521130,1862,0,0,0,0,0
56,1536711,1915,0,0,0,0,0
56,1529650,1882,0,0,0,0,0
56,1522495,1847,0,0,0,0,0
56,1536708,1863,0,0,0,0,0
57,1607830,2056,0,0,0,0,0
57,1562589,1922,0,0,0,0,0
57,1574403,1951,0,0,0,0,0
57,1567787,1904,0,0,0,0,0
57,1609615,1946,0,0,0,0,0
57,1584740,1853,0,0,0,0,0
57,1562209,1894,0,0,0,0,0
57,1572895,1875,0,0,0,0,0
57,1579304,1924,0,0,0,0,0
57,1572901,1882,0,0,0,0,0
57,1600971,1907,0,0,0,0,0
57,1559539,1886,0,0,0,0,0
57,1570817,1833,0,0,0,0,0
57,1574273,1859,0,0,0,0,0
57,1599789,1866,0,0,0,0,0
57,1572690,1882,0,0,0,0,0
57,1566240,1738,0,0,0,0,0
57,1563389,1855,0,0,0,0,0
57,1570761,1841,0,0,0,0,0
57,1577284,1835,0,0,0,0,0
58,1593667,2053,0,0,0,0,0
58,1596804,1872,0,0,0,0,0
58,1606683,1955,0,0,0,0,0
58,1638207,1884,0,0,0,0,0
58,1653243,1914,0,0,0,0,0
58,1589696,1832,0,0,0,0,0
58,1601844,1803,0,0,0,0,0
58,1625458,1813,0,0,0,0,0
58,1605222,1861,0,0,0,0,0
58,1597689,1862,0,0,0,0,0
58,1588654,1823,0,0,0,0,0
58,1607309,1788,0,0,0,0,0
58,1611764,1854,0,0,0,0,0
58,1602737,1864,0,0,0,0,0
58,1596513,1909,0,0,0,0,0
58,1607647,1819,0,0,0,0,0
58,1595235,1816,0,0,0,0,0
58,1589183,1819,0,0,0,0,0
58,1621134,1937,0,0,0,0,0
58,1661185,1862,0,0,0,0,0
59,1699327,2103,0,0,0,0,0
59,1637941,1886,0,0,0,0,0
59,1639877,1912,0,0,0,0,0
59,1643796,1899,0,0,0,0,0
59,1619668,1869,0,0,0,0,0
59,1612754,1842,0,0,0,0,0
59,1615063,1847,0,0,0,0,0
59,1618763,1866,0,0,0,0,0
59,1616889,1833,0,0,0,0,0
59,1601321,1841,0,0,0,0,0
59,1610085,1877,0,0,0,0,0
59,1609230,1843,0,0,0,0,0
59,1643207,1971,0,0,0,0,0
59,1607236,1826,0,0,0,0,0
59,1597392,1799,0,0,0,0,0
59,1628760,1986,0,0,0,0,0
59,1610788,1901,0,0,0,0,0
59,1604262,1947,0,0,0,0,0
59,1610400,1861,0,0,0,0,0
59,1601198,1903,0,0,0,0,0
60,1676340,2081,0,0,0,0,0
60,1639675,1989,0,0,0,0,0
60,1642660,1960,0,0,0,0,0
60,1673235,1858,0,0,0,0,0
60,1683486,1936,0,0,0,0,0
60,1645065,1830,0,0,0,0,0
60,1650795,1908,0,0,0,0,0
60,1637026,1854,0,0,0,0,0
60,1673867,1904,0,0,0,0,0
60,1629703,1879,0,0,0,0,0
60,1657006,1908,0,0,0,0,0
60,1649129,1830,0,0,0,0,0
60,1686626,1847,0,0,0,0,0
60,1711557,1812,0,0,0,0,0
60,1642683,1915,0,0,0,0,0
60,1641199,1854,0,0,0,0,0
60,1651398,1835,0,0,0,0,0
60,1670487,1911,0,0,0,0,0
60,1636860,1905,0,0,0,0,0
60,1686230,1927,0,0,0,0,0
61,1714005,2096,0,0,0,0,0
61,1712080,2020,0,0,0,0,0
61,1668177,1823,0,0,0,0,0
61,1672953,1950,0,0,0,0,0
61,1671855,1939,0,0,0,0,0
61,1693224,1942,0,0,0,0,0
61,1676449,1820,0,0,0,0,0
61,1679348,1927,0,0,0,0,0
61,1701642,1943,0,0,0,0,0
61,1696161,1947,0,0,0,0,0
61,1663918,1857,0,0,0,0,0
61,1681991,1875,0,0,0,0,0
61,1676744,1793,0,0,0,0,0
61,1736571,1826,0,0,0,0,0
61,1669010,1947,0,0,0,0,0
61,1703361,1888,0,0,0,0,0
61,1668367,1777,0,0,0,0,0
61,1677322,1870,0,0,0,0,0
61,1675426,1892,0,0,0,0,0
61,1668319,1875,0,0,0,0,0
62,1742657,2017,0,0,0,0,0
62,1715279,1876,0,0,0,0,0
62,1712517,1936,0,0,0,0,0
62,1743876,1877,0,0,0,0,0
62,1760224,1911,0,0,0,0,0
62,1772875,2049,0,0,0,0,0
62,1738381,1885,0,0,0,0,0
62,1710446,1915,0,0,0,0,0
62,1746531,1960,0,0,0,0,0
62,1717459,1837,0,0,0,0,0
62,1719478,1799,0,0,0,0,0
62,1709599,1841,0,0,0,0,0
62,1715787,1829,0,0,0,0,0
62,1705736,1781,0,0,0,0,0
62,1710515,1853,0,0,0,0,0
62,1714178,1808,0,0,0,0,0
62,1714431,1843,0,0,0,0,0
62,1702326,1886,0,0,0,0,0
62,1711118,1844,0,0,0,0,0
62,1732399,1905,0,0,0,0,0
63,1744893,1938,0,0,0,0,0
63,1709064,1881,0,0,0,0,0
63,1756060,1871,0,0,0,0,0
63,1767515,1868,0,0,0,0,0
63,1720040,1837,0,0,0,0,0
63,1747225,1755,0,0,0,0,0
63,1720899,1863,0,0,0,0,0
63,1709399,1862,0,0,0,0,0
63,1748346,1869,0,0,0,0,0
63,1708131,1817,0,0,0,0,0
63,1719970,1852,0,0,0,0,0
63,1714114,1779,0,0,0,0,0
63,1709916,1812,0,0,0,0,0
63,1710451,1768,0,0,0,0,0
63,1714352,1818,0,0,0,0,0
63,1765941,1833,0,0,0,0,0
63,1716683,1826,0,0,0,0,0
63,1716900,1833,0,0,0,0,0
63,1719331,1858,0,0,0,0,0
63,1811627,1901,0,0,0,0,0
64,1768988,2144,0,0,0,0,0
64,1800714,1887,0,0,0,0,0
64,1771757,1800,0,0,0,0,0
64,1767860,1889,0,0,0,0,0
64,1787210,1950,0,0,0,0,0
64,1755083,1907,0,0,0,0,0
64,1750494,1849,0,0,0,0,0
64,1784889,1894,0,0,0,0,0
64,1766124,1847,0,0,0,0,0
64,1763815,1838,0,0,0,0,0
64,1767645,1833,0,0,0,0,0
64,1754497,1901,0,0,0,0,0
64,1761522,1881,0,0,0,0,0
64,1755901,1860,0,0,0,0,0
64,1768887,1909,0,0,0,0,0
64,1769134,1956,0,0,0,0,0
64,1786992,1874,0,0,0,0,0
64,1802793,1814,0,0,0,0,0
64,1774365,1925,0,0,0,0,0
64,1763295,1906,0,0,0,0,0
65,1803844,2093,0,0,0,0,0
65,1834815,1820,0,0,0,0,0
65,1779233,1896,0,0,0,0,0
65,1781012,1951,0,0,0,0,0
65,1816405,1864,0,0,0,0,0
65,1789917,1938,0,0,0,0,0
65,1773937,1878,0,0,0,0,0
65,1830321,1940,0,0,0,0,0
65,1772071,1837,0,0,0,0,0
65,1785608,1885,0,0,0,0,0
65,1787202,1899,0,0,0,0,0
65,1830113,1887,0,0,0,0,0
65,1807793,1849,0,0,0,0,0
65,1783512,1864,0,0,0,0,0
65,1779799,1816,0,0,0,0,0
65,1789368,1915,0,0,0,0,0
65,1777364,1866,0,0,0,0,0
65,1785446,1822,0,0,0,0,0
65,1830970,1918,0,0,0,0,0
65,1786581,1879,0,0,0,0,0
66,1940473,2100,0,0,0,0,0
66,1889605,1879,0,0,0,0,0
66,1845684,1802,0,0,0,0,0
66,1817077,1900,0,0,0,0,0
66,1847591,1945,0,0,0,0,0
66,1811116,1838,0,0,0,0,0
66,1824679,1852,0,0,0,0,0
66,1819303,1889,0,0,0,0,0
66,1811270,1908,0,0,0,0,0
66,1852129,1905,0,0,0,0,0
66,1837025,1853,0,0,0,0,0
66,1812427,1863,0,0,0,0,0
66,1853390,1856,0,0,0,0,0
66,1810947,1818,0,0,0,0,0
66,1815940,1922,0,0,0,0,0
66,1832342,1861,0,0,0,0,0
66,1810935,1830,0,0,0,0,0
66,1819915,1887,0,0,0,0,0
66,1812264,1856,0,0,0,0,0
66,1946705,1991,0,0,0,0,0
67,1883676,2195,0,0,0,0,0
67,1835812,1911,0,0,0,0,0
67,1878866,1895,0,0,0,0,0
67,1881190,1801,0,0,0,0,0
67,1835392,1917,0,0,0,0,0
67,1887761,1821,0,0,0,0,0
67,1863834,1874,0,0,0,0,0
67,1882606,1941,0,0,0,0,0
67,1871081,1803,0,0,0,0,0
67,1833791,1880,0,0,0,0,0
67,1845181,1877,0,0,0,0,0
67,1839385,2039,0,0,0,0,0
67,1871213,1911,0,0,0,0,0
67,1880035,1893,0,0,0,0,0
67,1847369,1882,0,0,0,0,0
67,1932459,1959,0,0,0,0,0
67,1842305,1865,0,0,0,0,0
67,1882044,1888,0,0,0,0,0
67,1833422,1761,0,0,0,0,0
67,1837505,1885,0,0,0,0,0
68,1908573,2187,0,0,0,0,0
68,1871324,1969,0,0,0,0,0
68,1906087,1843,0,0,0,0,0
68,1893986,1902,0,0,0,0,0
68,1938097,1862,0,0,0,0,0
68,1876741,1872,0,0,0,0,0
68,1871177,1830,0,0,0,0,0
68,1935449,1921,0,0,0,0,0
68,1867835,1819,0,0,0,0,0
68,1896283,1842,0,0,0,0,0
68,1857307,1766,0,0,0,0,0
68,1863245,1871,0,0,0,0,0
68,1898669,1873,0,0,0,0,0
68,1872463,1915,0,0,0,0,0
68,1863013,1839,0,0,0,0,0
68,1864951,1872,0,0,0,0,0
68,1925581,1877,0,0,0,0,0
68,1874212,1906,0,0,0,0,0
68,1891621,1927,0,0,0,0,0
68,1854342,1874,0,0,0,0,0
69,1928247,2394,0,0,0,0,0
69,1904199,1900,0,0,0,0,0
69,1937655,1982,0,0,0,0,0
69,1888882,1864,0,0,0,0,0
69,1900415,1881,0,0,0,0,0
69,1882821,1862,0,0,0,0,0
69,1895743,1874,0,0,0,0,0
69,1886746,1827,0,0,0,0,0
69,1895024,1869,0,0,0,0,0
69,1926828,1829,0,0,0,0,0
69,1889582,1914,0,0,0,0,0
69,1880823,1890,0,0,0,0,0
69,1894571,1808,0,0,0,0,0
69,1958574,1996,0,0,0,0,0
69,1886537,1892,0,0,0,0,0
69,1877914,1880,0,0,0,0,0
69,1926767,1837,0,0,0,0,0
69,1892824,1860,0,0,0,0,0
69,1927099,1826,0,0,0,0,0
69,1898709,1854,0,0,0,0,0
70,1927570,2047,0,0,0,0,0
70,1966519,1910,0,0,0,0,0
70,1920691,1881,0,0,0,0,0
70,1951235,1981,0,0,0,0,0
70,1976859,1922,0,0,0,0,0
70,1952079,1878,0,0,0,0,0
70,1921657,1807,0,0,0,0,0
70,1931573,1826,0,0,0,0,0
70,1918014,1830,0,0,0,0,0
70,1935484,1838,0,0,0,0,0
70,1915437,1888,0,0,0,0,0
70,1911429,1956,0,0,0,0,0
70,1916582,1885,0,0,0,0,0
70,1921486,1885,0,0,0,0,0
70,1920899,1832,0,0,0,0,0
70,1924136,1931,0,0,0,0,0
70,1961424,1914,0,0,0,0,0
70,1928939,1884,0,0,0,0,0
70,1929139,1841,0,0,0,0,0
70,1930259,1885,0,0,0,0,0
71,1978158,1975,0,0,0,0,0
71,1934975,1910,0,0,0,0,0
71,1982014,1897,0,0,0,0,0
71,1934291,1872,0,0,0,0,0
71,1942310,1931,0,0,0,0,0
71,1934143,1851,0,0,0,0,0
71,1936983,1855,0,0,0,0,0
71,1939964,1875,0,0,0,0,0
71,1934695,1878,0,0,0,0,0
71,1940745,1835,0,0,0,0,0
71,1933123,1860,0,0,0,0,0
71,1949558,1872,0,0,0,0,0
71,2090392,1958,0,0,0,0,0
71,1946732,1943,0,0,0,0,0
71,1970204,1945,0,0,0,0,0
71,2011159,1815,0,0,0,0,0
71,1927538,1859,0,0,0,0,0
71,1942625,1926,0,0,0,0,0
71,1941568,1892,0,0,0,0,0
71,1943512,1903,0,0,0,0,0
72,1970176,2089,0,0,0,0,0
72,2001879,1961,0,0,0,0,0
72,2116667,2078,0,0,0,0,0
72,2008282,1929,0,0,0,0,0
72,1965053,2010,0,0,0,0,0
72,2040008,1965,0,0,0,0,0
72,1984368,1913,0,0,0,0,0
72,1987401,1862,0,0,0,0,0
72,1977912,1880,0,0,0,0,0
72,1984987,1911,0,0,0,0,0
72,1975484,1900,0,0,0,0,0
72,1996400,1838,0,0,0,0,0
72,1974841,1883,0,0,0,0,0
72,1977223,1910,0,0,0,0,0
72,1970540,1882,0,0,0,0,0
72,1977169,1933,0,0,0,0,0
72,1967926,1843,0,0,0,0,0
72,1998460,1881,0,0,0,0,0
72,1969989,1836,0,0,0,0,0
72,1978285,1903,0,0,0,0,0
73,2028415,2136,0,0,0,0,0
73,2046124,1934,0,0,0,0,0
73,2002283,2004,0,0,0,0,0
73,2013823,1898,0,0,0,0,0
73,2004560,1889,0,0,0,0,0
73,2006339,1936,0,0,0,0,0
73,2006000,1884,0,0,0,0,0
73,2002364,1891,0,0,0,0,0
73,1987638,1833,0,0,0,0,0
73,2050658,1902,0,0,0,0,0
73,2000302,1924,0,0,0,0,0
73,2002585,1950,0,0,0,0,0
73,2050627,1839,0,0,0,0,0
73,1998010,1859,0,0,0,0,0
73,2035025,1927,0,0,0,0,0
73,2012873,1956,0,0,0,0,0
73,2008332,1875,0,0,0,0,0
73,1993326,1930,0,0,0,0,0
73,2023091,1844,0,0,0,0,0
73,1992691,1877,0,0,0,0,0
74,2098983,2006,0,0,0,0,0
74,2088883,1900,0,0,0,0,0
74,2093149,1967,0,0,0,0,0
74,2038975,1818,0,0,0,0,0
74,2073641,1834,0,0,0,0,0
74,2055290,1874,0,0,0,0,0
74,2075437,1850,0,0,0,0,0
74,2038034,1885,0,0,0,0,0
74,2035361,1807,0,0,0,0,0
74,2051947,1871,0,0,0,0,0
74,2046738,1827,0,0,0,0,0
74,2049552,1868,0,0,0,0,0
74,2044128,1841,0,0,0,0,0
74,2050242,1885,0,0,0,0,0
74,2147768,1958,0,0,0,0,0
74,2043079,1865,0,0,0,0,0
74,2030335,1795,0,0,0,0,0
74,2127319,1882,0,0,0,0,0
74,2055980,1882,0,0,0,0,0
74,2032089,1880,0,0,0,0,0
75,2118320,2397,0,0,0,0,0
75,2076665,1932,0,0,0,0,0
75,2122352,1956,0,0,0,0,0
75,2177160,1974,0,0,0,0,0
75,2098126,1958,0,0,0,0,0
75,2102806,1984,0,0,0,0,0
75,2130044,1882,0,0,0,0,0
75,2070874,1852,0,0,0,0,0
75,2063296,1914,0,0,0,0,0
75,2069232,1874,0,0,0,0,0
75,2079742,1940,0,0,0,0,0
75,2073731,1912,0,0,0,0,0
75,2070498,1912,0,0,0,0,0
75,2081829,1873,0,0,0,0,0
75,2100952,1936,0,0,0,0,0
75,2071659,1909,0,0,0,0,0
75,2065775,1868,0,0,0,0,0
75,2089898,1999,0,0,0,0,0
75,2061770,1902,0,0,0,0,0
75,2088973,1922,0,0,0,0,0
76,2108555,2056,0,0,0,0,0
76,2106829,1891,0,0,0,0,0
76,2129343,1844,0,0,0,0,0
76,2107375,1883,0,0,0,0,0
76,2117158,1878,0,0,0,0,0
76,2122129,1933,0,0,0,0,0
76,2086470,1847,0,0,0,0,0
76,2122251,2370,0,0,0,0,0
76,2094798,1917,0,0,0,0,0
76,2115260,1882,0,0,0,0,0
76,2090089,1889,0,0,0,0,0
76,2102949,1879,0,0,0,0,0
76,2075988,1943,0,0,0,0,0
76,2080843,1917,0,0,0,0,0
76,2097484,1873,0,0,0,0,0
76,2086338,1847,0,0,0,0,0
76,2079409,1874,0,0,0,0,0
76,2092000,1913,0,0,0,0,0
76,2090791,1908,0,0,0,0,0
76,2114157,1938,0,0,0,0,0
77,2109831,2194,0,0,0,0,0
77,2160058,1876,0,0,0,0,0
77,2168797,1937,0,0,0,0,0
77,2128147,1885,0,0,0,0,0
77,2154995,1891,0,0,0,0,0
77,2136506,1861,0,0,0,0,0
77,2154485,1876,0,0,0,0,0
77,2145541,1905,0,0,0,0,0
77,2120070,1890,0,0,0,0,0
77,2129922,1882,0,0,0,0,0
77,2119152,1886,0,0,0,0,0
77,2158010,2079,0,0,0,0,0
77,2166545,2039,0,0,0,0,0
77,2141489,1965,0,0,0,0,0
77,2173988,1882,0,0,0,0,0
77,2174305,1974,0,0,0,0,0
77,2125160,1894,0,0,0,0,0
77,2185036,1960,0,0,0,0,0
77,2128319,1874,0,0,0,0,0
77,2161364,1981,0,0,0,0,0
78,2160173,2100,0,0,0,0,0
78,2204575,1852,0,0,0,0,0
78,2141034,1974,0,0,0,0,0
78,2165038,1892,0,0,0,0,0
78,2159779,1885,0,0,0,0,0
78,2158980,1890,0,0,0,0,0
78,2191186,1892,0,0,0,0,0
78,2197561,1920,0,0,0,0,0
78,2166537,1869,0,0,0,0,0
78,2163652,1866,0,0,0,0,0
78,2192218,1909,0,0,0,0,0
78,2154721,1923,0,0,0,0,0
78,2166572,1920,0,0,0,0,0
78,2171050,1828,0,0,0,0,0
78,2213584,1999,0,0,0,0,0
78,2205080,1997,0,0,0,0,0
78,2171682,1928,0,0,0,0,0
78,2252541,1924,0,0,0,0,0
78,2154332,1892,0,0,0,0,0
78,2167213,1856,0,0,0,0,0
79,2197985,2348,0,0,0,0,0
79,2175685,1936,0,0,0,0,0
79,2313009,1881,0,0,0,0,0
79,2226483,1915,0,0,0,0,0
79,2191695,1904,0,0,0,0,0
79,2215163,1836,0,0,0,0,0
79,2242452,1782,0,0,0,0,0
79,2172603,1881,0,0,0,0,0
79,2217383,1858,0,0,0,0,0
79,2202575,1809,0,0,0,0,0
79,2195401,1823,0,0,0,0,0
79,2187387,1810,0,0,0,0,0
79,2187334,1839,0,0,0,0,0
79,2186373,1843,0,0,0,0,0
79,2189411,1836,0,0,0,0,0
79,2167232,1805,0,0,0,0,0
79,2179536,1850,0,0,0,0,0
79,2240397,1880,0,0,0,0,0
79,2188880,1851,0,0,0,0,0
79,2183251,1796,0,0,0,0,0
80,2251503,2110,0,0,0,0,0
80,2246450,1870,0,0,0,0,0
80,2209111,1944,0,0,0,0,0
80,2235671,1873,0,0,0,0,0
80,2302097,2071,0,0,0,0,0
80,2215573,1950,0,0,0,0,0
80,2205762,1961,0,0,0,0,0
80,2216595,1975,0,0,0,0,0
80,2211701,1933,0,0,0,0,0
80,2199484,1884,0,0,0,0,0
80,2216023,1897,0,0,0,0,0
80,2199838,1876,0,0,0,0,0
80,2216054,1874,0,0,0,0,0
80,2199324,1856,0,0,0,0,0
80,2193427,1935,0,0,0,0,0
80,2206338,1930,0,0,0,0,0
80,2214620,1938,0,0,0,0,0
80,2201141,1952,0,0,0,0,0
80,2203723,1957,0,0,0,0,0
80,2311238,2059,0,0,0,0,0
81,2233617,2060,0,0,0,0,0
81,2258772,1849,0,0,0,0,0
81,2257474,1765,0,0,0,0,0
81,2247720,1978,0,0,0,0,0
81,2260438,1856,0,0,0,0,0
81,2263191,1853,0,0,0,0,0
81,2233065,1876,0,0,0,0,0
81,2267756,1891,0,0,0,0,0
81,2237133,1857,0,0,0,0,0
81,2267883,1864,0,0,0,0,0
81,2236346,1914,0,0,0,0,0
81,2265950,1908,0,0,0,0,0
81,2216455,1888,0,0,0,0,0
81,2225149,1874,0,0,0,0,0
81,2233956,1843,0,0,0,0,0
81,2230878,1918,0,0,0,0,0
81,2216929,1865,0,0,0,0,0
81,2261655,1916,0,0,0,0,0
81,2232002,2016,0,0,0,0,0
81,2228972,1874,0,0,0,0,0
82,2273812,2183,0,0,0,0,0
82,2303810,1966,0,0,0,0,0
82,2302298,1903,0,0,0,0,0
82,2276540,1894,0,0,0,0,0
82,2301002,1885,0,0,0,0,0
82,2264505,1919,0,0,0,0,0
82,2268534,1944,0,0,0,0,0
82,2328062,1921,0,0,0,0,0
82,2296385,1856,0,0,0,0,0
82,2333421,1883,0,0,0,0,0
82,2307118,1907,0,0,0,0,0
82,2269295,1870,0,0,0,0,0
82,2309789,1917,0,0,0,0,0
82,2278309,1893,0,0,0,0,0
82,2275649,1899,0,0,0,0,0
82,2263452,1908,0,0,0,0,0
82,2269442,1876,0,0,0,0,0
82,2266726,1957,0,0,0,0,0
82,2275207,1896,0,0,0,0,0
82,2269693,1941,0,0,0,0,0
83,2286344,2234,0,0,0,0,0
83,2336021,1910,0,0,0,0,0
83,2328285,1921,0,0,0,0,0
83,2283962,1887,0,0,0,0,0
83,2291811,1916,0,0,0,0,0
83,2304580,1879,0,0,0,0,0
83,2306989,1868,0,0,0,0,0
83,2378587,1913,0,0,0,0,0
83,2273104,1969,0,0,0,0,0
83,2293724,1890,0,0,0,0,0
83,2310487,1888,0,0,0,0,0
83,2294238,1880,0,0,0,0,0
83,2298917,1830,0,0,0,0,0
83,2302150,1838,0,0,0,0,0
83,2282696,1828,0,0,0,0,0
83,2289675,1832,0,0,0,0,0
83,2306474,1904,0,0,0,0,0
83,2287887,1916,0,0,0,0,0
83,2301442,1896,0,0,0,0,0
83,2288196,1971,0,0,0,0,0
84,2357695,2085,0,0,0,0,0
84,2348430,2010,0,0,0,0,0
84,2342841,1999,0,0,0,0,0
84,2307867,1897,0,0,0,0,0
84,2310753,1844,0,0,0,0,0
84,2309593,1884,0,0,0,0,0
84,2317295,1909,0,0,0,0,0
84,2376436,2037,0,0,0,0,0
84,2410360,2089,0,0,0,0,0
84,2333280,1951,0,0,0,0,0
84,2344040,1956,0,0,0,0,0
84,2306439,1932,0,0,0,0,0
84,2310724,1965,0,0,0,0,0
84,2312756,1907,0,0,0,0,0
84,2312572,1904,0,0,0,0,0
84,2309896,1966,0,0,0,0,0
84,2307269,1903,0,0,0,0,0
84,2319858,1908,0,0,0,0,0
84,2335453,1883,0,0,0,0,0
84,2311435,1958,0,0,0,0,0
85,2411214,2160,0,0,0,0,0
85,2355183,2047,0,0,0,0,0
85,2348522,1968,0,0,0,0,0
85,2404136,1878,0,0,0,0,0
85,2400566,1936,0,0,0,0,0
85,2362018,1918,0,0,0,0,0
85,2372503,2035,0,0,0,0,0
85,2426615,1904,0,0,0,0,0
85,2352259,1933,0,0,0,0,0
85,2381326,1935,0,0,0,0,0
85,2371265,1923,0,0,0,0,0
85,2359015,1960,0,0,0,0,0
85,2385547,1900,0,0,0,0,0
85,2399406,1986,0,0,0,0,0
85,2392193,1892,0,0,0,0,0
85,2357987,1903,0,0,0,0,0
85,2361839,1891,0,0,0,0,0
85,2385175,2034,0,0,0,0,0
85,2384810,1928,0,0,0,0,0
85,2360884,1909,0,0,0,0,0
86,2403695,2498,0,0,0,0,0
86,2432743,1912,0,0,0,0,0
86,2381546,1922,0,0,0,0,0
86,2401173,1955,0,0,0,0,0
86,2372867,1963,0,0,0,0,0
86,2412759,1991,0,0,0,0,0
86,2376611,2003,0,0,0,0,0
86,2397317,1906,0,0,0,0,0
86,2419213,1959,0,0,0,0,0
86,2393034,1925,0,0,0,0,0
86,2403681,1842,0,0,0,0,0
86,2404889,1908,0,0,0,0,0
86,2396848,1897,0,0,0,0,0
86,2427694,1902,0,0,0,0,0
86,2387719,1911,0,0,0,0,0
86,2396834,1915,0,0,0,0,0
86,2404110,1949,0,0,0,0,0
86,2380541,1904,0,0,0,0,0
86,2377957,1841,0,0,0,0,0
86,2387728,1894,0,0,0,0,0
87,2448403,2099,0,0,0,0,0
87,2484156,1859,0,0,0,0,0
87,2422298,1900,0,0,0,0,0
87,2421176,1920,0,0,0,0,0
87,2503744,1908,0,0,0,0,0
87,2475396,1917,0,0,0,0,0
87,2455599,1791,0,0,0,0,0
87,2438722,1909,0,0,0,0,0
87,2458488,1940,0,0,0,0,0
87,2430026,1848,0,0,0,0,0
87,2465742,1867,0,0,0,0,0
87,2422313,1855,0,0,0,0,0
87,2417109,1839,0,0,0,0,0
87,2415479,1863,0,0,0,0,0
87,2422952,1887,0,0,0,0,0
87,2434069,1831,0,0,0,0,0
87,2422327,1813,0,0,0,0,0
87,2431778,1885,0,0,0,0,0
87,2490022,1885,0,0,0,0,0
87,2423590,1926,0,0,0,0,0
88,2431417,2696,0,0,0,0,0
88,2463405,1879,0,0,0,0,0
88,2467264,2025,0,0,0,0,0
88,2509250,1919,0,0,0,0,0
88,2442533,1925,0,0,0,0,0
88,2448034,1898,0,0,0,0,0
88,2464689,1911,0,0,0,0,0
88,2426496,1909,0,0,0,0,0
88,2453413,1849,0,0,0,0,0
88,2467567,1883,0,0,0,0,0
88,2434634,1904,0,0,0,0,0
88,2429215,1911,0,0,0,0,0
88,2439317,1866,0,0,0,0,0
88,2454506,1842,0,0,0,0,0
88,2436867,1830,0,0,0,0,0
88,2469213,1892,0,0,0,0,0
88,2467812,1950,0,0,0,0,0
88,2527846,2101,0,0,0,0,0
88,2439541,2004,0,0,0,0,0
88,2426400,2012,0,0,0,0,0
89,2548988,2192,0,0,0,0,0
89,2582820,2068,0,0,0,0,0
89,2499942,1886,0,0,0,0,0
89,2477906,1977,0,0,0,0,0
89,2467184,1992,0,0,0,0,0
89,2473674,1899,0,0,0,0,0
89,2454081,1820,0,0,0,0,0
89,2450912,1887,0,0,0,0,0
89,2450066,2035,0,0,0,0,0
89,2467304,1873,0,0,0,0,0
89,2459999,1872,0,0,0,0,0
89,2464236,1905,0,0,0,0,0
89,2482143,1877,0,0,0,0,0
89,2473954,1859,0,0,0,0,0
89,2459244,2094,0,0,0,0,0
89,2424307,1871,0,0,0,0,0
89,2545996,1922,0,0,0,0,0
89,2482371,1922,0,0,0,0,0
89,2462054,1912,0,0,0,0,0
89,2503417,1880,0,0,0,0,0
90,2565996,2181,0,0,0,0,0
90,2517080,2053,0,0,0,0,0
90,2519613,2034,0,0,0,0,0
90,2514807,1918,0,0,0,0,0
90,2532466,1876,0,0,0,0,0
90,2502434,1887,0,0,0,0,0
90,2518516,1866,0,0,0,0,0
90,2535486,1940,0,0,0,0,0
90,2513800,1897,0,0,0,0,0
90,2488642,1969,0,0,0,0,0
90,2516325,1884,0,0,0,0,0
90,2490282,1957,0,0,0,0,0
90,2512358,1904,0,0,0,0,0
90,2593956,1949,0,0,0,0,0
90,2515280,1915,0,0,0,0,0
90,2514229,1914,0,0,0,0,0
90,2547393,1931,0,0,0,0,0
90,2501469,1934,0,0,0,0,0
90,2501381,1979,0,0,0,0,0
90,2504575,1966,0,0,0,0,0
91,2547879,2243,0,0,0,0,0
91,2533990,1940,0,0,0,0,0
91,2547706,1870,0,0,0,0,0
91,2549448,1905,0,0,0,0,0
91,2525203,1917,0,0,0,0,0
91,2518058,1936,0,0,0,0,0
91,2541266,1935,0,0,0,0,0
91,2558561,1910,0,0,0,0,0
91,2643763,2150,0,0,0,0,0
91,2537009,1865,0,0,0,0,0
91,2606409,1928,0,0,0,0,0
91,2556952,1955,0,0,0,0,0
91,2511940,1907,0,0,0,0,0
91,2511967,1907,0,0,0,0,0
91,2546814,1913,0,0,0,0,0
91,2558759,1938,0,0,0,0,0
91,2551908,1900,0,0,0,0,0
91,2508808,1940,0,0,0,0,0
91,2519693,1910,0,0,0,0,0
91,2516979,1924,0,0,0,0,0
92,2568588,2379,0,0,0,0,0
92,2575303,1942,0,0,0,0,0
92,2575525,1909,0,0,0,0,0
92,2666612,1986,0,0,0,0,0
92,2643153,1963,0,0,0,0,0
92,2575982,2003,0,0,0,0,0
92,2555894,1922,0,0,0,0,0
92,2619919,1917,0,0,0,0,0
92,2620435,2005,0,0,0,0,0
92,2614635,1950,0,0,0,0,0
92,2644654,1960,0,0,0,0,0
92,2585188,1906,0,0,0,0,0
92,2594489,1839,0,0,0,0,0
92,2608358,1984,0,0,0,0,0
92,2560701,1933,0,0,0,0,0
92,2579351,1907,0,0,0,0,0
92,2644631,1984,0,0,0,0,0
92,2583889,1972,0,0,0,0,0
92,2582303,1924,0,0,0,0,0
92,2557312,1802,0,0,0,0,0
93,2735194,2551,0,0,0,0,0
93,2695824,1909,0,0,0,0,0
93,2613402,1950,0,0,0,0,0
93,2604474,1920,0,0,0,0,0
93,2595238,1889,0,0,0,0,0
93,2611434,1993,0,0,0,0,0
93,2617293,1910,0,0,0,0,0
93,2577102,1981,0,0,0,0,0
93,2598755,1948,0,0,0,0,0
93,2618541,1960,0,0,0,0,0
93,2578637,1918,0,0,0,0,0
93,2590264,1875,0,0,0,0,0
93,2566924,2027,0,0,0,0,0
93,2582230,1938,0,0,0,0,0
93,2635099,1958,0,0,0,0,0
93,2560778,1902,0,0,0,0,0
93,2589457,1865,0,0,0,0,0
93,2585088,1958,0,0,0,0,0
93,2586239,1977,0,0,0,0,0
93,2588328,1893,0,0,0,0,0
94,2648330,2195,0,0,0,0,0
94,2652520,1952,0,0,0,0,0
94,2645206,1944,0,0,0,0,0
94,2646602,1894,0,0,0,0,0
94,2633945,1956,0,0,0,0,0
94,2630803,1908,0,0,0,0,0
94,2643471,1908,0,0,0,0,0
94,2604982,1855,0,0,0,0,0
94,2616882,1962,0,0,0,0,0
94,2703087,1879,0,0,0,0,0
94,2609531,1909,0,0,0,0,0
94,2600433,1976,0,0,0,0,0
94,2615130,1939,0,0,0,0,0
94,2606199,1920,0,0,0,0,0
94,2610232,1976,0,0,0,0,0
94,2629065,1876,0,0,0,0,0
94,2609094,1889,0,0,0,0,0
94,2665921,1981,0,0,0,0,0
94,2622024,2010,0,0,0,0,0
94,2620005,2062,0,0,0,0,0
95,2651854,2478,0,0,0,0,0
95,2662062,1915,0,0,0,0,0
95,2724458,1963,0,0,0,0,0
95,2637994,1915,0,0,0,0,0
95,2705602,1908,0,0,0,0,0
95,2626300,1914,0,0,0,0,0
95,2635240,2072,0,0,0,0,0
95,2638902,1931,0,0,0,0,0
95,2628805,1954,0,0,0,0,0
95,2633605,1887,0,0,0,0,0
95,2624508,2009,0,0,0,0,0
95,2660231,1898,0,0,0,0,0
95,2656062,1918,0,0,0,0,0
95,2637451,1912,0,0,0,0,0
95,2654056,1996,0,0,0,0,0
95,2669855,2095,0,0,0,0,0
95,2622701,1905,0,0,0,0,0
95,2660860,1996,0,0,0,0,0
95,2646002,1894,0,0,0,0,0
95,2625666,1951,0,0,0,0,0
96,2700154,2069,0,0,0,0,0
96,2696783,1960,0,0,0,0,0
96,2687115,1882,0,0,0,0,0
96,2700049,1983,0,0,0,0,0
96,2697107,2035,0,0,0,0,0
96,2701007,1989,0,0,0,0,0
96,2693624,1946,0,0,0,0,0
96,2686958,1950,0,0,0,0,0
96,2681996,1900,0,0,0,0,0
96,2702164,1966,0,0,0,0,0
96,2720447,1904,0,0,0,0,0
96,2736667,1997,0,0,0,0,0
96,2657776,1888,0,0,0,0,0
96,2662604,1851,0,0,0,0,0
96,2652979,1858,0,0,0,0,0
96,2679634,1902,0,0,0,0,0
96,2660346,1846,0,0,0,0,0
96,2645546,1969,0,0,0,0,0
96,2681968,2031,0,0,0,0,0
96,2673226,1966,0,0,0,0,0
97,2677020,2218,0,0,0,0,0
97,2688233,1966,0,0,0,0,0
97,2728553,1878,0,0,0,0,0
97,2786360,1936,0,0,0,0,0
97,2717600,1857,0,0,0,0,0
97,2723247,1866,0,0,0,0,0
97,2693455,2012,0,0,0,0,0
97,2729669,1973,0,0,0,0,0
97,2677664,1950,0,0,0,0,0
97,2695259,1964,0,0,0,0,0
97,2682268,1925,0,0,0,0,0
97,2721157,1987,0,0,0,0,0
97,2685640,2009,0,0,0,0,0
97,2737841,1965,0,0,0,0,0
97,2715131,1885,0,0,0,0,0
97,2788546,1923,0,0,0,0,0
97,2686575,1927,0,0,0,0,0
97,2667123,1969,0,0,0,0,0
97,2673334,1994,0,0,0,0,0
97,2677320,2002,0,0,0,0,0
98,2761399,2223,0,0,0,0,0
98,2748505,2010,0,0,0,0,0
98,2753120,1973,0,0,0,0,0
98,2722924,1879,0,0,0,0,0
98,2719301,1912,0,0,0,0,0
98,2716055,1862,0,0,0,0,0
98,2719779,1869,0,0,0,0,0
98,2730297,1944,0,0,0,0,0
98,2718215,1889,0,0,0,0,0
98,2817930,1945,0,0,0,0,0
98,2756567,1832,0,0,0,0,0
98,2762113,1855,0,0,0,0,0
98,2727977,1891,0,0,0,0,0
98,2751465,1892,0,0,0,0,0
98,2728206,1954,0,0,0,0,0
98,2726180,1893,0,0,0,0,0
98,2749173,1902,0,0,0,0,0
98,2741606,1944,0,0,0,0,0
98,2752670,1936,0,0,0,0,0
98,2745361,1964,0,0,0,0,0
99,2730519,2250,0,0,0,0,0
99,2774087,1950,0,0,0,0,0
99,2779995,2054,0,0,0,0,0
99,2759626,1946,0,0,0,0,0
99,2770323,2038,0,0,0,0,0
99,2752964,1930,0,0,0,0,0
99,2750332,1945,0,0,0,0,0
99,2762191,1921,0,0,0,0,0
99,2765667,1937,0,0,0,0,0
99,2758106,1967,0,0,0,0,0
99,2747501,2012,0,0,0,0,0
99,2740054,1860,0,0,0,0,0
99,2736971,1905,0,0,0,0,0
99,2742411,1908,0,0,0,0,0
99,2767870,1992,0,0,0,0,0
99,2738840,1975,0,0,0,0,0
99,2779455,1999,0,0,0,0,0
99,2763790,1971,0,0,0,0,0
99,2755772,1936,0,0,0,0,0
99,2758868,1926,0,0,0,0,0
100,2778746,2698,0,0,0,0,0
100,2804235,1913,0,0,0,0,0
100,2807718,1841,0,0,0,0,0
100,2814323,1925,0,0,0,0,0
100,2798585,1894,0,0,0,0,0
100,2785339,1897,0,0,0,0,0
100,2772593,1895,0,0,0,0,0
100,2775370,1966,0,0,0,0,0
100,2771307,1973,0,0,0,0,0
100,2805897,1913,0,0,0,0,0
100,2799021,1854,0,0,0,0,0
100,2792256,1870,0,0,0,0,0
100,2792681,1895,0,0,0,0,0
100,2769588,1849,0,0,0,0,0
100,2803721,1907,0,0,0,0,0
100,2778051,1902,0,0,0,0,0
100,2778566,1911,0,0,0,0,0
100,2771852,1956,0,0,0,0,0
100,2765442,1922,0,0,0,0,0
100,2768688,1845,0,0,0,0,0

Raw Storage Info
========
Storage: Bounties BountyApprovals (r:1 w:1)
Storage: Bounties Bounties (r:1 w:1)
Storage: System Account (r:2 w:2)

Median Slopes Analysis
========
-- Extrinsic Time --

Model:
Time ~=        0
    + b    27.72
              µs

Reads = 1 + (3 * b)
Writes = 1 + (3 * b)

Min Squares Analysis
========
-- Extrinsic Time --

Data points distribution:
    b   mean µs  sigma µs       %
    1     41.88     0.103    0.2%
    2      67.4     0.265    0.3%
    3     94.79     0.279    0.2%
    4     121.7     0.227    0.1%
    5     148.3      0.26    0.1%
    6     174.5     0.259    0.1%
    7     200.2     0.328    0.1%
    8     227.5     0.391    0.1%
    9     256.1      0.33    0.1%
   10       285     0.472    0.1%
   11     308.1     0.506    0.1%
   12     335.3     0.722    0.2%
   13     363.4     0.506    0.1%
   14     392.5     0.529    0.1%
   15     415.8     0.608    0.1%
   16     441.5     0.621    0.1%
   17     470.3     0.955    0.2%
   18       498     1.378    0.2%
   19     524.1     1.585    0.3%
   20     549.4      0.66    0.1%
   21     578.1      1.89    0.3%
   22     608.8     9.309    1.5%
   23       627     1.025    0.1%
   24       656     2.648    0.4%
   25     688.1     0.927    0.1%
   26     712.1     1.547    0.2%
   27     730.3     1.385    0.1%
   28     764.4     2.495    0.3%
   29     792.7     1.254    0.1%
   30     816.2     1.249    0.1%
   31     852.3     7.672    0.9%
   32     873.3     1.989    0.2%
   33     902.3     1.485    0.1%
   34     924.1      2.26    0.2%
   35     964.2     9.148    0.9%
   36     992.9     1.795    0.1%
   37      1015     4.223    0.4%
   38      1049     4.918    0.4%
   39      1067     2.979    0.2%
   40      1096     1.765    0.1%
   41      1126     7.367    0.6%
   42      1151     11.46    0.9%
   43      1184     5.799    0.4%
   44      1205     4.494    0.3%
   45      1239     5.267    0.4%
   46      1265      2.25    0.1%
   47      1281     1.381    0.1%
   48      1327     13.62    1.0%
   49      1348     1.793    0.1%
   50      1366     2.977    0.2%
   51      1411     5.746    0.4%
   52      1427     2.695    0.1%
   53      1473     13.65    0.9%
   54      1495     5.046    0.3%
   55      1520     13.89    0.9%
   56      1533     1.762    0.1%
   57      1573     3.127    0.1%
   58      1603     4.937    0.3%
   59      1615     5.741    0.3%
   60      1655     11.81    0.7%
   61      1680     7.794    0.4%
   62      1719     8.544    0.4%
   63      1723     11.53    0.6%
   64      1768     3.172    0.1%
   65      1790     8.313    0.4%
   66      1827     12.04    0.6%
   67      1862     15.95    0.8%
   68      1881     11.51    0.6%
   69      1898     10.36    0.5%
   70      1927     4.652    0.2%
   71      1941     4.032    0.2%
   72      1981     6.464    0.3%
   73      2008     6.303    0.3%
   74      2054     10.74    0.5%
   75      2083     10.23    0.4%
   76      2100     8.131    0.3%
   77      2147     11.83    0.5%
   78      2171     10.56    0.4%
   79      2194     8.588    0.3%
   80      2211     4.682    0.2%
   81      2243     11.19    0.4%
   82      2281     12.18    0.5%
   83      2297     6.111    0.2%
   84      2320     11.36    0.4%
   85      2375     10.96    0.4%
   86      2397     5.873    0.2%
   87      2436     12.71    0.5%
   88      2450     10.82    0.4%
   89      2471     7.694    0.3%
   90      2514     3.954    0.1%
   91      2540     10.37    0.4%
   92      2591     15.68    0.6%
   93      2596     9.844    0.3%
   94      2626     11.25    0.4%
   95      2645     9.233    0.3%
   96      2687     8.361    0.3%
   97      2700     15.56    0.5%
   98      2740     10.23    0.3%
   99      2757     5.567    0.2%
  100      2785     9.317    0.3%

Quality and confidence:
param     error
b         0.015

Model:
Time ~=        0
    + b    27.83
              µs

Reads = 1 + (3 * b)
Writes = 1 + (3 * b)

